6.2800	-0.0451	0.0000	10.5791	0.0000	6.4683	8.0304
6.2800	0.0066	0.0000	71.2716	0.0000	6.4288	8.0722
6.2800	0.1361	0.0000	100.4903	0.0000	6.2862	8.1151
6.2800	0.0206	0.0000	78.1393	0.0000	6.4103	8.1592
6.2800	-0.0064	0.0000	30.5166	0.0000	6.4252	8.2026
6.2800	0.2106	0.0000	80.7150	0.0000	6.2023	8.2451
6.2800	-0.0161	0.0000	-13.1343	0.0000	6.4155	8.2908
6.2800	0.0716	0.0000	30.5860	0.0000	6.3337	8.3330
6.2800	-0.0688	0.0000	-20.2577	0.0000	6.4751	8.3763
6.2800	0.0406	0.0000	15.1561	0.0000	6.3615	8.4193
6.2800	0.2911	0.0000	120.9144	0.0000	6.1107	8.4626
6.2800	0.1839	0.0000	67.4303	0.0000	6.2174	8.5059
6.2800	0.1835	0.0000	86.4232	0.0000	6.2182	8.5489
6.2800	0.3179	0.0000	153.4851	0.0000	6.0790	8.5930
6.2800	0.2150	0.0000	121.1214	0.0000	6.1770	8.6355
6.2800	0.3339	0.0000	123.7990	0.0000	6.0559	8.6796
6.2800	0.1762	0.0000	102.0289	0.0000	6.2112	8.7230
6.2800	0.2087	0.0000	34.8121	0.0000	6.1567	8.7663
6.2800	0.0616	0.0000	25.7363	0.0000	6.3362	8.8089
6.2800	-0.0895	0.0000	23.9026	0.0000	6.5007	8.8534
6.2800	0.1844	0.0000	23.8165	0.0000	6.1633	8.8963
6.2800	0.4606	0.0000	205.4051	0.0000	5.9507	8.9385
6.2800	0.0335	0.0000	11.5787	0.0000	6.3755	8.9818
6.2800	0.0926	0.0000	41.0267	0.0000	6.3192	9.0252
6.2800	0.0862	0.0000	57.0290	0.0000	6.3158	9.0689
6.2800	0.1041	0.0000	65.9679	0.0000	6.2961	9.1130
6.2800	0.1452	0.0000	105.6306	0.0000	6.2601	9.1548
6.2800	0.0171	0.0000	-34.8695	0.0000	6.3833	9.1993
6.2800	0.1231	0.0000	56.3669	0.0000	6.2761	9.2419
6.2800	0.1711	0.0000	61.2448	0.0000	6.2289	9.2860
6.2800	0.1096	0.0000	30.5407	0.0000	6.2941	9.3281
6.2800	0.0032	0.0000	-3.2058	0.0000	6.4006	9.3722
6.2800	0.2610	0.0000	125.0768	0.0000	6.1503	9.4144
6.2800	0.1849	0.0000	68.2390	0.0000	6.2234	9.4578
6.2800	0.0719	0.0000	30.7676	0.0000	6.3278	9.5019
6.2800	0.1099	0.0000	49.7056	0.0000	6.2926	9.5448
6.2800	-0.0886	0.0000	-10.9760	0.0000	6.4902	9.5889
6.2800	0.0107	0.0000	57.7547	0.0000	6.3890	9.6326
6.2800	0.2544	0.0000	121.8016	0.0000	6.1467	9.6756
6.2800	0.0083	0.0000	-0.8801	0.0000	6.3903	9.7193
6.2800	-0.0594	0.0000	-34.6843	0.0000	6.4557	9.7619
6.2800	0.1104	0.0000	88.3162	0.0000	6.2879	9.8048
6.2800	0.3595	0.0000	109.1105	0.0000	5.9960	9.8474
6.2800	0.2120	0.0000	138.9425	0.0000	6.2009	9.8907
6.2800	0.0484	0.0000	38.0777	0.0000	6.3719	9.9341
6.2800	0.0212	0.0000	62.8089	0.0000	6.4016	9.9774
6.2800	-0.0668	0.0000	18.9489	0.0000	6.4885	10.0211
6.2800	0.0326	0.0000	84.0468	0.0000	6.4804	10.0652
6.2800	0.0933	0.0000	22.1635	0.0000	6.3278	10.1074
6.2800	-0.0289	0.0000	-0.4245	0.0000	6.4432	10.1511
6.2800	0.1995	0.0000	75.1242	0.0000	6.2195	10.1941
6.2800	0.0651	0.0000	65.6171	0.0000	6.3531	10.2374
6.2800	0.0308	0.0000	29.3596	0.0000	6.3803	10.2811
6.2800	0.1017	0.0000	118.1080	0.0000	6.4741	10.3248
6.2800	0.1225	0.0000	94.8411	0.0000	6.2891	10.3670
6.2800	0.1230	0.0000	37.3301	0.0000	6.2926	10.4100
6.2800	-0.0063	0.0000	-8.2460	0.0000	6.4132	10.4541
6.2800	-0.0068	0.0000	30.3722	0.0000	6.4117	10.4974
6.2800	0.1782	0.0000	141.1967	0.0000	6.2327	10.5396
6.2800	0.1357	0.0000	100.8332	0.0000	6.2787	10.5829
6.2800	0.0676	0.0000	101.3087	0.0000	6.3627	10.6270
6.2800	-0.0473	0.0000	-47.9199	0.0000	6.4604	10.6700
6.2800	0.1639	0.0000	38.2328	0.0000	6.2535	10.7126
6.2800	0.1634	0.0000	38.6234	0.0000	6.2527	10.7563
6.2800	0.0717	0.0000	49.8154	0.0000	6.3343	10.7996
6.2800	0.1199	0.0000	54.6785	0.0000	6.2888	10.8429
6.2800	0.0057	0.0000	36.0047	0.0000	6.4037	10.8867
6.2800	0.0769	0.0000	105.8874	0.0000	6.3560	10.9300
6.2800	0.1735	0.0000	62.1850	0.0000	6.2452	10.9729
6.2800	0.0869	0.0000	76.5328	0.0000	6.3321	11.0170
6.2800	0.1873	0.0000	88.5491	0.0000	6.2308	11.0592
6.2800	0.2682	0.0000	71.0917	0.0000	6.1489	11.1030
6.2800	0.1105	0.0000	30.7580	0.0000	6.3037	11.1459
6.2800	0.0224	0.0000	63.4372	0.0000	6.3899	11.1896
6.2800	0.1006	0.0000	64.3331	0.0000	6.3209	11.2326
6.2800	0.1506	0.0000	69.9018	0.0000	6.2658	11.2755
6.2800	0.2649	0.0000	89.2502	0.0000	6.1482	11.3196
6.2800	-0.2557	0.0000	-113.0216	0.0000	6.6559	11.3633
6.2800	0.2217	0.0000	144.3703	0.0000	6.1792	11.4063
6.2800	0.1762	0.0000	101.7055	0.0000	6.2249	11.4500
6.2800	0.0497	0.0000	20.0817	0.0000	6.3447	11.4930
6.2800	0.2714	0.0000	91.9760	0.0000	6.1246	11.5352
6.2800	0.2120	0.0000	100.9106	0.0000	6.1871	11.5785
6.2800	0.1779	0.0000	121.9329	0.0000	6.2241	11.6218
6.2800	0.0522	0.0000	78.3711	0.0000	6.3433	11.6659
6.2800	0.0629	0.0000	7.1523	0.0000	6.3306	11.7100
6.2800	-0.0999	0.0000	17.7840	0.0000	6.5730	11.7541
6.2800	0.0432	0.0000	16.9273	0.0000	6.3392	11.7975
6.2800	0.1666	0.0000	116.4131	0.0000	6.2205	11.8400
6.2800	0.0126	0.0000	1.6203	0.0000	6.3791	11.8826
6.2800	0.1944	0.0000	111.0358	0.0000	6.2044	11.9263
6.2800	0.2019	0.0000	76.9042	0.0000	6.2050	11.9689
6.2800	0.2686	0.0000	71.2835	0.0000	6.1492	12.0099
6.2800	0.1978	0.0000	131.2428	0.0000	6.2249	12.0536
6.2800	0.1248	0.0000	57.3633	0.0000	6.2947	12.0974
6.2800	0.1498	0.0000	50.6909	0.0000	6.2656	12.1418
6.2800	0.0225	0.0000	63.5788	0.0000	6.3867	12.1859
6.2800	0.2330	0.0000	149.8969	0.0000	6.1833	12.2277
6.2800	0.2261	0.0000	69.2698	0.0000	6.1895	12.2711
6.2800	-0.0837	0.0000	-85.2249	0.0000	6.4923	12.3152
6.2800	0.1611	0.0000	56.0287	0.0000	6.2493	12.3593
6.2800	0.2026	0.0000	38.9926	0.0000	6.2119	12.3999
6.2800	0.2511	0.0000	139.8145	0.0000	6.1641	12.4444
6.2800	0.0464	0.0000	37.4151	0.0000	6.3574	12.4870
6.2800	0.1101	0.0000	88.7178	0.0000	6.2992	12.5296
6.2800	-0.0009	0.0000	67.5485	0.0000	6.5002	12.5725
6.2800	0.2016	0.0000	95.7167	0.0000	6.2011	12.6147
6.2800	0.0482	0.0000	76.4064	0.0000	6.3504	12.6588
6.2800	0.2935	0.0000	141.2560	0.0000	6.1157	12.7017
6.2800	-0.1106	0.0000	-60.2232	0.0000	6.5069	12.7466
6.2800	-0.0662	0.0000	19.4214	0.0000	6.4593	12.7896
6.2800	0.0731	0.0000	88.8692	0.0000	6.3246	12.8321
6.2800	0.1531	0.0000	71.2696	0.0000	6.2457	12.8751
6.2800	0.2904	0.0000	101.3957	0.0000	6.1125	12.9196
6.2800	0.1342	0.0000	80.9491	0.0000	6.2755	12.9618
6.2800	0.0377	0.0000	13.6658	0.0000	6.3723	13.0055
6.2800	0.1279	0.0000	77.8307	0.0000	6.2819	13.0480
6.2800	0.1392	0.0000	102.5863	0.0000	6.2692	13.0918
6.2800	0.0745	0.0000	12.7426	0.0000	6.3325	13.1355
6.2800	0.3751	0.0000	124.4353	0.0000	6.0367	13.1784
6.2800	0.2488	0.0000	54.5800	0.0000	6.1106	13.2218
6.2800	0.1280	0.0000	39.5320	0.0000	6.2817	13.2647
6.2800	0.2264	0.0000	88.5687	0.0000	6.1911	13.3080
6.2800	-0.0151	0.0000	-12.7344	0.0000	6.4299	13.3522
6.2800	0.0644	0.0000	7.8026	0.0000	6.3430	13.3951
6.2800	0.1230	0.0000	56.1917	0.0000	6.2864	13.4392
6.2800	0.2413	0.0000	134.5269	0.0000	6.1719	13.4818
6.2800	0.1912	0.0000	71.0224	0.0000	6.2249	13.5247
6.2800	0.3106	0.0000	111.4336	0.0000	6.1023	13.5684
6.2800	-0.0896	0.0000	23.8384	0.0000	6.5121	13.6122
6.2800	0.0041	0.0000	55.0709	0.0000	6.4082	13.6547
6.2800	0.0907	0.0000	97.5404	0.0000	6.3208	13.6977
6.2800	0.0024	0.0000	53.5363	0.0000	6.4085	13.7410
6.2800	0.2514	0.0000	81.8807	0.0000	6.1595	13.7840
6.2800	0.0746	0.0000	12.8726	0.0000	6.3357	13.8281
6.2800	0.0369	0.0000	-5.8609	0.0000	6.3682	13.8718
6.2800	0.2355	0.0000	112.3203	0.0000	6.1700	13.9140
6.2800	0.2378	0.0000	55.9465	0.0000	6.1752	13.9569
6.2800	0.0601	0.0000	82.2724	0.0000	6.3535	14.0018
6.2800	0.1410	0.0000	46.1200	0.0000	6.2744	14.0455
6.2800	0.3271	0.0000	119.6122	0.0000	6.0952	14.0873
6.2800	0.2627	0.0000	144.9379	0.0000	6.1653	14.1295
6.2800	0.0290	0.0000	82.2906	0.0000	6.4124	14.1740
6.2800	0.0729	0.0000	68.9250	0.0000	6.3553	14.2169
6.2800	0.0299	0.0000	28.7750	0.0000	6.4016	14.2603
6.2800	0.0845	0.0000	75.2103	0.0000	6.3405	14.3044
6.2800	0.1764	0.0000	63.5940	0.0000	6.2460	14.3473
6.2800	0.1770	0.0000	44.7459	0.0000	6.2452	14.3895
6.2800	0.1893	0.0000	108.3699	0.0000	6.2326	14.4340
6.2800	0.0872	0.0000	76.6380	0.0000	6.3356	14.4769
6.2800	-0.0815	0.0000	27.8385	0.0000	6.5055	14.5214
6.2800	0.0058	0.0000	55.9973	0.0000	6.3936	14.5648
6.2800	0.2747	0.0000	67.3016	0.0000	6.0011	14.6066
6.2800	0.2652	0.0000	108.4354	0.0000	6.1479	14.6507
6.2800	-0.0172	0.0000	5.9374	0.0000	6.4190	14.6940
6.2800	0.0416	0.0000	-3.0814	0.0000	6.3523	14.7373
6.2800	-0.0748	0.0000	15.1338	0.0000	6.4703	14.7814
6.2800	-0.0155	0.0000	6.3528	0.0000	6.4138	14.8244
6.2800	0.1081	0.0000	68.0025	0.0000	6.2873	14.8677
6.2800	-0.0601	0.0000	-34.9853	0.0000	6.4452	14.9122
6.2800	0.3698	0.0000	121.9455	0.0000	6.0163	14.9548
6.2800	0.3863	0.0000	149.2684	0.0000	6.0075	14.9970
6.2800	0.0645	0.0000	-11.1954	0.0000	6.3266	15.0411
6.2800	-0.0846	0.0000	-8.9144	0.0000	6.4817	15.0844
6.2800	0.3057	0.0000	147.3612	0.0000	6.0974	15.1270
6.2800	0.0702	0.0000	68.2988	0.0000	6.3215	15.1722
6.2800	0.3217	0.0000	155.3774	0.0000	6.0787	15.2133
6.2800	0.2249	0.0000	68.6341	0.0000	6.1925	15.2558
6.2800	-0.0204	0.0000	42.1353	0.0000	6.4251	15.2999
6.2800	-0.0426	0.0000	45.9935	0.0000	6.4485	15.3448
6.2800	0.3439	0.0000	108.9375	0.0000	6.0580	15.3870
6.2800	0.1341	0.0000	61.8035	0.0000	6.2629	15.4311
6.2800	0.0341	0.0000	50.2294	0.0000	6.3651	15.4740
6.2800	0.0488	0.0000	19.2388	0.0000	6.3501	15.5174
6.2800	0.1940	0.0000	110.6403	0.0000	6.2043	15.5599
6.2800	0.1489	0.0000	126.5623	0.0000	6.2508	15.6033
6.2800	0.0156	0.0000	60.8678	0.0000	6.3831	15.6470
6.2800	-0.0675	0.0000	34.7497	0.0000	6.5542	15.6911
6.2800	0.0343	0.0000	83.8901	0.0000	6.5777	15.7344
6.2800	0.2020	0.0000	95.6657	0.0000	6.1967	15.7758
6.2800	0.0761	0.0000	52.0314	0.0000	6.3252	15.8196
6.2800	0.0375	0.0000	86.4906	0.0000	6.5337	15.8640
6.2800	0.0420	0.0000	34.9916	0.0000	6.3596	15.9062
6.2800	0.3718	0.0000	122.8197	0.0000	6.0300	15.9492
6.2800	0.2795	0.0000	95.9634	0.0000	6.1218	15.9921
6.2800	0.0643	0.0000	65.3136	0.0000	6.3329	16.0362
6.2800	0.0789	0.0000	34.2981	0.0000	6.3170	16.0796
6.2800	0.1794	0.0000	156.3693	0.0000	6.3228	16.1225
6.2800	0.2743	0.0000	131.6461	0.0000	6.1358	16.1651
6.2800	0.2685	0.0000	109.5548	0.0000	6.1516	16.2080
6.2800	0.1215	0.0000	36.1838	0.0000	6.3041	16.2518
6.2800	0.1603	0.0000	36.3917	0.0000	6.2611	16.2947
6.2800	0.2943	0.0000	103.2068	0.0000	6.1305	16.3373
6.2800	0.2048	0.0000	154.2852	0.0000	6.2195	16.3818
6.2800	-0.0937	0.0000	21.8237	0.0000	6.5187	16.4263
6.2800	-0.0161	0.0000	5.9799	0.0000	6.4270	16.4684
6.2800	0.2594	0.0000	124.1891	0.0000	6.1591	16.5118
6.2800	-0.0239	0.0000	-17.0718	0.0000	6.4370	16.5559
6.2800	0.1443	0.0000	9.3468	0.0000	6.2672	16.5992
6.2800	0.0581	0.0000	23.8982	0.0000	6.3490	16.6425
6.2800	0.1272	0.0000	58.5343	0.0000	6.2878	16.6855
6.2800	0.0306	0.0000	66.8274	0.0000	6.3822	16.7296
6.2800	0.0985	0.0000	81.8453	0.0000	6.3048	16.7725
6.2800	0.1170	0.0000	72.1986	0.0000	6.2897	16.8147
6.2800	0.1279	0.0000	20.2860	0.0000	6.2860	16.8577
6.2800	0.1138	0.0000	89.9257	0.0000	6.3002	16.9010
6.2800	-0.0776	0.0000	13.6272	0.0000	6.4923	16.9451
6.2800	0.2171	0.0000	83.9129	0.0000	6.2020	16.9877
6.2800	0.0621	0.0000	6.6215	0.0000	6.3529	17.0310
6.2800	0.0183	0.0000	23.1667	0.0000	6.3892	17.0755
6.2800	0.2688	0.0000	109.7756	0.0000	6.1404	17.1177
6.2800	0.3454	0.0000	147.8872	0.0000	6.0718	17.1595
6.2800	0.1810	0.0000	65.9645	0.0000	6.2323	17.2036
6.2800	0.1870	0.0000	126.9847	0.0000	6.2258	17.2488
6.2800	0.0361	0.0000	50.6511	0.0000	6.3829	17.2918
6.2800	0.2124	0.0000	100.7150	0.0000	6.2073	17.3344
6.2800	0.1354	0.0000	42.8289	0.0000	6.2820	17.3781
6.2800	0.3792	0.0000	145.5907	0.0000	6.0397	17.4195
6.2800	0.0297	0.0000	-53.3544	0.0000	6.3602	17.4644
6.2800	0.2057	0.0000	116.5616	0.0000	6.2098	17.5073
6.2800	0.0407	0.0000	71.8310	0.0000	6.3738	17.5507
6.2800	-0.0027	0.0000	-6.4744	0.0000	6.4125	17.5944
6.2800	-0.0269	0.0000	54.7313	0.0000	6.6788	17.6392
6.2800	0.0644	0.0000	27.1463	0.0000	6.3318	17.6810
6.2800	0.1565	0.0000	35.2882	0.0000	6.2411	17.7228
6.2800	0.0206	0.0000	63.3884	0.0000	6.3774	17.7689
6.2800	0.1148	0.0000	33.1681	0.0000	6.2787	17.8107
6.2800	0.1380	0.0000	101.5740	0.0000	6.2565	17.8540
6.2800	0.0605	0.0000	82.5125	0.0000	6.3384	17.8970
6.2800	0.2001	0.0000	75.7075	0.0000	6.1995	17.9395
6.2800	0.0741	0.0000	-25.5549	0.0000	6.3169	17.9836
6.2800	0.0052	0.0000	16.7623	0.0000	6.3820	18.0277
6.2800	0.0976	0.0000	24.4941	0.0000	6.2880	18.0707
6.2800	0.1628	0.0000	17.6615	0.0000	6.2237	18.1129
6.2800	0.2157	0.0000	83.3802	0.0000	6.1718	18.1562
6.2800	0.1875	0.0000	69.2529	0.0000	6.2107	18.1988
6.2800	0.0516	0.0000	93.4356	0.0000	6.4444	18.2429
6.2800	0.0695	0.0000	102.2239	0.0000	6.3609	18.2854
6.2800	0.2115	0.0000	138.6329	0.0000	6.2057	18.3288
6.2800	-0.0698	0.0000	17.4926	0.0000	6.4882	18.3729
6.2800	-0.1174	0.0000	-24.8258	0.0000	6.5304	18.4154
6.2800	0.2470	0.0000	60.5601	0.0000	6.1648	18.4588
6.2800	0.2989	0.0000	143.9019	0.0000	6.1148	18.5013
6.2800	0.2317	0.0000	110.3305	0.0000	6.1878	18.5447
6.2800	0.0085	0.0000	56.5419	0.0000	6.4048	18.5884
6.2800	0.0395	0.0000	72.0175	0.0000	6.3708	18.6317
6.2800	0.4145	0.0000	182.9634	0.0000	6.0025	18.6735
6.2800	0.2183	0.0000	65.9796	0.0000	6.1967	18.7165
6.2800	-0.0660	0.0000	0.9122	0.0000	6.4784	18.7606
6.2800	0.1873	0.0000	127.2329	0.0000	6.2224	18.8039
6.2800	0.0573	0.0000	24.0862	0.0000	6.3513	18.8457
6.2800	0.3686	0.0000	122.1228	0.0000	6.0395	18.8891
6.2800	0.1771	0.0000	83.2014	0.0000	6.2309	18.9324
6.2800	0.0260	0.0000	7.8789	0.0000	6.3765	18.9773
6.2800	0.1969	0.0000	93.4435	0.0000	6.2053	19.0198
6.2800	-0.0501	0.0000	-30.0605	0.0000	6.4502	19.0616
6.2800	0.0508	0.0000	58.5390	0.0000	6.3476	19.1057
6.2800	0.2269	0.0000	88.7856	0.0000	6.1704	19.1487
6.2800	0.3686	0.0000	140.4129	0.0000	6.0325	19.1920
6.2800	0.1771	0.0000	64.0211	0.0000	6.2333	19.2354
6.2800	0.2501	0.0000	81.2457	0.0000	6.1627	19.2775
6.2800	0.2477	0.0000	80.0683	0.0000	6.1642	19.3209
6.2800	0.0286	0.0000	82.0981	0.0000	6.3916	19.3661
6.2800	0.2857	0.0000	99.6553	0.0000	6.1215	19.4083
6.2800	0.3035	0.0000	127.3861	0.0000	6.1089	19.4513
6.2800	0.0223	0.0000	63.4814	0.0000	6.3840	19.4954
6.2800	0.1731	0.0000	153.2672	0.0000	6.2568	19.5387
6.2800	0.1274	0.0000	77.3298	0.0000	6.2839	19.5816
6.2800	0.2378	0.0000	151.7103	0.0000	6.1794	19.6246
6.2800	0.1716	0.0000	42.0819	0.0000	6.2424	19.6679
6.2800	0.1169	0.0000	92.0350	0.0000	6.2938	19.7113
6.2800	0.1739	0.0000	153.6702	0.0000	6.3333	19.7546
6.2800	0.1109	0.0000	50.4091	0.0000	6.3007	19.7976
6.2800	0.0588	0.0000	82.3425	0.0000	6.3544	19.8409
6.2800	0.2865	0.0000	118.5827	0.0000	6.1279	19.8831
6.2800	0.0949	0.0000	114.7389	0.0000	6.4143	19.9276
6.2800	0.2665	0.0000	63.2645	0.0000	6.0988	19.9694
6.2800	0.1060	0.0000	120.2188	0.0000	6.3964	20.0142
6.2800	0.0243	0.0000	-12.1921	0.0000	6.3847	20.0572
6.2800	0.2608	0.0000	124.9261	0.0000	6.1497	20.1005
6.2800	0.0635	0.0000	26.5610	0.0000	6.3415	20.1450
6.2800	-0.0316	0.0000	-1.7329	0.0000	6.4370	20.1880
6.2800	0.2142	0.0000	63.3620	0.0000	6.1933	20.2301
6.2800	0.3712	0.0000	114.8737	0.0000	5.9959	20.2735
6.2800	0.0503	0.0000	39.0513	0.0000	6.3663	20.3180
6.2800	0.1292	0.0000	40.4290	0.0000	6.2866	20.3609
6.2800	0.3502	0.0000	169.3871	0.0000	6.0790	20.4031
6.2800	0.2351	0.0000	92.8192	0.0000	6.1971	20.4457
6.2800	0.1148	0.0000	124.5513	0.0000	6.3312	20.4898
6.2800	0.0566	0.0000	42.1332	0.0000	6.3750	20.5323
6.2800	0.1110	0.0000	-13.2960	0.0000	6.2932	20.5764
6.2800	0.0478	0.0000	18.6459	0.0000	6.3733	20.6205
6.2800	0.2361	0.0000	112.5298	0.0000	6.1823	20.6627
6.2800	0.1235	0.0000	113.8636	0.0000	6.2976	20.7072
6.2800	0.0435	0.0000	-2.3322	0.0000	6.3780	20.7505
6.2800	0.2504	0.0000	100.6818	0.0000	6.1658	20.7943
6.2800	0.1382	0.0000	44.9830	0.0000	6.2679	20.8376
6.2800	0.2238	0.0000	87.3678	0.0000	6.1783	20.8813
6.2800	0.0530	0.0000	40.8897	0.0000	6.3545	20.9239
6.2800	0.2624	0.0000	106.6912	0.0000	6.1477	20.9672
6.2800	-0.0141	0.0000	26.1950	0.0000	6.4129	21.0117
6.2800	0.0794	0.0000	53.7107	0.0000	6.3188	21.0539
6.2800	0.0263	0.0000	8.0524	0.0000	6.3677	21.0972
6.2800	0.2280	0.0000	70.3271	0.0000	6.1700	21.1394
6.2800	-0.0428	0.0000	-26.3480	0.0000	6.4309	21.1843
6.2800	-0.1514	0.0000	-23.0170	0.0000	6.5337	21.2284
6.2800	0.0883	0.0000	77.3477	0.0000	6.2965	21.2713
6.2800	0.0374	0.0000	-24.6900	0.0000	6.3536	21.3131
6.2800	0.0714	0.0000	-7.7518	0.0000	6.3239	21.3568
6.2800	0.1330	0.0000	61.2651	0.0000	6.2641	21.4013
6.2800	0.2845	0.0000	98.4816	0.0000	6.1142	21.4424
6.2800	0.3497	0.0000	130.9798	0.0000	6.0504	21.4853
6.2800	0.1520	0.0000	128.1467	0.0000	6.2596	21.5294
6.2800	-0.0693	0.0000	-0.8177	0.0000	6.4767	21.5743
6.2800	0.2037	0.0000	33.3414	0.0000	6.1434	21.6169
6.2800	0.1156	0.0000	-11.0399	0.0000	6.1574	21.6602
6.2800	0.0879	0.0000	111.2848	0.0000	6.4835	21.7039
6.2800	0.1592	0.0000	112.6236	0.0000	6.2396	21.7461
6.2800	0.0586	0.0000	24.1390	0.0000	6.3411	21.7902
6.2800	0.3543	0.0000	133.8774	0.0000	6.0491	21.8335
6.2800	0.0081	0.0000	37.2723	0.0000	6.3920	21.8765
6.2800	0.0724	0.0000	12.0131	0.0000	6.3264	21.9206
6.2800	0.1933	0.0000	162.2067	0.0000	6.3112	21.9624
6.2800	0.0353	0.0000	50.3064	0.0000	6.3682	22.0057
6.2800	0.1972	0.0000	74.2212	0.0000	6.2043	22.0483
6.2800	0.3331	0.0000	103.5211	0.0000	6.0738	22.0912
6.2800	0.0800	0.0000	53.9562	0.0000	6.3246	22.1357
6.2800	0.0811	0.0000	35.3490	0.0000	6.3216	22.1791
6.2800	-0.0479	0.0000	28.5267	0.0000	6.4453	22.2224
6.2800	-0.0068	0.0000	1.3925	0.0000	6.4092	22.2653
6.2800	-0.0503	0.0000	27.2981	0.0000	6.4487	22.3094
6.2800	0.0699	0.0000	29.7945	0.0000	6.3254	22.3524
6.2800	0.0980	0.0000	101.2833	0.0000	6.3005	22.3954
6.2800	0.1683	0.0000	97.9586	0.0000	6.2402	22.4379
6.2800	0.1586	0.0000	55.1085	0.0000	6.2590	22.4809
6.2800	0.3959	0.0000	173.0157	0.0000	6.0328	22.5234
6.2800	0.1761	0.0000	82.5777	0.0000	6.2484	22.5672
6.2800	0.1283	0.0000	20.4704	0.0000	6.2912	22.6113
6.2800	0.0264	0.0000	65.4402	0.0000	6.3951	22.6546
6.2800	-0.1177	0.0000	-44.7118	0.0000	6.5342	22.6983
6.2800	0.2576	0.0000	123.2779	0.0000	6.1573	22.7420
6.2800	0.1442	0.0000	47.5806	0.0000	6.2718	22.7846
6.2800	0.1583	0.0000	73.7660	0.0000	6.2555	22.8276
6.2800	0.1735	0.0000	100.4810	0.0000	6.2444	22.8705
6.2800	-0.0164	0.0000	-13.3172	0.0000	6.4234	22.9150
6.2800	0.1872	0.0000	69.3659	0.0000	6.2239	22.9572
6.2800	0.2609	0.0000	124.9872	0.0000	6.1573	23.0005
6.2800	0.0450	0.0000	-1.7204	0.0000	6.3661	23.0446
6.2800	0.1416	0.0000	46.6523	0.0000	6.2653	23.0872
6.2800	0.2517	0.0000	101.2035	0.0000	6.1587	23.1301
6.2800	0.3438	0.0000	109.6854	0.0000	6.0742	23.1731
6.2800	-0.0677	0.0000	34.6537	0.0000	6.4957	23.2176
6.2800	0.0133	0.0000	58.9629	0.0000	6.4008	23.2605
6.2800	0.2508	0.0000	119.8685	0.0000	6.1639	23.3035
6.2800	-0.0559	0.0000	24.4810	0.0000	6.4647	23.3487
6.2800	0.3853	0.0000	129.5551	0.0000	6.0229	23.3898
6.2800	0.3023	0.0000	126.9113	0.0000	6.1124	23.4323
6.2800	0.1401	0.0000	64.7152	0.0000	6.2727	23.4764
6.2800	0.1296	0.0000	59.4804	0.0000	6.2839	23.5198
6.2800	0.0730	0.0000	88.6844	0.0000	6.3458	23.5631
6.2800	0.1079	0.0000	67.7808	0.0000	6.3082	23.6076
6.2800	0.0832	0.0000	36.2906	0.0000	6.3349	23.6505
6.2800	0.2667	0.0000	146.7582	0.0000	6.1511	23.6935
6.2800	0.3391	0.0000	125.5938	0.0000	6.0783	23.7368
6.2800	0.1702	0.0000	98.8598	0.0000	6.2449	23.7798
6.2800	0.2721	0.0000	111.3366	0.0000	6.1492	23.8220
6.2800	0.0458	0.0000	75.1494	0.0000	6.36.2800	-0.0313	0.0000	52.5693	0.0000	6.449692	23.8668
9	23.9132
6.2800	-0.1010	0.0000	-17.5874	0.0000	6.4999	23.9539
6.2800	0.1032	0.0000	27.1899	0.0000	6.2981	23.9964
6.2800	-0.0494	0.0000	9.2273	0.0000	6.4426	24.0405
6.2800	0.2409	0.0000	96.2411	0.0000	6.1536	24.0835
6.2800	0.3464	0.0000	110.0720	0.0000	6.0502	24.1257
6.2800	0.2724	0.0000	92.4303	0.0000	6.1303	24.1690
6.2800	0.0815	0.0000	93.0223	0.0000	6.3199	24.2131
6.2800	0.2147	0.0000	64.3260	0.0000	6.1815	24.2557
6.2800	0.1730	0.0000	24.5437	0.0000	6.2163	24.2994
6.2800	-0.0484	0.0000	-28.7776	0.0000	6.4335	24.3435
6.2800	0.1946	0.0000	92.0509	0.0000	6.1925	24.3857
6.2800	0.0779	0.0000	14.6757	0.0000	6.3133	24.4306
6.2800	-0.0671	0.0000	-38.5105	0.0000	6.4568	24.4731
6.2800	0.1029	0.0000	65.3515	0.0000	6.3048	24.5161
6.2800	0.2723	0.0000	66.1245	0.0000	6.0154	24.5583
6.2800	0.2489	0.0000	176.3946	0.0000	6.1710	24.6024
6.2800	0.2191	0.0000	142.9293	0.0000	6.2043	24.6442
6.2800	-0.1233	0.0000	6.2681	0.0000	6.5523	24.6894
6.2800	-0.0579	0.0000	22.7398	0.0000	6.4635	24.7339
6.2800	0.3866	0.0000	149.9152	0.0000	6.0261	24.7742
6.2800	0.0929	0.0000	98.6485	0.0000	6.3195	24.8187
6.2800	0.0380	0.0000	33.1517	0.0000	6.3787	24.8612
6.2800	0.1795	0.0000	65.2238	0.0000	6.2299	24.9053
6.2800	0.0532	0.0000	40.7420	0.0000	6.3559	24.9490
6.2800	0.3197	0.0000	154.8619	0.0000	6.1007	24.9901
6.2800	0.0936	0.0000	22.8508	0.0000	6.3174	25.0338
6.2800	-0.0004	0.0000	33.6247	0.0000	6.4076	25.0768
6.2800	0.1702	0.0000	118.1312	0.0000	6.2413	25.1186
6.2800	0.0615	0.0000	6.3775	0.0000	6.3448	25.1627
6.2800	0.2200	0.0000	85.4688	0.0000	6.1861	25.2048
6.2800	0.0662	0.0000	86.0827	0.0000	6.3368	25.2489
6.2800	-0.0181	0.0000	24.2505	0.0000	6.4203	25.2927
6.2800	-0.0692	0.0000	17.1501	0.0000	6.4667	25.3364
6.2800	0.1444	0.0000	3.1176	0.0000	6.2146	25.3786
6.2800	0.1771	0.0000	45.5513	0.0000	6.2224	25.4219
6.2800	0.0763	0.0000	52.1307	0.0000	6.3235	25.4656
6.2800	0.1635	0.0000	76.4295	0.0000	6.2458	25.5082
6.2800	0.1420	0.0000	103.9737	0.0000	6.2691	25.5515
6.2800	0.1867	0.0000	126.2470	0.0000	6.2276	25.5945
6.2800	-0.0075	0.0000	-8.8712	0.0000	6.4149	25.6393
6.2800	0.1092	0.0000	68.5188	0.0000	6.2981	25.6823
6.2800	0.1703	0.0000	79.8157	0.0000	6.2395	25.7249
6.2800	0.0957	0.0000	23.4374	0.0000	6.3118	25.7686
6.2800	0.0825	0.0000	108.6597	0.0000	6.3447	25.8119
6.2800	0.2731	0.0000	150.2013	0.0000	6.1412	25.8545
6.2800	0.0691	0.0000	29.2602	0.0000	6.3460	25.8990
6.2800	0.1748	0.0000	101.1572	0.0000	6.2390	25.9423
6.2800	0.1834	0.0000	86.5562	0.0000	6.2296	25.9849
6.2800	0.1728	0.0000	100.1927	0.0000	6.2398	26.0278
6.2800	0.2266	0.0000	89.1583	0.0000	6.1878	26.0708
6.2800	0.0610	0.0000	82.7480	0.0000	6.3490	26.1149
6.2800	0.1163	0.0000	72.2164	0.0000	6.2949	26.1578
6.2800	0.0748	0.0000	51.7493	0.0000	6.3377	26.2012
6.2800	0.0783	0.0000	14.7440	0.0000	6.3310	26.2449
6.2800	0.0037	0.0000	69.8366	0.0000	6.6477	26.2894
6.2800	0.0646	0.0000	99.8076	0.0000	6.4397	26.3315
6.2800	0.0701	0.0000	48.9761	0.0000	6.3389	26.3753
6.2800	0.1983	0.0000	93.8055	0.0000	6.2085	26.4186
6.2800	0.1124	0.0000	70.0902	0.0000	6.2936	26.4619
6.2800	0.3235	0.0000	156.1483	0.0000	6.0880	26.5049
6.2800	0.3228	0.0000	117.5282	0.0000	6.0886	26.5467
6.2800	0.0407	0.0000	34.2950	0.0000	6.3719	26.5912
6.2800	0.0819	0.0000	35.6761	0.0000	6.3348	26.6345
6.2800	0.0574	0.0000	23.5041	0.0000	6.3617	26.6778
6.2800	0.2045	0.0000	58.4067	0.0000	6.2262	26.7200
6.2800	0.1752	0.0000	101.2429	0.0000	6.2579	26.7630
6.2800	0.2967	0.0000	104.3082	0.0000	6.1421	26.8055
6.2800	0.1783	0.0000	83.6225	0.0000	6.2555	26.8500
6.2800	-0.0141	0.0000	6.9572	0.0000	6.4314	26.8941
6.2800	0.4336	0.0000	153.3930	0.0000	5.9907	26.9375
6.2800	0.0785	0.0000	52.8784	0.0000	6.3449	26.9820
Target: 12.000
12.0000	1.2180	0.0000	600.0000	0.0000	6.4750	27.0253
12.0000	1.2180	0.0000	600.0000	0.0000	7.9539	27.0836
12.0000	1.2180	0.0000	600.0000	0.0000	10.5063	27.1603
12.0000	-0.0016	0.0000	-12.7562	0.0000	13.1575	27.2565
12.0000	-0.6425	0.0000	-349.5853	0.0000	13.5543	27.3536
12.0000	0.2174	0.0000	79.6269	0.0000	12.5539	27.4391
12.0000	0.4964	0.0000	257.4411	0.0000	12.2203	27.5231
12.0000	-0.1616	0.0000	-11.5888	0.0000	13.0169	27.6117
12.0000	-0.0942	0.0000	21.5935	0.0000	12.6374	27.6991
12.0000	0.1764	0.0000	60.9847	0.0000	12.3028	27.7831
12.0000	0.3013	0.0000	143.3107	0.0000	12.1411	27.8671
12.0000	0.3653	0.0000	174.8241	0.0000	12.0344	27.9526
12.0000	0.1732	0.0000	79.3498	0.0000	12.1773	28.0358
12.0000	0.0002	0.0000	50.7320	0.0000	12.3203	28.1209
12.0000	0.1899	0.0000	69.2061	0.0000	12.1033	28.2042
12.0000	0.1694	0.0000	78.5076	0.0000	12.1006	28.2870
12.0000	0.2572	0.0000	121.7956	0.0000	12.0023	28.3702
12.0000	0.3264	0.0000	93.8093	0.0000	11.8702	28.4546
12.0000	0.1700	0.0000	20.9911	0.0000	12.0636	28.5374
12.0000	0.1300	0.0000	39.8395	0.0000	12.0902	28.6206
12.0000	0.1425	0.0000	103.5474	0.0000	12.0741	28.7031
12.0000	0.3657	0.0000	233.6289	0.0000	11.8536	28.7859
12.0000	0.2262	0.0000	68.2380	0.0000	11.9960	28.8691
12.0000	0.1260	0.0000	37.0560	0.0000	12.0865	28.9527
12.0000	0.1822	0.0000	104.5721	0.0000	12.0233	29.0356
12.0000	-0.1075	0.0000	-2.2567	0.0000	12.3061	29.1188
12.0000	0.1171	0.0000	125.6645	0.0000	12.0969	29.2005
12.0000	0.0396	0.0000	87.5048	0.0000	12.1642	29.2837
12.0000	0.1026	0.0000	64.9870	0.0000	12.0858	29.3661
12.0000	0.3316	0.0000	159.3206	0.0000	11.8565	29.4478
12.0000	0.1787	0.0000	140.5179	0.0000	12.0132	29.5318
12.0000	-0.0665	0.0000	-31.4294	0.0000	12.2545	29.6154
12.0000	0.0103	0.0000	17.5819	0.0000	12.1679	29.6990
12.0000	0.2824	0.0000	115.7061	0.0000	11.8940	29.7799
12.0000	0.1510	0.0000	142.3620	0.0000	12.1105	29.8632
12.0000	0.0406	0.0000	14.8912	0.0000	12.1365	29.9468
12.0000	0.0619	0.0000	-12.4405	0.0000	12.1045	30.0304
12.0000	0.0781	0.0000	-24.3949	0.0000	12.0781	30.1132
12.0000	0.2192	0.0000	84.7957	0.0000	11.9287	30.1964
12.0000	0.1943	0.0000	33.8056	0.0000	11.9480	30.2792
12.0000	-0.1794	0.0000	-75.2664	0.0000	12.3064	30.3621
12.0000	0.1993	0.0000	30.1600	0.0000	11.9029	30.4445
12.0000	0.5252	0.0000	199.6214	0.0000	11.6026	30.5266
12.0000	0.1466	0.0000	10.2082	0.0000	11.9643	30.6098
12.0000	-0.2373	0.0000	-48.9162	0.0000	12.4187	30.6953
12.0000	0.0557	0.0000	95.4156	0.0000	12.2705	30.7778
12.0000	0.0901	0.0000	58.5473	0.0000	12.0133	30.8606
12.0000	0.0403	0.0000	-4.6173	0.0000	12.0678	30.9415
12.0000	0.1288	0.0000	20.9886	0.0000	11.9798	31.0255
12.0000	0.2852	0.0000	79.2015	0.0000	11.8243	31.1061
12.0000	0.0936	0.0000	114.1198	0.0000	12.1068	31.1900
12.0000	0.0443	0.0000	17.7029	0.0000	12.0679	31.2725
12.0000	0.1121	0.0000	13.1935	0.0000	11.9987	31.3538
12.0000	0.0749	0.0000	103.8952	0.0000	12.0890	31.4363
12.0000	-0.0004	0.0000	67.7944	0.0000	12.1397	31.5176
12.0000	0.3630	0.0000	156.1875	0.0000	11.7665	31.6008
12.0000	0.3475	0.0000	129.2877	0.0000	11.7830	31.6828
12.0000	0.2357	0.0000	112.4085	0.0000	11.8967	31.7661
12.0000	0.3284	0.0000	196.2980	0.0000	11.8206	31.8462
12.0000	0.1196	0.0000	111.3434	0.0000	12.0312	31.9310
12.0000	0.3187	0.0000	114.7829	0.0000	11.8383	32.0130
12.0000	0.1991	0.0000	55.1164	0.0000	11.9590	32.0962
12.0000	0.2521	0.0000	119.8079	0.0000	11.9173	32.1779
12.0000	0.0565	0.0000	40.6977	0.0000	12.1169	32.2604
12.0000	0.3442	0.0000	108.2365	0.0000	11.8255	32.3421
12.0000	0.0933	0.0000	78.4349	0.0000	12.0772	32.4257
12.0000	0.1474	0.0000	140.6296	0.0000	12.1171	32.5085
12.0000	0.0130	0.0000	19.6900	0.0000	12.1581	32.5913
12.0000	-0.0200	0.0000	41.5643	0.0000	12.1920	32.6757
12.0000	0.0982	0.0000	42.9892	0.0000	12.0693	32.7574
12.0000	-0.0296	0.0000	-39.8086	0.0000	12.1911	32.8406
12.0000	0.3084	0.0000	109.6092	0.0000	11.8563	32.9227
12.0000	0.2754	0.0000	67.6462	0.0000	11.8427	33.0040
12.0000	0.0000	0.0000	50.7940	0.0000	12.1671	33.0895
12.0000	-0.0236	0.0000	-55.9781	0.0000	12.1832	33.1727
12.0000	0.0995	0.0000	62.9172	0.0000	12.0545	33.2548
12.0000	0.0521	0.0000	-7.6592	0.0000	12.0981	33.3380
12.0000	0.2991	0.0000	143.9452	0.0000	11.8456	33.4205
12.0000	0.0294	0.0000	8.9753	0.0000	12.0989	33.5037
12.0000	0.1441	0.0000	47.0181	0.0000	11.9853	33.5865
12.0000	-0.0360	0.0000	15.1427	0.0000	12.1549	33.6697
12.0000	-0.0316	0.0000	36.1333	0.0000	12.1428	33.7529
12.0000	-0.0381	0.0000	-24.5008	0.0000	12.1393	33.8373
12.0000	0.0793	0.0000	72.3822	0.0000	12.0200	33.9198
12.0000	-0.0487	0.0000	-10.6806	0.0000	12.1516	34.0022
12.0000	-0.0575	0.0000	4.1006	0.0000	12.1601	34.0847
12.0000	0.0369	0.0000	86.1537	0.0000	12.0801	34.1675
12.0000	0.1599	0.0000	55.0380	0.0000	11.9446	34.2507
12.0000	0.0422	0.0000	15.5585	0.0000	12.0649	34.3336
12.0000	0.0503	0.0000	58.7233	0.0000	12.0511	34.4152
12.0000	0.3682	0.0000	140.0661	0.0000	11.7374	34.4973
12.0000	0.2655	0.0000	146.6482	0.0000	11.8514	34.5790
12.0000	0.1417	0.0000	65.0666	0.0000	11.9762	34.6630
12.0000	0.3038	0.0000	81.6672	0.0000	11.7694	34.7443
12.0000	0.1005	0.0000	44.4961	0.0000	12.0215	34.8275
12.0000	0.0960	0.2	0.0000	12.12.0000	0.2717	0.0000	91.4654	0.0000	11.860335	34.9115
0000	80.50747	34.9936
12.0000	0.1561	0.0000	52.8983	0.0000	11.9904	35.0756
12.0000	0.2130	0.0000	62.6885	0.0000	11.9439	35.1581
12.0000	0.0981	0.0000	100.5148	0.0000	12.0623	35.2398
12.0000	-0.1130	0.0000	12.3224	0.0000	12.2771	35.3237
12.0000	0.2848	0.0000	98.1475	0.0000	11.8797	35.4058
12.0000	-0.0171	0.0000	5.4612	0.0000	12.1772	35.4894
12.0000	0.0691	0.0000	29.1118	0.0000	12.0940	35.5711
12.0000	0.2458	0.0000	174.3229	0.0000	11.9212	35.6528
12.0000	0.2330	0.0000	71.9724	0.0000	11.9341	35.7364
12.0000	0.2797	0.0000	152.7406	0.0000	11.8897	35.8188
12.0000	0.3059	0.0000	135.9013
.0000	0.0021	0.0000	69.120414	0.0000	27.7574	0.012.4227	35.000	0.2338	0.0000	129.812.01.9270	36.0677
12.0000000	11.8685	708	0.0000	1	0.1548	0.09857
000	144.2729	0.0000	12.2040	36.1506
12.0000	0.0526	0.0000	20.4344	0.0000	12.1054	36.2334
12.0000	0.1593	0.0000	36.1782	0.0000	11.9959	36.3158
12.0000	0.0991	0.0000	43.6341	0.0000	12.0451	36.3998
12.0000	0.1144	0.0000	70.2599	0.0000	12.0228	36.4823
12.0000	0.2440	0.0000	97.2408	0.0000	11.8920	36.5655
12.0000	0.0589	0.0000	-33.7331	0.0000	12.0632	36.6476
12.0000	0.0686	0.0000	-34.1885	0.0000	12.0164	36.7316
12.0000	0.1944	0.0000	72.2516	0.0000	11.9122	36.8140
12.0000	-0.0492	0.0000	27.6596	0.0000	12.1500	36.8968
12.0000	-0.0291	0.0000	53.6621	0.0000	12.1425	36.9820
12.0000	0.1403	0.0000	83.6504	0.0000	11.9561	37.0637
12.0000	0.3578	0.0000	115.4777	0.0000	11.7405	37.1450
12.0000	0.1669	0.0000	58.5466	0.0000	11.9397	37.2282
12.0000	0.1027	0.0000	26.9647	0.0000	11.9985	37.3102
12.0000	0.2500	0.0000	100.0041	0.0000	11.8533	37.3931
12.0000	0.2138	0.0000	101.1441	0.0000	11.8888	37.4748
12.0000	0.0909	0.0000	41.0084	0.0000	12.0145	37.5000	129.1579	0.0000	11.6941	37.6385
12.0000	0.0856	0.0000	110.1729	0.0000	12.0458	37.7233
12.0000	0.1258	0.0000	37.9911	0.0000	0.3982	0.012.000580
0	11.9883	37.8050
12.0000	0.0706	0.0000	67.9024	0.0000	12.0474	37.8866
12.0000	0.3432	0.0000	146.3602	0.0000	11.7825	37.9691
12.0000	0.2071	0.0000	97.5779	0.0000	11.9241	38.0504
12.0000	0.1948	0.0000	110.5598	0.0000	11.9464	38.1340
12.0000	0.2729	0.0000	111.1428	0.0000	11.8759	38.2164
12.0000	0.2219	0.0000	86.0217	0.0000	11.9314	38.2977
12.0000	0.1870	0.0000	87.4070	0.0000	11.9687	38.3817
12.0000	0.0665	0.0000	100.7409	0.0000	12.1105	38.4638
12.0000	0.1116	0.0000	107.2111	0.0000	12.0538	38.5470
12.0000	0.1385	0.0000	82.3265	0.0000	12.0291	38.6302
12.0000	0.2475	0.0000	174.9812	0.0000	11.9203	38.7115
12.0000	0.2535	0.0000	120.5482	0.0000	11.9166	38.7948
12.0000	0.1738	0.0000	81.3842	0.0000	11.9946	38.8768
12.0000	0.0692	0.0000	9.3865	0.0000	12.0988	38.9604
12.0000	0.3603	0.0000	154.6185	0.0000	11.8041	39.0429
12.0000	0.0445	0.0000	73.0549	0.0000	12.1150	39.1257
12.0000	0.1026	0.0000	26.1339	0.0000	12.0599	39.2093
12.0000	0.0174	0.0000	-16.3782	0.0000	12.1430	39.2914
12.0000	0.2517	0.0000	100.4773	0.0000	11.9114	39.3742
12.0000	-0.0407	0.0000	-7.0145	0.0000	12.1987	39.4574
12.0000	0.0354	0.0000	69.3163	0.0000	12.1147	39.5410
12.0000	0.2152	0.0000	39.0281	0.0000	11.8831	39.6231
12.0000	0.1271	0.0000	19.9818	0.0000	12.0078	39.7067
12.0000	0.3375	0.0000	162.6521	0.0000	11.7963	39.7895
12.0000	0.2498	0.0000	61.5372	0.0000	11.8785	39.8728
12.0000	0.2248	0.0000	106.4613	0.0000	11.8979	39.9556
12.0000	-0.0578	0.0000	-91.8613	0.0000	12.1616	40.0396
12.0000	0.1377	0.0000	135.8182	0.0000	12.3585	40.1228
12.0000	-0.1161	0.0000	-44.2080	0.0000	12.2098	40.2060
12.0000	0.0843	0.0000	-1.7594	0.0000	12.0121	40.2862
12.0000	0.1057	0.0000	8.8842	0.0000	11.9962	40.3690
12.0000	-0.1241	0.0000	6.8883	0.0000	12.4589	40.4545
12.0000	0.0555	0.0000	22.1921	0.0000	12.0406	40.5370
12.0000	0.3361	0.0000	142.9601	0.0000	11.7656	40.6175
12.0000	-0.0571	0.0000	-23.3615	0.0000	12.1560	40.7015
12.0000	0.3213	0.0000	117.2442	0.0000	11.7859	40.7839
12.0000	0.1804	0.0000	46.3805	0.0000	11.9259	40.8664
12.0000	0.3506	0.0000	130.9384	0.0000	11.7620	40.9477
12.0000	0.2875	0.0000	118.5760	0.0000	11.8374	41.0305
12.0000	0.2415	0.0000	114.7817	0.0000	11.8855	41.1138
12.0000	0.0714	0.0000	69.0989	0.0000	12.0535	41.1954
12.0000	0.1986	0.0000	165.8300	0.0000	12.1016	41.2790
12.0000	0.2638	0.0000	125.8180	0.0000	11.8833	41.3603
12.0000	0.2377	0.0000	74.3980	0.0000	11.9180	41.4424
12.0000	0.0603	0.0000	5.0903	0.0000	12.0917	41.5264
12.0000	0.4171	0.0000	144.6614	0.0000	11.7409	41.6081
12.0000	0.1179	0.0000	92.0900	0.0000	12.0442	41.6901
12.0000	0.1087	0.0000	67.2640	0.0000	12.0560	41.7726
0000	-0.15312.9	0.0000	-43.4636	0.0000	12.3109	41.8566
12.0000	-0.0577	0.0000	38.5640	0.0000	12.2233	41.9390
12.0000	0.0608	0.0000	62.7371	0.0000	12.1019	42.0207
12.0000	0.0635	0.0000	83.2351	0.0000	12.1070	42.1039
12.0000	0.1469	0.0000	29.0145	0.0000	12.0206	42.1864
12.0000	0.1065	0.0000	8.9202	0.0000	12.0543	42.2692
12.0000	0.2303	0.0000	89.7951	0.0000	11.9343	42.3524
12.0000	0.0880	0.0000	111.3515	0.0000	12.1690	42.4349
12.0000	0.2147	0.0000	120.8164	0.0000	11.9471	42.5166
12.0000	0.1532	0.0000	89.7217	0.0000	11.9980	42.6013
12.0000	0.0741	0.0000	69.4816	0.0000	12.0741	42.6846
12.0000	0.0695	0.0000	-27.6080	0.0000	12.0659	42.7670
12.0000	0.0752	0.0000	105.0268	0.0000	12.2273	42.8506
12.0000	0.1397	0.0000	122.5102	0.0000	11.9834	42.9334
12.0000	-0.0243	0.0000	-36.4723	0.0000	12.1386	43.0170
12.0000	0.1092	0.0000	-7.5301	0.0000	11.9986	43.0983
12.0000	0.2427	0.0000	58.0531	0.0000	11.8574	43.1812
12.0000	0.1135	0.0000	-6.3374	0.0000	11.9797	43.2648
12.0000	0.4135	0.0000	135.7005	0.0000	11.6412	43.3472
12.0000	0.0779	0.0000	52.5059	0.0000	12.0213	43.4293
12.0000	0.1039	0.0000	46.2516	0.0000	12.0017	43.5117
12.0000	-0.0723	0.0000	-2.3848	0.0000	12.1740	43.5954
12.0000	0.1765	0.0000	120.3550	0.0000	11.9247	43.6786
12.0000	0.2077	0.0000	40.5619	0.0000	11.8984	43.7603
12.0000	0.1612	0.0000	75.9997	0.0000	11.9486	43.8431
12.0000	0.0681	0.0000000	12.0440	10.4390	0.4	43.9236
12.0000	0.0850	0.0000	-0.8513	0.0000	12.0244	44.0065
12.0000	0.1231	0.0000	36.9665	0.0000	11.9904	44.0897
12.0000	0.2823	0.0000	154.3022	0.0000	11.8389	44.1721
12.0000	0.1957	0.0000	91.9885	0.0000	11.9252	44.2530
12.0000	0.1176	0.0000	125.9406	0.0000	12.0274	44.3359
12.0000	0.2985	0.0000	123.9228	0.0000	11.8442	44.4183
12.0000	0.3791	0.0000	164.0944	0.0000	11.7704	44.5004
12.0000	0.2710	0.0000	110.5373	0.0000	11.8810	44.5844
12.0000	0.1618	0.0000	147.7010	0.0000	12.0848	44.6661
12.0000	0.0262	0.0000	26.3674	0.0000	12.1282	44.7497
12.0000	0.2514	0.0000	119.4814	0.0000	11.9138	44.8314
12.0000	0.0667	0.0000	47.2177	0.0000	12.1013	44.9138
12.0000	0.3133	0.0000	92.8187	0.0000	11.8547	44.9963
12.0000	0.3400	0.0000	144.5765	0.0000	11.8284	45.0795
12.0000	0.2394	0.0000	49.9360	0.0000	11.8779	45.1608
12.0000	-0.0820	0.0000	27.6011	0.0000	12.2564	45.2451
12.0000	0.2073	0.0000	116.6660	0.0000	11.9567	45.3284
12.0000	0.1237	0.0000	55.7945	0.0000	12.0384	45.4112
12.0000	0.0455	0.0000	55.1223	0.0000	12.1175	45.4937
12.0000	0.1880	0.0000	106.9925	0.0000	11.9797	45.5753
12.0000	0.1178	0.0000	34.1119	0.0000	12.0471	45.6589
12.0000	-0.0648	0.0000	-19.2188	0.0000	12.2198	45.7425
12.0000	0.1342	0.0000	41.9650	0.0000	12.0167	45.8258
12.0000	-0.0153	0.0000	6.4393	0.0000	12.1613	45.9082
12.0000	-0.0449	0.0000	-8.9674	0.0000	12.1804	45.9914
12.0000	-0.0409	0.0000	-25.9922	0.0000	12.1689	46.0743
12.0000	0.0311	0.0000	83.3070	0.0000	12.3333	46.1579
12.0000	0.0760	0.0000	51.4537	0.0000	12.0416	46.2399
12.0000	-0.1233	0.0000	-28.3763	0.0000	12.2322	46.3235
12.0000	-0.2017	0.0000	-100.4225	0.0000	12.2994	46.4071
12.0000	0.5403	0.0000	198.1692	0.0000	11.5215	46.4884
12.0000	0.2371	0.0000	112.7007	0.0000	11.8654	46.5720
12.0000	0.1000	0.0000	24.8287	0.0000	11.9993	46.6541
12.0000	0.1267	0.0000	130.4337	0.0000	11.9950	46.7377
12.0000	0.1943	0.0000	72.2287	0.0000	11.9083	46.8209
12.0000	-0.0318	0.0000	-2.1800	0.0000	12.1300	46.9026
12.0000	0.2065	0.0000	97.5096	0.0000	11.8992	46.9858
12.0000	0.1576	0.0000	53.9147	0.0000	11.9470	47.0687
12.0000	0.1703	0.0000	60.9805	0.0000	11.9377	47.1504
12.0000	0.1381	0.0000	44.5406	0.0000	11.9778	47.2324
12.0000	-0.0110	0.0000	62.5992	0.0000	12.2116	47.3160
12.0000	0.0716	0.0000	87.5723	0.0000	12.0501	47.3977
12.0000	-0.0691	0.0000	17.3644	0.0000	12.1936	47.4825
12.0000	0.2717	0.0000	91.4563	0.0000	11.8621	47.5638
12.0000	0.3179	0.0000	133.9292	0.0000	11.8275	47.6447
12.0000	0.3857	0.0000	122.0036	0.0000	11.7217	47.7271
12.0000	0.0872	0.0000	56.6018	0.0000	12.0681	47.8100
12.0000	0.0736	0.0000	104.2674	0.0000	12.1737	47.8936
12.0000	0.0839	0.0000	17.1448	0.0000	12.0789	47.9760
12.0000	0.2624	0.0000	68.5275	0.0000	11.9014	48.0577
12.0000	0.3033	0.0000	107.6706	0.0000	11.8589	48.1409
12.0000	0.1650	0.0000	76.4058	0.0000	11.9940	48.2234
12.0000	0.1568	0.0000	53.1035	0.0000	12.0091	48.3062
12.0000	0.3337	0.0000	160.4474	0.0000	11.8391	48.3890
12.0000	0.2005	0.0000	37.6458	0.0000	11.9650	48.4707
12.0000	0.2174	0.0000	64.1920	0.0000	11.9463	48.5532
12.0000	0.1885	0.0000	88.7586	0.0000	11.9752	48.6375
12.0000	0.1120	0.0000	69.1229	0.0000	12.0504	48.7200
12.0000	0.1944	0.0000	91.0793	0.0000	11.9656	48.8036
12.0000	0.5176	0.0000	252.2439	0.0000	11.6449	48.8857
12.0000	0.2195	0.0000	65.3732	0.0000	11.9276	48.9693
12.0000	0.1284	0.0000	77.2536	0.0000	12.0090	49.0529
12.0000	0.3129	0.0000	131.5878	0.0000	11.8253	49.1357
12.0000	0.1175	0.0000	34.1285	0.0000	12.0080	49.2174
12.0000	0.0096	0.0000	37.4971	0.0000	12.1083	49.3010
12.0000	-0.0002	0.0000	-5.6420	0.0000	12.1088	49.3842
12.0000	0.0259	0.0000	-11.7820	0.0000	12.0773	49.4674
12.0000	0.0064	0.0000	-2.2752	0.0000	12.0892	49.5495
12.0000	-0.0002	0.0000	66.9144	0.0000	12.1138	49.6323
12.0000	0.0963	0.0000	61.6533	0.0000	12.0049	49.7156
12.0000	0.0414	0.0000	15.1300	0.0000	12.0630	49.7988
12.0000	0.1118	0.0000	12.7894	0.0000	11.9939	49.8808
12.0000	-0.0124	0.0000	-69.1651	0.0000	12.1093	49.9641
12.0000	0.2490	0.0000	137.7817	0.0000	11.8558	50.0457
12.0000	0.3234	0.0000	156.8555	0.0000	11.7897	50.1278
12.0000	0.2352	0.0000	74.5681	0.0000	11.8766	50.2095
12.0000	0.1257	0.0000	-0.3950	0.0000	11.9849	50.2904
12.0000	-0.1026	0.0000	0.9537	0.0000	12.2158	50.3740
12.0000	0.0863	0.0000	110.5351	0.0000	12.0508	50.4561
12.0000	0.2727	0.0000	111.5974	0.0000	11.8522	50.5389
12.0000	0.1925	0.0000	51.9792	0.0000	11.9380	50.6210
12.0000	0.4010	0.0000	155.8693	0.0000	11.7445	50.7038
12.0000	-0.1313	0.0000	3.3162	0.0000	12.2847	50.7867
12.0000	0.0357	0.0000	85.6103	0.0000	12.1266	50.8687
12.0000	0.2153	0.0000	139.8660	0.0000	11.9396	50.9519
12.0000	0.2709	0.0000	110.3446	0.0000	11.8940	51.0344
12.0000	0.2198	0.0000	84.8914	0.0000	11.9501	51.1168
12.0000	0.0587	0.0000	61.6665	0.0000	12.1048	51.1997
12.0000	0.1298	0.0000	39.6340	0.0000	12.0379	51.2821
12.0000	0.2954	0.0000	122.5697	0.0000	11.8745	51.3642
12.0000	0.1762	0.0000	81.9397	0.0000	11.9952	51.4466
12.0000	0.1000	0.0000	82.2396	0.0000	12.0717	51.5291
12.000.0000	-2.5068	0.0000	12.0	-0.0701	02333	51.6131
12.0000	0.1426	0.0000	65.2525	0.0000	12.0180	51.6963
12.0000	0.2604	0.0000	105.2041	0.0000	11.9065	51.7780
12.0000	0.0534	0.0000	-17.5944	0.0000	12.1096	51.8620
12.0000	0.0057	0.0000	16.1235	0.0000	12.1555	51.9444
12.0000	0.2067	0.0000	97.2219	0.0000	11.9532	52.0284
12.0000	0.2468	0.0000	98.0869	0.0000	11.9065	52.1116
12.0000	0.1484	0.0000	68.2735	0.0000	12.0015	52.1933
12.0000	0.1195	0.0000	16.2054	0.0000	12.0186	52.2769
12.0000	0.2582	0.0000	104.3189	0.0000	11.8768	52.3590
12.0000	-0.0354	0.0000	-42.4716	0.0000	12.1577	52.4430
12.0000	0.0826	0.0000	16.4060	0.0000	12.0353	52.5258
12.0000	-0.0052	0.0000	11.5188	0.0000	12.1139	52.6083
12.0000	0.0297	0.0000	82.6200	0.0000	12.3142	52.6922
12.0000	-0.0137	0.0000	44.4100	0.0000	12.1091	52.7751
12.0000	0.0229	0.0000	-32.3885	0.0000	12.0772	52.8575
12.0000	0.1678	0.0000	59.3201	0.0000	11.9366	52.9411
12.0000	0.0625	0.0000	63.9565	0.0000	12.0435	53.0224
12.0000	0.1241	0.0000	37.5669	0.0000	11.9773	53.1049
12.0000	0.2702	0.0000	90.9110	0.0000	11.8332	53.1885
12.0000	0.0320	0.0000	48.2623	0.0000	12.0716	53.2713
12.0000	0.1632	0.0000	148.3762	0.0000	11.9915	53.3542
12.0000	0.1464	0.0000	106.6111	0.0000	11.9663	53.4355
12.0000	0.1530	0.0000	143.3752	0.0000	11.9694	53.5191
12.0000	0.2257	0.0000	87.7649	0.0000	11.8981	53.6011
12.0000	0.0836	0.0000	36.0331	0.0000	12.0435	53.6836
12.0000	0.2275	0.0000	69.4533	0.0000	11.9014	53.7660
12.0000	0.0940	0.0000	41.2823	0.0000	12.0360	53.8477
12.0000	0.1965	0.0000	164.8120	0.0000	11.9676	53.9294
12.0000	0.3029	0.0000	106.8514	0.0000	11.8557	54.0118
12.0000	0.1789	0.0000	102.5461	0.0000	11.9791	54.0955
12.0000	0.1901	0.0000	50.6274	0.0000	11.9661	54.1779
12.0000	0.1165	0.0000	33.4635	0.0000	12.0451	54.2607
12.0000	0.2514	0.0000	100.6353	0.0000	11.9147	54.3436
12.0000	0.2392	0.0000	75.3874	0.0000	11.9234	54.4260
12.0000	0.2340	0.0000	72.8129	0.0000	11.9246	54.5085
12.0000	0.1085	0.0000	48.2195	0.0000	12.0516	54.5902
12.0000	0.1893	0.0000	161.2293	0.0000	12.2996	54.6741
12.0000	0.0510	0.0000	93.1441	0.0000	12.1272	54.7570
12.0000	0.1318	0.0000	98.1704	0.0000	12.0296	54.8394
12.0000	0.2084	0.0000	59.7332	0.0000	11.9531	54.9226
12.0000	0.1390	0.0000	81.8960	0.0000	12.0260	55.0051
12.0000	0.1021	0.0000	45.0652	0.0000	12.0564	55.0872
12.0000	0.0760	0.0000	70.4076	0.0000	12.0755	55.1704
12.0000	-0.0067	0.0000	48.3458	0.0000	12.1547	55.2540
12.0000	0.0849	0.0000	75.8104	0.0000	12.0508	55.3372
12.0000	0.0847	0.0000	108.7296	0.0000	12.2180	55.4200
12.0000	-0.0081	0.0000	10.2035	0.0000	12.1268	55.5025
12.0000	0.0620	0.0000	82.8095	0.0000	12.0506	55.5849
12.0000	0.2897	0.0000	158.0274	0.0000	11.8252	55.6685
12.0000	0.0354	0.0000	-50.5589	0.0000	12.0065	55.7514
12.0000	0.1920	0.0000	33.8398	0.0000	11.8999	55.8346
12.0000	0.2117	0.0000	43.5092	0.0000	11.8842	55.9174
12.0000	0.1600	0.0000	146.8336	0.0000	11.9592	55.9987
12.0000	-0.0541	0.0000	5.3647	0.0000	12.1538	56.0823
12.0000	-0.0946	0.0000	4.8137	0.0000	12.1947	56.1652
12.0000	-0.0193	0.0000	4.0241	0.0000	12.1168	56.2484
12.0000	0.1141	0.0000	-11.7829	0.0000	11.9253	56.3305
12.0000	0.1790	0.0000	84.9369	0.0000	11.9289	56.4118
12.0000	0.0987	0.0000	64.0057	0.0000	12.0099	56.4931
12.0000	0.2260	0.0000	107.1139	0.0000	11.8885	56.5759
12.0000	0.2229	0.0000	86.7697	0.0000	11.8914	56.6580
12.0000	0.2015	0.0000	94.8310	0.0000	11.9232	56.7397
12.0000	0.1890	0.0000	107.5252	0.0000	11.9359	56.8244
12.0000	0.2167	0.0000	83.5660	0.0000	11.9119	56.9061
12.0000	0.1562	0.0000	91.2717	0.0000	11.9857	56.9885
12.0000	0.3511	0.0000	130.9296	0.0000	11.7989	57.0702
12.0000	0.0991	0.0000	81.9196	0.0000	12.0515	57.1531
12.0000	0.0234	0.0000	43.6618	0.0000	12.1325	57.2367
12.0000	0.3913	0.0000	150.9252	0.0000	11.7733	57.3183
12.0000	0.2617	0.0000	105.8512	0.0000	11.9060	57.4016
12.0000	-0.0418	0.0000	-6.8938	0.0000	12.2079	57.4844
12.0000	0.2780	0.0000	113.5231	0.0000	11.8957	57.5661
12.0000	0.2032	0.0000	76.6341	0.0000	11.9658	57.6485
12.0000	-0.1119	0.0000	12.8882	0.0000	12.2875	57.7325
12.0000	-0.0495	0.0000	43.5984	0.0000	12.2269	57.8157
12.0000	0.1335	0.0000	4.1205	0.0000	12.0291	57.8978
12.0000	0.2188	0.0000	84.0648	0.0000	11.9418	57.9803
12.0000	0.1609	0.0000	74.3550	0.0000	12.0044	58.0642
12.0000	0.2452	0.0000	78.0075	0.0000	11.9240	58.1448
12.0000	0.1000	0.0000	82.2896	0.0000	12.0668	58.2295
12.0000	0.1171	0.0000	33.3834	0.0000	12.0405	58.3131
12.0000	0.1617	0.0000	55.2297	0.0000	11.9917	58.3952
12.0000	0.3605	0.0000	134.5281	0.0000	11.7861	58.4776
12.0000	0.2829	0.0000	135.4072	0.0000	11.8553	58.5613
12.0000	0.0714	0.0000	-0.7983	0.0000	12.0642	58.6445
12.0000	-0.0839	0.0000	-65.8500	0.0000	12.2040	58.7277
12.0000	0.1113	0.0000	30.7303	0.0000	12.0067	58.8094
12.0000	0.1396	0.0000	64.0193	0.0000	11.9735	58.8937
12.0000	-0.1032	0.0000	-18.6629	0.0000	12.2042	58.9781
12.0000	0.0002	0.0000	-24.5665	0.0000	12.0997	59.0590
12.0000	0.1151	0.0000	63.3344	0.0000	11.9887	59.1411
12.0000	-0.0327	0.0000	16.4796	0.0000	12.1341	59.2247
12.0000	0.0500	0.0000	38.5849	0.0000	12.0492	59.3072
12.0000	0.0462	0.0000	90.7551	0.0000	12.1382	59.3919
12.0000	0.1049	0.0000	65.9529	0.0000	11.9982	59.4736
12.0000	0.0601	0.0000	5.6341	0.0000	12.0426	59.5560
12.0000	0.1869	0.0000	68.5130	0.0000	11.9196	59.6385
12.0000	0.1588	0.0000	35.3035	0.0000	11.9507	59.7198
12.0000	0.3124	0.0000	130.9912	0.0000	11.8115	59.8022
12.0000	0.1295	0.0000	20.6138	0.0000	11.9934	59.8847
12.0000	0.2570	0.0000	122.5052	0.0000	11.8690	59.9675
12.0000	0.1584	0.0000	73.3060	0.0000	11.9744	60.0492
12.0000	0.1211	0.0000	112.1731	0.0000	12.0162	60.1320
12.0000	0.2276	0.0000	107.6975	0.0000	11.9236	60.2153
12.0000	0.2462	0.0000	116.9458	0.0000	11.9099	60.2973
12.0000	0.3549	0.0000	132.7684	0.0000	11.8061	60.3802
12.0000	0.3119	0.0000	111.3458	0.0000	11.8519	60.4622
12.0000	0.0453	0.0000	55.8752	0.0000	12.1182	60.5451
12.0000	-0.1881	0.0000	-60.9661	0.0000	12.3483	60.6287
12.0000	0.0370	0.0000	-6.2280	0.0000	12.1228	60.7104
12.0000	0.0586	0.0000	61.2108	0.0000	12.1002	60.7928
12.0000	0.0565	0.0000	60.5717	0.0000	12.1090	60.8753
12.0000	0.1576	0.0000	111.3180	0.0000	12.0147	60.9589
12.0000	0.3955	0.0000	152.9539	0.0000	11.7792	61.0409
12.0000	0.1717	0.0000	98.9024	0.0000	11.9894	61.1249
12.0000	0.2866	0.0000	118.6515	0.0000	11.8779	61.2066
12.0000	0.0934	0.0000	59.8142	0.0000	12.0715	61.2891
12.0000	0.0630	0.0000	25.5654	0.0000	12.0944	61.3730
12.0000	0.0959	0.0000	61.6754	0.0000	12.0554	61.4566
12.0000	0.0605	0.0000	43.5659	0.0000	12.0832	61.5395
12.0000	0.1818	0.0000	85.4407	0.0000	11.9619	61.6219
12.0000	0.2168	0.0000	102.9711	0.0000	11.9187	61.7044
12.0000	0.0104	0.0000	19.4333	0.0000	12.1096	61.7891
12.0000	0.0424	0.0000	-22.7391	0.0000	12.0686	61.8704
12.0000	0.1850	0.0000	87.2449	0.0000	11.9263	61.9540
12.0000	0.0729	0.0000	31.3271	0.0000	12.0306	62.0357
12.0000	0.1492	0.0000	49.7697	0.0000	11.9485	62.1197
12.0000	-0.0147	0.0000	-12.8022	0.0000	12.1084	62.2041
12.0000	0.1633	0.0000	114.2481	0.0000	11.9354	62.2854
12.0000	0.0955	0.0000	3.7567	0.0000	12.0082	62.3671
12.0000	0.1569	0.0000	53.5537	0.0000	11.9448	62.4510
12.0000	-0.0426	0.0000	-6.8654	0.0000	12.1417	62.5327
12.0000	-0.0300	0.0000	17.8253	0.0000	12.1358	62.6163
12.0000	0.1539	0.0000	8.8079	0.0000	11.8569	62.6969
12.0000	0.0176	0.0000	42.7757	0.0000	12.0902	62.7785
12.0000	0.2040	0.0000	96.1007	0.0000	11.9146	62.8610
12.0000	0.2286	0.0000	50.8940	0.0000	11.8918	62.9427
12.0000	-0.0069	0.0000	29.2661	0.0000	12.1228	63.0267
12.0000	0.2542	0.0000	121.0986	0.0000	11.8736	63.1072
12.0000	0.1833	0.0000	123.9947	0.0000	11.9495	63.1916
12.0000	0.1264	0.0000	28.8275	0.0000	12.0142	63.2733
12.0000	0.2165	0.0000	120.5976	0.0000	11.9330	63.3565
12.0000	0.0554	0.0000	60.1374	0.0000	12.0952	63.4385
12.0000	0.1753	0.0000	62.4040	0.0000	11.9809	63.5218
12.0000	0.0257	0.0000	26.1217	0.0000	12.1343	63.6050
12.0000	-0.0298	0.0000	17.5607	0.0000	12.1951	63.6867
12.0000	0.0965	0.0000	98.9514	0.0000	12.0675	63.7687
12.0000	0.0531	0.0000	94.1761	0.0000	12.1294	63.8516
12.0000	0.2861	0.0000	156.3584	0.0000	11.8841	63.9340
12.0000	0.1697	0.0000	21.2177	0.0000	12.0012	64.0172
12.0000	0.1803	0.0000	45.6945	0.0000	11.9887	64.1001
12.0000	0.3279	0.0000	93.5219	0.0000	11.7873	64.1825
12.0000	0.2714	0.0000	129.5479	0.0000	11.8902	64.2661
	156.6601	0.00018	0.00002.0000	0.3630	11.8059	64.3482
12.0000	0.2427	0.0000	115.1896	0.0000	11.9238	64.4314
12.0000	0.0871	0.0000	95.0451	0.0000	12.0774	64.5139
12.0000	0.1458	0.0000	66.8463	0.0000	12.0131	64.5975
12.0000	0.1162	0.0000	13.8349	0.0000	12.0340	64.6815
12.0000	0.1851	0.0000	67.3785	0.0000	11.9620	64.7635
12.0000	0.3002	0.0000	125.2368	0.0000	11.8388	64.8467
12.0000	0.2778	0.0000	94.4698	0.0000	11.8607	64.9288
12.0000	-0.1264	0.0000	-106.9804	0.0000	12.2491	65.0124
12.0000	0.1073	0.0000	67.0700	0.0000	12.0107	65.0949
12.0000	0.0331	0.0000	84.3020	0.0000	12.2453	65.1796
12.0000	0.0476	0.0000	-0.9545	0.0000	12.0563	65.2613
12.0000	0.2929	0.0000	102.8085	0.0000	11.8130	65.3441
12.0000	0.1518	0.0000	70.1655	0.0000	11.9520	65.4266
12.0000	0.2188	0.0000	46.1089	0.0000	11.8863	65.5098
12.0000	0.2695	0.0000	90.8350	0.0000	11.8362	65.5923
12.0000	0.2560	0.0000	64.6275	0.0000	11.8502	65.6755
12.0000	0.2487	0.0000	118.5012	0.0000	11.8574	65.7572
12.0000	0.0317	0.0000	84.6103	0.0000	12.0890	65.8419
12.0000	0.1334	0.0000	61.0820	0.0000	11.9719	65.9228
12.0000	0.0439	0.0000	89.6144	0.0000	12.0743	66.0057
12.0000	-0.0869	0.0000	-67.3084	0.0000	12.1972	66.0893
12.0000	0.1429	0.0000	103.9515	0.0000	11.9775	66.1717
12.0000	0.3713	0.0000	121.9910	0.0000	11.7576	66.2526
12.0000	0.1070	0.0000	66.6208	0.0000	12.0208	66.3355
12.0000	-0.1259	0.0000	5.9768	0.0000	12.2688	66.4191
12.0000	0.0863	0.0000	56.2177	0.0000	12.0587	66.5011
12.0000	0.3736	0.0000	142.1247	0.0000	11.7858	66.5832
12.0000	0.2404	0.0000	94.8800	0.0000	11.9205	66.6653
12.0000	0.1327	0.0000	41.5067	0.0000	12.0278	66.7485
12.0000	0.0732	0.0000	68.4699	0.0000	12.0847	66.8309
12.0000	-0.1095	0.0000	14.0712	0.0000	12.3577	66.9145
12.0000	-0.0091	0.0000	62.5406	0.0000	12.1880	66.9966
12.0000	0.0425	0.0000	87.9322	0.0000	12.1326	67.0791
12.0000	0.0926	0.0000	78.6282	0.0000	12.0697	67.1611
12.0000	0.0427	0.0000	89.0468	0.0000	12.1371	67.2440
12.0000	0.1520	0.0000	89.0201	0.0000	12.0160	67.3268
12.0000	0.2774	0.0000	94.1456	0.0000	11.8858	67.4100
12.0000	0.1389	0.0000	82.5932	0.0000	12.0179	67.4929
12.0000	0.0791	0.0000	52.7073	0.0000	12.0840	67.5749
12.0000	0.0118	0.0000	38.3046	0.0000	12.1500	67.6581
12.0000	0.1168	0.0000	52.4120	0.0000	12.0362	67.7425
12.0000	0.2616	0.0000	68.0950	0.0000	11.8856	67.8250
12.0000	0.3739	0.0000	143.0083	0.0000	11.7657	67.9086
12.0000	0.2504	0.0000	62.7403	0.0000	11.8829	67.9895
12.0000	0.2354	0.0000	111.8034	0.0000	11.8929	68.0735
12.0000	-0.0628	0.0000	20.5597	0.0000	12.1777	68.1567
12.0000	0.1274	0.0000	58.0300	0.0000	11.9839	68.2395
12.0000	0.1319	0.0000	-3.0438	0.0000	11.9300	68.3220
12.0000	0.0699	0.0000	11.0148	0.0000	12.0228	68.4060
12.0000	0.3047	0.0000	108.1183	0.0000	11.7968	68.4869
12.0000	0.1290	0.0000	117.2668	0.0000	11.9790	68.5693
12.0000	0.1271	0.0000	57.8511	0.0000	11.9807	68.6522
12.0000	-0.1067	0.0000	15.4587	0.0000	12.3743	68.7369
12.0000	0.4789	0.0000	214.1262	0.0000	11.6295	68.8182
12.0000	0.1644	0.0000	95.3988	0.0000	11.9411	68.9011
12.0000	0.2529	0.0000	83.4157	0.0000	11.8577	68.9831
12.0000	0.0857	0.0000	38.3825	0.0000	12.0246	69.0640
12.0000	0.0895	0.0000	19.8971	0.0000	12.0212	69.1476
12.0000	0.0972	0.0000	23.6870	0.0000	12.0180	69.2289
12.0000	0.1813	0.0000	47.3535	0.0000	11.9417	69.3110
12.0000	0.2567	0.0000	122.3345	0.0000	11.8687	69.3946
12.0000	0.1355	0.0000	81.0770	0.0000	11.9924	69.4763
12.0000	0.2292	0.0000	127.6889	0.0000	11.9145	69.5591
12.0000	0.0891	0.0000	76.9521	0.0000	12.0577	69.6420
12.0000	0.1972	0.0000	73.7354	0.0000	11.9551	69.7244
12.0000	0.2539	0.0000	120.7524	0.0000	11.9020	69.8069
12.0000	0.1834	0.0000	85.6278	0.0000	11.9788	69.8886
12.0000	0.1138	0.0000	88.6239	0.0000	12.0560	69.9729
12.0000	0.2687	0.0000	109.6765	0.0000	11.9013	70.0550
12.0000	0.2276	0.0000	127.4793	0.0000	11.9410	70.1386
12.0000	0.2004	0.0000	113.8922	0.0000	11.9678	70.2199
12.0000	0.1537	0.0000	32.3747	0.0000	12.0177	70.3031
12.0000	0.1726	0.0000	41.7935	0.0000	11.9974	70.3856
12.0000	0.3005	0.0000	105.6570	0.0000	11.8663	70.4688
12.0000	-0.0330	0.0000	50.7565	0.0000	12.2777	70.5524
12.0000	-0.0002	0.0000	51.5246	0.0000	12.1625	70.6344
12.0000	0.0643	0.0000	26.1787	0.0000	12.0997	70.7181
12.0000	0.3649	0.0000	156.8826	0.0000	11.8024	70.7997
12.0000	0.	173.1840	0.0000	11.7232	70.8830
12.0000	0.0119	0.0004358	0.00000	0.1944	0.0000	12.1383	70.9662
12.0000	-0.1055	0.0000	-1.6335	0.0000	12.2478	71.0498
12.0000	-0.0724	0.0000	-3.5362	0.0000	12.2070	71.1326
12.0000	-0.1478	0.0000	-21.8880	0.0000	12.2738	71.2158
12.0000	0.0964	0.0000	62.0625	0.0000	12.0285	71.2975
12.0000	-0.0271	0.0000	-38.3044	0.0000	12.1444	71.3811
12.0000	-0.0573	0.0000	39.7608	0.0000	12.2491	71.4659
12.0000	0.1905	0.0000	51.1582	0.0000	11.9133	71.5468
12.0000	0.1924	0.0000	52.0773	0.0000	11.9114	71.6308
12.0000	0.2612	0.0000	60.6660	0.0000	11.5846	71.7117
12.0000	-0.1113	0.0000	13.1740	0.0000	12.4476	71.7976
12.0000	-0.0017	0.0000	51.1115	0.0000	12.1040	71.8797
12.0000	-0.0426	0.0000	-45.8767	0.0000	12.1394	71.9629
12.0000	0.3644	0.0000	111.4828	0.0000	11.6940	72.0438
12.0000	0.1682	0.0000	20.9406	0.0000	11.9426	72.1274
12.0000	0.2087	0.0000	60.4766	0.0000	11.9004	72.2102
12.0000	-0.0525	0.0000	-31.6428	0.0000	12.1623	72.2923
12.0000	0.2343	0.0000	92.8121	0.0000	11.8879	72.3740
12.0000	0.0364	0.0000	31.6715	0.0000	12.0836	72.4572
12.0000	0.0040	0.0000	69.9547	0.0000	12.1348	72.5393
12.0000	0.2994	0.0000	181.9270	0.0000	11.8355	72.6217
12.0000	0.1017	0.0000	44.9837	0.0000	12.0327	72.7046
12.0000	0.4487	0.0000	160.4527	0.0000	11.7027	72.7855
12.0000	-0.0531	0.0000	25.1308	0.0000	12.2103	72.8691
12.0000	0.1689	0.0000	116.7159	0.0000	11.9897	72.9508
12.0000	0.1383	0.0000	101.4383	0.0000	12.0213	73.0344
12.0000	0.2267	0.0000	43.6520	0.0000	11.9098	73.1160
12.0000	0.3195	0.0000	134.6756	0.0000	11.8472	73.1993
12.0000	0.0327	0.0000	10.4157	0.0000	12.1291	73.2829
12.0000	0.2687	0.0000	70.7921	0.0000	11.8930	73.3649
12.0000	0.2027	0.0000	57.7830	0.0000	11.9645	73.4466
12.0000	0.2973	0.0000	104.6378	0.0000	11.8754	73.5295
12.0000	0.0718	0.0000	68.1860	0.0000	12.0957	73.6123
12.0000	0.1419	0.0000	122.3650	0.0073.6963
.0000	0.140700	12.0199	121317	0.0000	12.0200	73.7000	0.4675	0.0000	227.7538	0.0000	11.7041	73.86791
12.0	0.0000	45.16
12.0000	0.0315	0.0000	-28.4996	0.0000	12.1285	73.9440
12.0000	0.1108	0.0000	107.1221	0.0000	12.0423	74.0269
12.0000	-0.0268	0.0000	38.5664	0.0000	12.1676	74.1116
12.0000	-0.0137	0.0000	-11.9091	0.0000	12.1460	74.1941
12.0000	0.0091	0.0000	-0.5773	0.0000	12.1227	74.2769
12.0000	0.0243	0.0000	45.6326	0.0000	12.0978	74.3601
12.0000	0.1125	0.0000	69.6691	0.0000	12.0020	74.4414
12.0000	-0.0076	0.0000	-9.3389	0.0000	12.1143	74.5265
12.0000	-0.0484	0.0000	-28.9803	0.0000	12.1464	74.6098
12.0000	0.2035	0.0000	57.6988	0.0000	11.8893	74.6907
12.0000	0.0198	0.0000	61.8748	0.0000	12.0724	74.7739
12.0000	0.0993	0.0000	24.8291	0.0000	12.0024	74.8560
12.0000	0.0958	0.0000	114.1682	0.0000	12.0586	74.9400
12.0000	0.0029	0.0000	-23.2000	0.0000	12.0948	75.0232
12.0000	-0.0614	0.0000	-36.1131	0.0000	12.1606	75.1052
12.0000	0.1358	0.0000	24.7365	0.0000	11.9727	75.1865
12.0000	0.0113	0.0000	20.4485	0.0000	12.0980	75.2690
12.0000	0.1858	0.0000	88.2900	0.0000	11.9246	75.3503
12.0000	0.1599	0.0000	55.4368	0.0000	11.9522	75.4324
12.0000	0.1016	0.0000	102.7206	0.0000	12.0151	75.5148
12.0000	0.0760	0.0000	51.2175	0.0000	12.0436	75.5984
12.0000	0.0984	0.0000	43.3946	0.0000	12.0262	75.6812
12.0000	0.3210	0.0000	115.7541	0.0000	11.8157	75.7629
12.0000	-0.0443	0.0	0.0000	12.1000	29.6670828	75.8458
12.0000	0.0434	0.0000	89.3774	0.0000	12.1139	75.9278
Target: 24.000
24.0000	1.2180	0.0000	600.0000	0.0000	12.2719	76.0141
24.0000	1.2180	0.0000	600.0000	0.0000	14.5225	76.1150
24.0000	1.2180	0.0000	600.0000	0.0000	16.7613	76.2358
24.0000	1.2180	0.0000	600.0000	0.0000	19.5002	76.3758
24.0000	1.2180	0.0000	600.0000	0.0000	22.0236	76.5311
24.0000	0.6963	0.0000	291.8060	0.0000	24.5081	76.7036
24.0000	-0.6747	0.0000	-399.3705	0.0000	25.6275	76.8831
24.0000	0.1238	0.0000	27.6654	0.0000	24.7141	77.0538
24.0000	0.2746	0.0000	160.7902	0.0000	24.4968	77.2194
24.0000	0.0197	0.0000	33.7217	0.0000	24.6788	77.3893
24.0000	-0.4163	0.0000	-182.6484	0.0000	24.9972	77.5615
24.0000	-0.0859	0.0000	1.8645	0.0000	24.5738	77.7322
24.0000	0.0486	0.0000	11.8816	0.0000	24.3697	77.9009
24.0000	0.1418	0.0000	39.5265	0.0000	24.2265	78.0677
24.0000	-0.2581	0.0000	-59.1496	0.0000	24.6642	78.2357
24.0000	-0.0227	0.0000	56.8177	0.0000	24.4445	78.4018
24.0000	0.2004	0.0000	166.7234	0.0000	24.2978	78.5671
24.0000	0.3332	0.0000	193.0683	0.0000	23.9326	78.7308
24.0000	0.3969	0.0000	263.4990	0.0000	23.9484	78.8995
24.0000	0.5624	0.0000	211.4935	0.0000	23.7225	79.0625
24.0000	0.5289	0.0000	192.5330	0.0000	23.7003	79.2259
24.0000	0.6942	0.0000	277.7112	0.0000	23.6228	79.3912
24.0000	0.3591	0.0000	186.3511	0.0000	23.9604	79.5580
24.0000	0.2129	0.0000	172.8599	0.0000	24.1798	79.7218
24.0000	0.1056	0.0000	117.5858	0.0000	24.2074	79.8874
24.0000	0.0932	0.0000	111.5031	0.0000	24.2077	80.0554
24.0000	0.1181	0.0000	-9.3841	0.0000	24.1635	80.2218
24.0000	-0.0639	0.0000	-61.9571	0.0000	24.3250	80.3887
24.0000	0.1616	0.0000	32.6559	0.0000	24.0594	80.5551
24.0000	-0.1307	0.0000	-113.5822	0.0000	24.3127	80.7227
24.0000	0.2691	0.0000	64.5578	0.0000	23.7415	80.8883
24.0000	-0.2978	0.0000	-82.3492	0.0000	24.4090	81.0559
24.0000	-0.1239	0.0000	5.2336	0.0000	24.2180	81.2216
24.0000	0.0905	0.0000	111.4718	0.0000	23.9966	81.3880
24.0000	0.0022	0.0000	68.0765	0.0000	24.0882	81.5514
24.0000	0.2297	0.0000	86.3785	0.0000	23.8681	81.7171
24.0000	0.2249	0.0000	101.8109	0.0000	23.8866	81.8812
24.0000	0.2292	0.0000	122.8257	0.0000	23.9086	82.0434
24.0000	0.3140	0.0000	203.3070	0.0000	23.8510	82.2095
24.0000	0.4779	0.0000	169.9198	0.0000	23.7153	82.3736
24.0000	0.4605	0.0000	180.8918	0.0000	23.7598	82.5381
24.0000	0.5614	0.0000	211.2200	0.0000	23.6770	82.7019
24.0000	0.7310	0.0000	295.7290	0.0000	23.5202	82.8676
24.0000	0.1126	0.0000	62.7729	0.0000	24.1332	83.0325
24.0000	0.0884	0.0000	90.3420	0.0000	24.1510	83.2001
24.0000	0.2969	0.0000	78.2473	0.0000	23.8995	83.3665
24.0000	0.1224	0.0000	-7.5324	0.0000	24.0912	83.5329
24.0000	0.0560	0.0000	-20.5158	0.0000	24.1315	83.7001
24.0000	0.0548	0.0000	-39.2223	0.0000	24.0999	83.8658
24.0000	0.2373	0.0000	49.8903	0.0000	23.8210	84.0319
24.0000	-0.2006	0.0000	-33.7765	0.0000	24.2978	84.1991
24.0000	-0.1118	0.0000	-122.0904	0.0000	24.1306	84.3663
24.0000	0.0960	0.0000	37.6010	0.0000	23.9795	84.5323
24.0000	0.3143	0.0000	90.6519	0.0000	23.7671	84.6972
24.0000	0.4713	0.0000	187.2153	0.0000	23.6232	84.8602
24.0000	0.4874	0.0000	213.4405	0.0000	23.6258	85.0255
24.0000	0.1885	0.0000	140.8975	0.0000	23.9436	85.1889
24.0000	0.3560	0.0000	243.3600	0.0000	23.8824	85.3545
24.0000	0.6422	0.0000	253.4344	0.0000	23.5579	85.5171
24.0000	0.4286	0.0000	143.1359	0.0000	23.7225	85.6820
24.0000	0.4652	0.0000	163.2336	0.0000	23.7750	85.8469
24.0000	0.5040	0.0000	181.2538	0.0000	23.6780	86.0115
24.0000	0.0828	0.0000	35.1556	0.0000	24.1725	86.1764
24.0000	0.5150	0.0000	193.4726	0.0000	23.7389	86.3428
24.0000	-0.0005	0.0000	65.1553	0.0000	24.2393	86.5081
24.0000	-0.0888	0.0000	24.2342	0.0000	24.3733	86.6776
24.0000	-0.2503	0.0000	-57.3957	0.0000	24.4344	86.8440
24.0000	-0.2226	0.0000	-42.6429	0.0000	24.4354	87.0120
24.0000	-0.1992	0.0000	-52.3831	0.0000	24.3171	87.1773
24.0000	-0.1247	0.0000	-129.4137	0.0000	24.2128	87.3441
24.0000	0.2190	0.0000	42.1922	0.0000	23.8595	87.5090
24.0000	0.2383	0.0000	89.8404	0.0000	23.8329	87.6739
24.0000	0.0973	0.0000	20.5272	0.0000	23.9769	87.8392
24.0000	0.2982	0.0000	197.4471	0.0000	23.7888	87.9999
24.0000	0.1830	0.0000	118.7884	0.0000	23.9153	88.1667
24.0000	0.3120	0.0000	106.7124	0.0000	23.8138	88.3308
24.0000	0.5501	0.0000	282.7494	0.0000	23.6101	88.4942
24.0000	0.2877	0.0000	209.7423	0.0000	23.9720	88.6580
24.0000	0.1807	0.0000	156.0193	0.0000	24.0356	88.8244
24.0000	0.1780	0.0000	155.6858	0.0000	24.1914	88.9897
24.0000	0.2646	0.0000	159.0381	0.0000	23.9731	89.1538
24.0000	0.3503	0.0000	103.5449	0.0000	23.8222	89.3191
24.0000	0.2027	0.0000	32.3434	0.0000	24.0344	89.4852
24.0000	0.0654	0.0000	78.9466	0.0000	24.1599	89.6497
24.0000	0.0841	0.0000	109.4327	0.0000	24.1961	89.8184
24.0000	0.1561	0.0000	104.8214	0.0000	24.0263	89.9845
24.0000	0.0531	0.0000	73.2392	0.0000	24.1015	90.1509
24.0000	0.0519	0.0000	-3.8685	0.0000	24.0738	90.3177
24.0000	0.0685	0.0000	4.6072	0.0000	24.0294	90.4842
24.0000	-0.1341	0.0000	1.9597	0.0000	24.3641	90.6502
24.0000	0.0034	0.0000	29.3246	0.0000	24.0754	90.8143
24.0000	0.3397	0.0000	178.3193	0.0000	23.7364	90.9808
24.0000	0.1448	0.0000	99.8025	0.0000	23.9410	91.1468
24.0000	0.3883	0.0000	165.4182	0.0000	23.7220	91.3102
24.0000	0.4113	0.0000	175.3569	0.0000	23.7210	91.4740
24.0000	0.2401	0.0000	186.2987	0.0000	24.0036	91.6370
24.0000	0.2262	0.0000	159.2907	0.0000	23.9678	91.8007
24.0000	0.3616	0.0000	246.1127	0.0000	23.9351	91.9664
24.0000	0.4464	0.0000	287.8832	0.0000	23.8272	92.1313
24.0000	0.3507	0.0000	125.2425	0.0000	23.9006	92.2958
24.0000	0.4538	0.0000	176.6165	0.0000	23.8089	92.4611
24.0000	0.2628	0.0000	138.8603	0.0000	23.9919	92.6275
24.0000	0.3524	0.0000	127.6776	0.0000	23.8888	92.7932
24.0000	-0.1340	0.0000	-58.7519	0.0000	24.3474	92.9592
24.0000	-0.2693	0.0000	-64.6514	0.0000	24.5212	93.1268
24.0000	-0.2360	0.0000	-90.0695	0.0000	24.3842	93.2929
24.0000	-0.0461	0.0000	43.1280	0.0000	24.1665	93.4628
24.0000	-0.0975	0.0000	-58.9801	0.0000	24.1858	93.6281
24.0000	0.1987	0.0000	29.8695	0.0000	23.8104	93.7933
24.0000	0.2870	0.0000	75.4014	0.0000	23.7843	93.9590
24.0000	0.1940	0.0000	69.7405	0.0000	23.8799	94.1239
24.0000	-0.0882	0.0000	24.5696	0.0000	24.1956	94.2861
24.0000	0.2403	0.0000	186.3708	0.0000	23.8638	94.4507
24.0000	0.3204	0.0000	110.8961	0.0000	23.8091	94.6152
24.0000	0.3772	0.0000	139.0206	0.0000	23.7814	94.7789
24.0000	0.2068	0.0000	169.8497	0.0000	24.2765	94.9438
24.0000	0.2266	0.0000	178.5827	0.0000	23.9808	95.1099
24.0000	0.2539	0.0000	193.0979	0.0000	24.0044	95.2733
24.0000	0.2391	0.0000	88.8221	0.0000	24.0000	95.4378
24.0000	0.2867	0.0000	73.2295	0.0000	23.9221	95.6031
24.0000	0.3295	0.0000	133.8955	0.0000	23.9081	95.7691
24.0000	0.0286	0.0000	82.0758	0.0000	24.2619	95.9348
24.0000	0.2718	0.0000	200.8740	0.0000	24.0913	96.1027
24.0000	0.0773	0.0000	-9.8563	0.0000	24.1085	96.2692
24.0000	-0.0217	0.0000	16.7715	0.0000	24.1752	96.4372
24.0000	0.0903	0.0000	-23.2676	0.0000	24.0310	96.6032
24.0000	-0.2107	0.0000	-77.1308	0.0000	24.3079	96.7685
24.0000	-0.0516	0.0000	22.2876	0.0000	24.1350	96.9361
24.0000	-0.0026	0.0000	-30.7157	0.0000	24.0784	97.1021
24.0000	0.0868	0.0000	-25.2445	0.0000	23.9168	97.2659
24.0000	0.1140	0.0000	27.7684	0.0000	23.9755	97.4308
24.0000	0.4639	0.0000	163.3680	0.0000	23.6515	97.5942
24.0000	0.2805	0.0000	206.1833	0.0000	24.0952	97.7591
24.0000	0.3947	0.0000	205.0314	0.0000	23.7710	97.9213
24.0000	0.2933	0.0000	212.5011	0.0000	23.9090	98.0881
24.0000	0.3345	0.0000	98.9191	0.0000	23.8873	98.2522
24.0000	0.3698	0.0000	135.7070	0.0000	23.8711	98.4164
24.0000	0.3423	0.0000	101.9191	0.0000	23.9094	98.5813
24.0000	0.4700	0.0000	167.1800	0.0000	23.7913	98.7458
24.0000	0.0412	0.0000	85.8514	0.0000	24.2083	98.9115
24.0000	0.0459	0.0000	90.6263	0.0000	24.3342	99.0783
24.0000	-0.1170	0.0000	7.1961	0.0000	24.3321	99.2474
24.0000	-0.1461	0.0000	-27.0025	0.0000	24.3354	99.4127
24.0000	-0.2776	0.0000	-109.7815	0.0000	24.4224	99.5788
24.0000	0.0880	0.0000	111.3413	0.0000	24.4810	99.7475
24.0000	-0.1008	0.0000	-60.6299	0.0000	24.1917	99.9139
24.0000	-0.1305	0.0000	-81.4228	0.0000	24.2044	100.0792
24.0000	0.1409	0.0000	79.1076	0.0000	23.9257	100.2445
24.0000	0.3143	0.0000	129.7045	0.0000	23.7635	100.4090
24.0000	0.0922	0.0000	92.4648	0.0000	23.9900	100.5701
24.0000	0.1564	0.0000	145.0261	0.0000	24.1102	100.7369
24.0000	0.3860	0.0000	143.5887	0.0000	23.7400	100.8999
24.0000	0.4926	0.0000	177.4384	0.0000	23.6654	101.0633
24.0000	0.2914	0.0000	191.8780	0.0000	23.8938	101.2270
24.0000	0.3784	0.0000	253.4268	0.0000	23.8345	101.3935
24.0000	0.3363	0.0000	232.6496	0.0000	23.9697	101.5580
24.0000	0.2540	0.0000	77.1384	0.0000	23.9798	101.7229
24.0000	0.4008	0.0000	150.2800	0.0000	23.8435	101.8885
24.0000	0.3393	0.0000	100.5249	0.0000	23.8927	102.0531
24.0000	0.2249	0.0000	177.8081	0.0000	24.1484	102.2218
24.0000	0.1299	0.0000	15.3965	0.0000	24.0797	102.3882
24.0000	-0.1155	0.0000	-106.1116	0.0000	24.2949	102.5543
24.0000	0.0216	0.0000	-57.3782	0.0000	24.0430	102.7200
24.0000	0.2295	0.0000	46.3906	0.0000	23.9020	102.8875
24.0000	-0.2589	0.0000	-59.5182	0.0000	24.4875	103.0548
24.0000	-0.1473	0.0000	-7.0882	0.0000	24.2281	103.2212
24.0000	0.0061	0.0000	-25.3896	0.0000	24.0679	103.3876
24.0000	0.1566	0.0000	9.1669	0.0000	23.8852	103.5518
24.0000	0.3007	0.0000	121.8455	0.0000	23.7857	103.7163
24.0000	0.3629	0.0000	113.0432	0.0000	23.7488	103.8789
24.0000	0.2666	0.00003	104.0426
.0000	23.870	160.2192	024.0000	0.2967	0.0000	156.3105	0.0000	23.8699	104.2095
24.0000	0.4312	0.0000	184.9296	0.0000	23.7619	104.3724
24.0000	0.7138	0.0000	287.3103	0.0000	23.5152	104.5358
24.0000	0.4649	0.0000	201.8252	0.0000	23.7771	104.7015
24.0000	0.3898	0.0000	144.7641	0.0000	23.8622	104.8656
24.0000	0.2575	0.0000	117.0706	0.0000	23.9980	105.0301
24.0000	0.1099	0.0000	82.7953	0.0000	24.1419	105.1989
24.0000	0.1367	0.0000	19.4808	0.0000	24.0995	105.3645
24.0000	0.1206	0.0000	29.8463	0.0000	24.0960	105.5306
24.0000	0.1140	0.0000	-11.0920	0.0000	24.0729	105.6978
24.0000	0.0382	0.0000	-48.1845	0.0000	24.1156	105.8642
24.0000	-0.1019	0.0000	-61.3358	0.0000	24.2202	106.0322
24.0000	-0.0693	0.0000	-43.7508	0.0000	24.1560	106.1967
24.0000	-0.0440	0.0000	25.2627	0.0000	24.1201	106.3628
24.0000	-0.0481	0.0000	44.2817	0.0000	24.1959	106.5307
24.0000	0.0115	0.0000	72.6819	0.0000	24.2954	106.6937
24.0000	0.1508	0.0000	85.1812	0.0000	23.9318	106.8586
24.0000	0.4083	0.0000	133.1532	0.0000	23.6276	107.0212
24.0000	0.5148	0.0000	185.5921	0.0000	23.5509	107.1854
24.0000	0.2320	0.0000	181.7179	0.0000	23.9256	107.3488
24.0000	0.4266	0.0000	142.1241	0.0000	23.6951	107.5140
24.0000	0.5890	0.0000	225.8910	0.0000	23.6270	107.6789
24.0000	0.6014	0.0000	231.2111	0.0000	23.6322	107.8431
24.0000	0.0777	0.0000	65.4101	0.0000	24.1606	108.0080
24.0000	0.1357	0.0000	134.8530	0.0000	24.3303	108.1759
24.0000	0.1990	0.0000	31.0411	0.0000	24.0338	108.3412
24.0000	0.3952	0.0000	129.3836	0.0000	23.8319	108.5065
24.0000	-0.0855	0.0000	25.9051	0.0000	24.3571	108.6733
24.0000	-0.1331	0.0000	1.4337	0.0000	24.5032	108.8405
24.0000	-0.1597	0.0000	-11.6569	0.0000	24.4853	109.0097
24.0000	-0.1213	0.0000	-127.7712	0.0000	24.1650	109.1742
24.0000	-0.0812	0.0000	-76.2693	0.0000	24.1804	109.3406
24.0000	-0.2480	0.0000	-54.1661	0.0000	24.3999	109.5071
24.0000	-0.0792	0.0000	28.9706	0.0000	24.4485	109.6746
24.0000	0.0231	0.0000	79.3564	0.0000	24.1251	109.8392
24.0000	0.3633	0.0000	209.1516	0.0000	23.7293	110.0018
24.0000	0.3481	0.0000	145.3485	0.0000	23.7665	110.1671
24.0000	0.4013	0.0000	170.3835	0.0000	23.7322	110.3316
24.0000	0.3493	0.0000	240.0516	0.0000	23.9058	110.4938
24.0000	0.2476	0.0000	150.8042	0.0000	23.9502	110.6579
24.0000	0.4709	0.0000	298.9594	0.0000	23.8411	110.8244
24.0000	0.4809	0.0000	172.0385	0.0000	23.7614	110.9885
24.0000	0.3846	0.0000	143.6705	0.0000	23.8686	111.1534
24.0000	0.2988	0.0000	80.1869	0.0000	23.9586	111.3179
24.0000	0.4140	0.0000	137.6530	0.0000	23.8355	111.4840
24.0000	0.0466	0.0000	89.9623	0.0000	24.3376	111.6500
24.0000	0.0524	0.0000	91.6253	0.0000	24.1676	111.8176
24.0000	-0.2545	0.0000	-59.4767	0.0000	24.4356	111.9837
24.0000	-0.0488	0.0000	-14.6314	0.0000	24.1986	112.1493
24.0000	0.0954	0.0000	17.84.0256	112.3173
24.0000	-0.0872	0.0000	25.02820	0.0000	298	0.0000	24.2086	112.4857
24.0000	0.2269	0.0000	43.7857	0.0000	23.8201	112.6498
24.0000	0.3138	0.0000	107.8773	0.0000	23.7662	112.8151
24.0000	0.1195	0.0000	125.8619	0.0000	24.1930	112.9808
24.0000	0.2481	0.0000	151.7217	0.0000	23.8365	113.1434
24.0000	0.1448	0.0000	80.9617	0.0000	23.9570	113.3063
24.0000	0.2928	0.0000	212.2430	0.0000	23.9879	113.4736
24.0000	0.4851	0.0000	191.9988	0.0000	23.6749	113.6361
24.0000	0.6369	0.0000	268.3449	0.0000	23.5538	113.7991
24.0000	0.2615	0.0000	196.8073	0.0000	24.0686	113.9640
24.0000	0.1750	0.0000	114.4355	0.0000	24.0492	114.1286
24.0000	0.2376	0.0000	145.5818	0.0000	24.0004	114.2946
24.0000	0.2615	0.0000	99.9669	0.0000	23.9810	114.4603
24.0000	0.3521	0.0000	106.8725	0.0000	23.8863	114.6252
24.0000	0.4350	0.0000	186.6080	0.0000	23.7935	114.7912
24.0000	-0.0728	0.0000	32.1411	0.0000	24.5697	114.9596
24.0000	-0.0227	0.0000	-1.7324	0.0000	24.2004	115.1276
24.0000	0.0725	0.0000	102.7733	0.0000	24.0808	115.2936
24.0000	-0.1236	0.0000	-120.8957	0.0000	24.2421	115.4593
24.0000	0.0798	0.0000	-27.1016	0.0000	24.0190	115.6261
24.0000	-0.1429	0.0000	-43.2495	0.0000	24.2251	115.7918
24.0000	-0.0530	0.0000	20.7853	0.0000	24.1254	115.9601
24.0000	0.0733	0.0000	103.1133	0.0000	24.0038	116.1247
24.0000	0.1400	0.0000	135.9499	0.0000	23.9494	116.2888
24.0000	0.2540	0.0000	116.2313	0.0000	23.8566	116.4529
24.0000	0.5636	0.0000	251.2548	0.0000	23.5767	116.6155
24.0000	0.6133	0.0000	234.1170	0.0000	23.4903	116.7793
24.0000	0.4302	0.0000	261.0601	0.0000	23.7656	116.9423
24.0000	0.4054	0.0000	134.2605	0.0000	23.8187	117.1087
24.0000	0.4453	0.0000	173.1716	0.0000	23.7963	117.2740
24.0000	0.3388	0.0000	100.1426	0.0000	23.9136	117.4385
24.0000	0.4840	0.0000	172.5254	0.0000	23.7773	117.6026
24.0000	0.2547	0.0000	77.3614	0.0000	23.9954	117.7695
24.0000	-0.0803	0.0000	25.3883	0.0000	24.3144	117.9355
24.0000	-0.0077	0.0000	64.2045	0.0000	24.2967	118.1031
24.0000	-0.0814	0.0000	27.9202	0.0000	24.4367	118.2692
24.0000	-0.0277	0.0000	-6.7322	0.0000	24.1785	118.4348
24.0000	-0.0599	0.0000	38.5164	0.0000	24.2472	118.6051
24.0000	-0.0928	0.0000	-94.9269	0.0000	24.1794	118.7708
24.0000	-0.1595	0.0000	-57.4354	0.0000	24.2342	118.9364
24.0000	0.1926	0.0000	85.8534	0.0000	23.8775	119.1021
24.0000	0.2379	0.0000	71.6307	0.0000	23.8333	119.2655
24.0000	0.1067	0.0000	81.2513	0.0000	23.9715	119.4277
24.0000	0.2747	0.0000	203.3016	0.0000	23.8330	119.5930
24.0000	0.3789	0.0000	119.6570	0.0000	23.6732	119.7571
24.0000	0.3675	0.0000	113.0448	0.0000	23.7604	119.9220
24.0000	0.0608	0.0000	76.2188	0.0000	24.1204	120.0858
24.0000	0.1919	0.0000	141.3868	0.0000	24.0166	120.2495
24.0000	0.3287	0.0000	229.9315	0.0000	24.0484	120.4156
24.0000	0.3462	0.0000	103.5655	0.0000	23.8536	120.5801
24.0000	0.3040	0.0000	81.7696	0.0000	23.9038	120.7450
24.0000	0.4291	0.0000	147.3146	0.0000	23.8084	120.9118
24.0000	-0.0065	0.0000	64.7952	0.0000	24.2972	121.0779
24.0000	0.0567	0.0000	74.7466	0.0000	24.1478	121.2462
24.0000	-0.1310	0.0000	-94.3842	0.0000	24.3098	121.4123
24.0000	-0.0510	0.0000	-93.1044	0.0000	24.1626	121.5795
24.0000	0.1884	0.0000	25.9515	0.0000	23.9335	121.7455
24.0000	-0.2911	0.0000	-75.4103	0.0000	24.4499	121.9120
24.0000	0.0090	0.0000	-5.6202	0.0000	24.0681	122.0792
24.0000	0.1721	0.0000	16.7751	0.0000	23.8332	122.2441
24.0000	0.2010	0.0000	52.3465	0.0000	23.8779	122.4090
24.0000	0.2862	0.0000	74.8794	0.0000	23.8054	122.5724
24.0000	0.5059	0.0000	182.1994	0.0000	23.5776	122.7361
24.0000	0.4988	0.0000	238.1207	0.0000	23.6400	122.9018
24.0000	0.3222	0.0000	226.7008	0.0000	23.8437	123.0644
24.0000	0.3685	0.0000	249.5196	0.0000	24.0564	123.2312
24.0000	0.3303	0.0000	115.9294	0.0000	23.8918	123.3950
24.0000	0.3957	0.0000	129.3226	0.0000	23.8443	123.5587
24.0000	0.5000	0.0000	179.3208	0.0000	23.6857	123.7232
24.0000	0.4486	0.0000	152.9641	0.0000	23.7413	123.8881
24.0000	-0.0764	0.0000	8.0851	0.0000	24.3205	124.0550
24.0000	0.0832	0.0000	108.9885	0.0000	24.2365	124.2206
24.0000	-0.0117	0.0000	61.3872	0.0000	24.2307	124.3897
24.0000	0.1351	0.0000	56.5846	0.0000	24.0557	124.5554
24.0000	-0.1295	0.0000	-17.8585	0.0000	24.2825	124.7226
24.0000	0.0236	0.0000	-56.3501	0.0000	24.0577	124.8898
24.0000	-0.1028	0.0000	-99.9278	0.0000	24.1910	125.0559
24.0000	0.2278	0.0000	66.5257	0.0000	23.8512	125.2212
24.0000	-0.1490	0.0000	-26.1616	0.0000	24.2128	125.3868
24.0000	0.3086	0.0000	107.7223	0.0000	23.7666	125.5502
24.0000	0.0591	0.0000	94.8340	0.0000	24.0241	125.7163
24.0000	0.3328	0.0000	98.0479	0.0000	23.7728	125.8796
24.0000	0.4906	0.0000	214.9061	0.0000	23.6392	126.0438
24.0000	0.2311	0.0000	181.1397	0.0000	23.9260	126.2067
24.0000	0.3247	0.0000	170.1887	0.0000	23.8643	126.3728
24.0000	0.3983	0.0000	169.8018	0.0000	23.8139	126.5377
24.0000	0.3805	0.0000	160.3825	0.0000	23.8492	126.7014
24.0000	0.1518	0.0000	45.2990	0.0000	24.0845	126.8660
24.0000	0.2878	0.0000	74.7591	0.0000	23.8041	127.0305
24.0000	0.2712	0.0000	124.0163	0.0000	23.9663	127.1958
24.0000	0.2054	0.0000	91.4235	0.0000	24.0202	127.3645
24.0000	-0.0333	0.0000	-27.6172	0.0000	24.2344	127.5321
24.0000	0.1946	0.0000	67.4038	0.0000	23.9868	127.6978
24.0000	-0.0415	0.0000	-31.3802	0.0000	24.1898	127.8650
24.0000	0.0115	0.0000	-62.3573	0.0000	24.0743	128.0306
24.0000	-0.2679	0.0000	-67.3381	0.0000	24.3606	128.1975
24.0000	0.0896	0.0000	111.0526	0.0000	23.9936	128.3639
24.0000	0.2311	0.0000	45.8669	0.0000	23.7773	128.5292
24.0000	0.1178	0.0000	11.7034	0.0000	23.9577	128.6952
24.0000	0.3228	0.0000	93.8302	0.0000	23.7716	128.8586
24.0000	0.5150	0.0000	207.9897	0.0000	23.6024	129.0223
24.0000	0.3695	0.0000	231.1293	0.0000	23.7681	129.1857
24.0000	0.3717	0.0000	251.1161	0.0000	23.7981	129.3529
24.0000	0.4682	0.0000	203.2855	0.0000	23.7370	129.5151
24.0000	0.5738	0.0000	218.1962	0.0000	23.6518	129.6804
24.0000	0.4516	0.0000	195.7708	0.0000	23.7890	129.8450
24.0000	0.5178	0.0000	187.0728	0.0000	23.6688	130.0083
24.0000	0.0595	0.0000	96.8459	0.0000	24.1976	130.1744
24.0000	-0.0765	0.0000	30.3141	0.0000	24.4327	130.3416
24.0000	0.1038	0.0000	98.0161	0.0000	24.1357	130.5069
24.0000	-0.0252	0.0000	-41.8592	0.0000	24.2407	130.6760
24.0000	0.1004	0.0000	20.9586	0.0000	24.0855	130.8424
24.0000	-0.2369	0.0000	-109.7059	0.0000	24.3857	131.0096
24.0000	0.0377	0.0000	-49.4176	0.0000	24.0791	131.1757
24.0000	-0.0801	0.0000	-31.1113	0.0000	24.1656	131.3414
24.0000	0.0448	0.0000	31.1230	0.0000	24.0284	131.5101
24.0000	0.1701	0.0000	37.1496	0.0000	23.8993	131.6742
24.0000	-0.0364	0.0000	49.0712	0.0000	24.1957	131.8372
24.0000	0.0805	0.0000	-27.6523	0.0000	24.0030	132.0017
24.0000	0.3118	0.0000	107.4289	0.0000	23.7978	132.1655
24.0000	0.2627	0.0000	158.7563	0.0000	23.8676	132.3285
24.0000	0.3964	0.0000	225.2151	0.0000	23.7652	132.4941
24.0000	0.5268	0.0000	194.2889	0.0000	23.6650	132.6587
24.0000	0.3496	0.0000	163.3629	0.0000	23.8670	132.8243
24.0000	0.6133	0.0000	256.3062	0.0000	23.6205	132.9873
24.0000	0.1679	0.0000	91.6494	0.0000	24.0724	133.1518
24.0000	0.1301	0.0000	130.2748	0.0000	24.1130	133.3198
24.0000	0.1706	0.0000	17.0451	0.0000	23.9125	133.4855
24.0000	0.3537	0.0000	128.4145	0.0000	23.8742	133.6508
24.0000	0.0360	0.0000	26.0605	0.0000	24.124.0000	-709	133.8184
0	-73.8184	0.2879	0.0000.0000	24.5337	133.9852
24.0000	-0.0400	0.0000	48.2844	0.0000	24.3412	134.1512
24.0000	0.0197	0.0000	18.4355	0.0000	24.1005	134.3207
24.0000	-0.0095	0.0000	-52.7243	0.0000	24.1039	134.4864
24.0000	-0.0033	0.0000	-69.6034	0.0000	24.0807	134.6521
24.0000	0.2680	0.0000	64.0263	0.0000	23.7417	134.8162
24.0000	0.0775	0.0000	105.6627	0.0000	24.0015	134.9807
24.0000	0.1053	0.0000	119.8778	0.0000	24.0590	135.1456
24.0000	0.1886	0.0000	160.9234	0.0000	24.0756	135.3101
24.0000	0.3626	0.0000	246.6141	0.0000	23.7801	135.4762
24.0000	0.4624	0.0000	182.1540	0.0000	23.7078	135.6396
24.0000	0.6224	0.0000	280.2214	0.0000	23.5818	135.8029
24.0000	0.5174	0.0000	228.6968	0.0000	23.7109	135.9671
24.0000	0.5991	0.0000	230.7685	0.0000	23.6426	136.1316
24.0000	0.2588	0.0000	175.2080	0.0000	23.9936	136.2957
24.0000	0.2592	0.0000	117.9218	0.0000	23.9941	136.4610
24.0000	0.0810	0.0000	105.7658	0.0000	24.1641	136.6294
24.0000	0.2393	0.0000	49.8933	0.0000	23.9640	136.7954
24.0000	-0.0371	0.0000	-30.7135	0.0000	24.2505	136.9626
24.0000	0.0186	0.0000	-57.8413	0.0000	24.0827	137.1287
24.0000	0.0641	0.0000	-35.4422	0.0000	24.0897	137.2951
24.0000	-0.1476	0.0000	-103.3068	0.0000	24.2660	137.4627
24.0000	-0.2299	0.0000	-48.3636	0.0000	24.3184	137.6291
24.0000	-0.0376	0.0000	30.0097	0.0000	24.1152	137.7967
24.0000	0.0394	0.0000	-28.8986	0.0000	24.0312	137.9620
24.0000	0.1489	0.0000	140.3598	0.0000	23.9308	138.1239
24.0000	0.3134	0.0000	108.2828	0.0000	23.7777	138.2891
24.0000	0.3355	0.0000	176.0304	0.0000	23.7751	138.4525
24.0000	0.3231	0.0000	131.3650	0.0000	23.8077	138.6159
24.0000	0.5403	0.0000	198.1708	0.0000	23.5590	138.7812
24.0000	0.5016	0.0000	200.8479	0.0000	23.6935	138.9465
24.0000	0.1773	0.0000	134.8491	0.0000	24.0324	139.1102
24.0000	0.1464	0.0000	119.2894	0.0000	24.0820	139.2747
24.0000	0.2436	0.0000	148.5232	0.0000	23.9967	139.4415
24.0000	0.2415	0.0000	90.0412	0.0000	23.9966	139.6064
24.0000	0.3263	0.0000	113.2083	0.0000	23.9093	139.7729
24.0000	0.0246	0.0000	1.1062	0.0000	24.1992	139.9378
24.0000	-0.0813	0.0000	27.9677	0.0000	24.3229	140.1061
24.0000	-0.0700	0.0000	33.5034	0.0000	24.3861	140.2730
24.0000	-0.1264	0.0000	-92.8700	0.0000	24.2703	140.4402
24.0000	0.0118	0.0000	-61.1703	0.0000	24.1083	140.6058
24.0000	-0.2062	0.0000	-74.8970	0.0000	24.2989	140.7723
24.0000	-0.1772	0.0000	-22.0004	0.0000	24.2582	140.9383
24.0000	0.1512	0.0000	124.2263	0.0000	23.9214	141.1059
24.0000	0.1861	0.0000	44.9184	0.0000	23.8908	141.2700
24.0000	0.1215	0.0000	32.1033	0.0000	23.9651	141.4346
24.0000	0.3489	0.0000	182.5067	0.0000	23.7641	141.5983
24.0000	0.0187	0.0000	75.3609	0.0000	24.1163	141.7621
24.0000	0.3737	0.0000	252.1098	0.0000	23.9182	141.9254
24.0000	0.2040	0.0000	87.1150	0.0000	23.9939	142.0915
24.0000	0.6639	0.0000	259.0519	0.0000	23.5041	142.2545
24.0000	0.2536	0.0000	57.9417	0.0000	23.9083	142.4201
24.0000	0.3684	0.0000	113.4720	0.0000	23.8083	142.5843
24.0000	0.5754	0.0000	257.8085	0.0000	23.6850	142.7492
24.0000	0.0270	0.0000	59.6520	0.0000	24.2209	142.9149
24.0000	0.1237	0.0000	127.0753	0.0000	24.1130	143.0824
24.0000	0.0214	0.0000	-20.5378	0.0000	24.1904	143.2504
24.0000	0.0723	0.0000	-31.6977	0.0000	24.1110	143.4165
24.0000	-0.0916	0.0000	-112.1391	0.0000	24.1960	143.5829
24.0000	0.1686	0.0000	15.0369	0.0000	23.8796	143.7497
24.0000	-0.1954	0.0000	-49.4372	0.0000	24.2829	143.9154
24.0000	0.0881	0.0000	14.4920	0.0000	23.9881	144.0826
24.0000	0.1921	0.0000	161.6551	0.0000	24.1132	144.2487
24.0000	0.0880	0.0000	74.3387	0.0000	23.9899	144.4101
24.0000	0.3155	0.0000	108.7139	0.0000	23.7709	144.5758
24.0000	0.6864	0.0000	270.1408	0.0000	23.3798	144.7380
24.0000	0.2394	0.0000	147.0820	0.0000	23.8945	144.9025
24.0000	0.4039	0.0000	134.1134	0.0000	23.7565	145.0682
24.0000	0.6207	0.0000	241.0940	0.0000	23.5737	145.2315
24.0000	0.2039	0.0000	168.4255	0.0000	24.0128	145.3961
24.0000	0.1547	0.0000	143.1866	0.0000	24.1223	145.5614
24.0000	0.2617	0.0000	196.9195	0.0000	24.1248	145.7263
24.0000	0.2068	0.0000	72.7170	0.0000	24.0299	145.8942
24.0000	0.5113	0.0000	183.8874	0.0000	23.6611	146.0576
24.0000	0.3644	0.0000	132.9155	0.0000	23.8626	146.2244
24.0000	0.0607	0.0000	57.5592	0.0000	24.1438	146.3905
24.0000	-0.0500	0.0000	42.3876	0.0000	24.3838	146.5611
24.0000	-0.1164	0.0000	-68.7325	0.0000	24.2609	146.7260
24.0000	-0.1878	0.0000	-123.3121	0.0000	24.2999	146.8932
24.0000	0.3137	0.0000	107.7471	0.0000	23.7826	147.0593
24.0000	-0.0915	0.0000	-17.6223	0.0000	24.1760	147.2238
24.0000	-0.1599	0.0000	-109.1585	0.0000	24.2353	147.3922
24.0000	0.2102	0.0000	36.5365	0.0000	23.7894	147.5563
24.0000	0.4040	0.0000	131.0104	0.0000	23.6559	147.7197
24.0000	0.4435	0.0000	172.3820	0.0000	23.6711	147.8849
24.0000	0.2316	0.0000	182.0999	0.0000	24.1493	148.0483
24.0000	0.2523	0.0000	172.5147	0.0000	23.9132	148.2113
24.0000	0.4763	0.0000	302.6082	0.0000	23.8121	148.3770
24.0000	0.3467	0.0000	124.2621	0.0000	23.8806	148.5411
24.0000	0.2930	0.0000	116.1731	0.0000	23.9431	148.7068
24.0000	0.4974	0.0000	217.5835	0.0000	23.7547	148.8701
24.0000	0.2089	0.0000	111.8357	0.0000	24.0506	149.0343
24.0000	0.1497	0.0000	120.8366	0.0000	24.0955	149.2007
24.0000	0.1573	0.0000	87.5197	0.0000	24.0748	149.3695
24.0000	0.0586	0.0000	-0.5822	0.0000	24.1533	149.5351
24.0000	-0.0135	0.0000	-55.9962	0.0000	24.1987	149.7031
24.0000	-0.2644	0.0000	-160.2518	0.0000	24.4069	149.8695
24.0000	-0.0868	0.0000	-72.9136	0.0000	24.1982	150.0367
24.0000	-0.0968	0.0000	-115.6940	0.0000	24.1044	150.2024
24.0000	-0.2076	0.0000	-56.2711	0.0000	24.2804	150.3681
24.0000	0.1152	0.0000	123.8780	0.0000	23.9580	150.5341
24.0000	0.3494	0.0000	108.9142	0.0000	23.7234	150.6979
24.0000	0.1303	0.0000	-2.8310	0.0000	23.7306	150.8609
24.0000	0.2713	0.0000	124.8158	0.0000	23.8393	151.0254
24.0000	0.4543	0.0000	196.7800	0.0000	23.6827	151.1895
24.0000	0.2123	0.0000	151.8575	0.0000	23.9511	151.3533
24.0000	0.2210	0.0000	156.7227	0.0000	23.9722	151.5197
24.0000	0.3943	0.0000	148.0910	0.0000	23.8224	151.6838
24.0000	0.3635	0.0000	132.6036	0.0000	23.8693	151.8480
24.0000	0.3916	0.0000	124.8868	0.0000	23.7859	152.0129
24.0000	0.3125	0.0000	125.3476	0.0000	23.9351	152.1786
24.0000	-0.1064	0.0000	11.4569	0.0000	24.3357	152.3446
24.0000	0.1157	0.0000	125.0172	0.0000	24.3301	152.5122
24.0000	0.1074	0.0000	-15.1064	0.0000	24.0257	152.6790
24.0000	-0.3010	0.0000	-180.0927	0.0000	24.4718	152.8462
24.0000	0.1377	0.0000	19.6100	0.0000	24.0134	153.0119
24.0000	-0.0831.7376	0.0024.0000	-0.198209	0.0000	-53.1795
00	24.2008	1	0.0000	-90.0425	0.0000	24.2878	153.3444
24.0000	-0.0025	0.0000	-30.7126	0.0000	24.0840	153.5097
24.0000	-0.1461	0.0000	-6.4652	0.0000	24.2233	153.6784
24.0000	-0.0241	0.0000	-60.5859	0.0000	24.1000	153.8429
24.0000	0.2566	0.0000	58.4275	0.0000	23.8041	154.0059
24.0000	0.4414	0.0000	152.1506	0.0000	23.6775	154.1701
24.0000	0.3481	0.0000	124.6473	0.0000	23.7933	154.3353
24.0000	0.3204	0.0000	168.1184	0.0000	23.8505	154.4972
24.0000	0.3870	0.0000	258.6436	0.0000	23.8195	154.6609
24.0000	0.1707	0.0000	149.6575	0.0000	24.0537	154.8289
24.0000	0.2436	0.0000	188.0245	0.0000	23.9984	154.9927
24.0000	0.2218	0.0000	177.2772	0.0000	24.1060	155.1579
24.0000	0.2190	0.0000	40.3780	0.0000	24.0383	155.3232
24.0000	0.1292	0.0000	34.3961	0.0000	24.1157	155.4889
24.0000	0.4830	0.0000	192.7842	0.0000	23.7601	155.6538
24.0000	0.2414	0.0000	51.7777	0.0000	23.9789	155.8206
24.0000	0.1053	0.0000	-15.5087	0.0000	24.0803	155.9890
24.0000	0.2932	0.0000	97.2274	0.0000	23.8542	156.1550
24.0000	-0.1672	0.0000	-15.3859	0.0000	24.4967	156.3226
24.0000	-0.0681	0.0000	-4.9751	0.0000	24.1527	156.4879
24.0000	0.0970	0.0000	115.7648	0.0000	24.1291	156.6563
24.0000	-0.2139	0.0000	-40.2042	0.0000	24.2764	156.8231
24.0000	0.4035	0.0000	155.0423	0.0000	23.6663	156.9834
24.0000	0.2595	0.0000	120.3325	0.0000	23.8286	157.1483
24.0000	0.2173	0.0000	79.2079	0.0000	23.8872	157.3128
24.0000	0.4418	0.0000	171.3803	0.0000	23.6906	157.4758
24.0000	0.6447	0.0000	253.2107	0.0000	23.5220	157.6395
24.0000	0.3806	0.0000	217.1679	0.0000	23.8125	157.8025
24.0000	0.2220	0.0000	177.3680	0.0000	24.0602	157.9701
24.0000	0.1562	0.0000	143.3572	0.0000	24.0690	158.1342
24.0000	0.3743	0.0000	117.9140	0.0000	23.8649	158.2988
24.0000	0.2311	0.0000	65.6363	0.0000	24.0088	158.4648
24.0000	0.3640	0.0000	170.3051	0.0000	23.8731	158.6305
24.0000	0.0195	0.0000	56.0672	0.0000	24.2005	158.7958
24.0000	0.0139	0.0000	74.2587	0.0000	24.1875	158.9649
24.0000	-0.1348	0.0000	-133.4225	0.0000	24.3019	159.1309
24.0000	-0.2367	0.0000	-136.5963	0.0000	24.3761	159.2985
24.0000	0.0886	0.0000	-4.6764	0.0000	24.0309	159.4646
24.0000	0.2186	0.0000	41.1300	0.0000	23.8794	159.6303
24.0000	-0.1986	0.0000	-29.8258	0.0000	24.3421	159.7967
24.0000	0.0092	0.0000	71.0102	0.0000	24.0627	159.9631
24.0000	0.1171	0.0000	10.5344	0.0000	23.9602	160.1284
24.0000	0.1615	0.0000	12.7070	0.0000	23.9263	160.2926
24.0000	0.3349	0.0000	138.7174	0.0000	23.7812	160.4563
24.0000	0.2308	0.0000	104.6204	0.0000	23.9072	160.6212
24.0000	0.2653	0.0000	178.9811	0.0000	23.9023	160.7830
24.0000	0.3586	0.0000	244.6734	0.0000	24.0051	160.9472
24.0000	0.2339	0.0000	183.2144	0.0000	24.0603	161.1140
24.0000	0.2694	0.0000	162.8504	0.0000	23.9709	161.2778
24.0000	0.2521	0.0000	191.0248	0.0000	24.0015	161.4430
24.0000	0.0903	0.0000	14.9570	0.0000	24.1631	161.6091
24.0000	0.2024	0.0000	32.1367	0.0000	24.0448	161.7740
24.0000	0.4071	0.0000	133.5619	0.0000	23.7649	161.9393
24.0000	0.0521	0.0000	33.9324	0.0000	24.1617	162.1076
24.0000	0.0754	0.0000	-29.8392	0.0000	23.8798	162.2733
24.0000	0.0759	0.0000	-30.6342	0.0000	24.0344	162.4409
24.0000	0.2049	0.0000	35.8593	0.0000	23.9122	162.6073
00	-0.1899	0.0000	-123.24.007323	0.0000	24.2741	162.7734
24.0000	-0.0307	0.0000	52.8814	0.0000	24.1730	162.9402
24.0000	0.0465	0.0000	70.4508	0.0000	24.0211	163.1066
24.0000	-0.0531	0.0000	39.8268	0.0000	24.1611	163.2689
24.0000	0.1216	0.0000	11.9911	0.0000	23.9665	163.4326
24.0000	0.2632	0.0000	63.3221	0.0000	23.8441	163.5968
24.0000	0.1285	0.0000	131.3043	0.0000	24.0342	163.7605
24.0000	0.3795	0.0000	197.4866	0.0000	23.7842	163.9258
24.0000	0.3688	0.0000	135.3311	0.0000	23.8227	164.0903
24.0000	0.4114	0.0000	156.5680	0.0000	23.8068	164.2545
24.0000	0.6746	0.0000	287.7086	0.0000	23.5642	164.4190
24.0000	-0.0573	0.0000	36.8128	0.0000	24.2925	164.5843
24.0000	0.0984	0.0000	116.4524	0.0000	24.2818	164.7499
24.0000	0.1264	0.0000	109.3046	0.0000	24.1066	164.9175
24.0000	0.1646	0.0000	13.4700	0.0000	24.0562	165.0824
24.0000	0.2830	0.0000	91.7603	0.0000	23.9245	165.2492
24.0000	-0.0167	0.0000	1.2453	0.0000	24.1929	165.4145
24.0000	-0.2184	0.0000	-42.9388	0.0000	24.3631	165.5821
24.0000	-0.1056	0.0000	13.5257	0.0000	24.2173	165.7485
24.0000	-0.0233	0.0000	-60.3211	0.0000	24.1170	165.9161
24.0000	-0.0440	0.0000	-51.4053	0.0000	24.1282	166.0829
24.0000	0.1587	0.0000	49.7501	0.0000	23.9164	166.2475
24.0000	0.0637	0.0000	99.3832	0.0000	24.0848	166.4120
24.0000	0.0842	0.0000	70.3818	0.0000	24.0075	166.5757
24.0000	0.2637	0.0000	140.2214	0.0000	23.8486	166.7395
24.0000	0.3584	0.0000	244.5739	0.0000	23.8203	166.9052
24.0000	0.6016	0.0000	232.6023	0.0000	23.5761	167.0693
24.0000	0.6480	0.0000	251.2134	0.0000	23.4946	167.2327
24.0000	0.5988	0.0000	229.9371	0.0000	23.6305	167.3968
24.0000	0.5794	0.0000	259.5021	0.0000	23.6657	167.5621
24.0000	0.1710	0.0000	152.2535	0.0000	24.1535	167.7266
24.0000	0.1924	0.0000	160.2475	0.0000	24.0673	167.8915
24.0000	0.0895	0.0000	112.0944	0.0000	24.2338	168.0599
24.0000	0.1273	0.0000	-5.3037	0.0000	24.0320	168.2263
24.0000	-0.0256	0.0000	-61.4479	0.0000	24.2358	168.3931
24.0000	0.1502	0.0000	7.5118	0.0000	24.0340	168.5584
24.0000	-0.1544	0.0000	-126.0486	0.0000	24.3020	168.7260
24.0000	0.0838	0.0000	-24.4903	0.0000	24.0307	168.8936
24.0000	0.3606	0.0000	151.6807	0.0000	23.7363	169.0593
24.0000	-0.2236	0.0000	-64.2724	0.0000	24.2989	169.2249
24.0000	-0.1638	0.0000	-72.7243	0.0000	24.2271	169.3925
24.0000	0.3707	0.0000	115.6328	0.0000	23.5694	169.5532
24.0000	0.0169	0.0000	-1.8955	0.0000	24.0674	169.7192
24.0000	0.4159	0.0000	177.8111	0.0000	23.6952	169.8826
24.0000	0.6671	0.0000	264.5723	0.0000	23.4706	170.0456
24.0000	0.2499	0.0000	188.8247	0.0000	23.9139	170.2097
24.0000	0.4139	0.0000	270.8813	0.0000	23.8585	170.3766
24.0000	0.3160	0.0000	87.6464	0.0000	23.8650	170.5388
24.0000	0.1281	0.0000	53.8196	0.0000	24.1002	170.7056
24.0000	0.4092	0.0000	155.9763	0.0000	23.8340	170.8697
24.0000	0.3861	0.0000	123.8049	0.0000	23.8577	171.0346
24.0000	-0.0532	0.0000	38.8889	0.0000	24.2875	171.2011
24.0000	0.1045	0.0000	119.4570	0.0000	24.1492	171.3679
24.0000	-0.0986	0.0000	-60.1727	0.0000	24.2994	171.5351
24.0000	-0.1558	0.0000	-98.2880	0.0000	24.3302	171.7027
24.0000	-0.2713	0.0000	-65.6435	0.0000	24.4815	171.8687
24.0000	-0.0181	0.0000	-57.8819	0.0000	24.1351	172.0340
24.0000	-0.0716	0.0000	31.7296	0.0000	24.2391	172.2032
24.0000	0.0331	0.0000	-11.5129	0.0000	24.0417	172.3692
24.0000	0.4408	0.0000	151.3564	0.0000	23.6375	172.5322
24.0000	0.0131	0.0000	34.5872	0.0000	24.0641	172.6979
24.0000	0.1940	0.0000	163.5775	0.0000	24.1470	172.8628
24.0000	0.3068	0.0000	219.1518	0.0000	23.8823	173.0280
24.0000	0.2132	0.0000	76.5789	0.0000	23.9201	173.1926
24.0000	0.6518	0.0000	295.0726	0.0000	23.5221	173.3548
24.0000	0.2332	0.0000	162.7841	0.0000	23.9667	173.5185
24.0000	0.3967	0.0000	243.4267	0.0000	23.8306	173.6850
24.0000	0.3680	0.0000	191.2613	0.0000	23.8777	173.8491
24.0000	0.3431	0.0000	122.3103	0.0000	23.9105	174.0144
24.0000	0.2941	0.0000	97.7146	0.0000	23.9627	174.1801
24.0000	0.2344	0.0000	106.6953	0.0000	24.0145	174.3469
24.0000	-0.0179	0.0000	58.1974	0.0000	24.3219	174.5114
24.0000	-0.0232	0.0000	-22.6895	0.0000	24.2362	174.6805
24.0000	-0.1129	0.0000	11.1657	0.0000	24.2932	174.8470
24.0000	-0.2012	0.0000	-35.3013	0.0000	24.3441	175.0138
24.0000	-0.0657	0.0000	-100.3591	0.0000	24.1772	175.1806
24.0000	0.0999	0.0000	39.5087	0.0000	23.9858	175.3470
24.0000	0.1459	0.0000	5.0179	0.0000	23.9273	175.5123
24.0000	-0.1976	0.0000	-70.4157	0.0000	24.2655	175.6772
24.0000	0.0873	0.0000	-24.9896	0.0000	23.9528	175.8414
24.0000	0.1932	385	0.0000	23.8927	176.0.0000	143.50063
24.0000	0.4138	0.0000	138.3983	0.0000	23.6968	176.1700
24.0000	0.3543	0.0000	146.9411	0.0000	23.7807	176.3342
24.0000	0.6260	0.0000	241.3759	0.0000	23.4425	176.4971
24.0000	0.3783	0.0000	235.1749	0.0000	23.8154	176.6601
24.0000	0.2690	0.0000	199.5001	0.0000	23.9864	176.8269
24.0000	0.3885	0.0000	144.2396	0.0000	23.8419	176.9911
24.0000	0.1718	0.0000	36.0994	0.0000	24.0663	177.1568
24.0000	0.4358	0.0000	149.5651	0.0000	23.8073	177.3220
24.0000	0.5001	0.0000	180.6683	0.0000	23.7344	177.4881
24.0000	0.0879	0.0000	111.2782	0.0000	24.2014	177.6534
24.0000	0.0823	0.0000	49.1874	0.0000	24.1203	177.8217
24.0000	-0.0010	0.0000	-68.4734	0.0000	24.0940	177.9889
24.0000	-0.1813	0.0000	-137.8573	0.0000	24.3298	178.1546
24.0000	-0.1570	0.0000	-88.7981	0.0000	24.2707	178.3230
24.0000	-0.1083	0.0000	-26.0542	0.0000	24.1979	178.4871
24.0000	0.0204	0.0000	78.0290	0.0000	24.1063	178.6528
Target: 40.000
40.0000	1.2180	0.0000	600.0000	0.0000	24.8263	178.8610
40.0000	1.2180	0.0000	600.0000	0.0000	27.2582	179.0516
40.0000	1.2180	0.0000	600.0000	0.0000	29.7620	179.2641
40.0000	1.2180	0.0000	600.0000	0.0000	32.3004	179.4903
40.0000	1.2180	0.0000	600.0000	0.0000	34.1071	179.7300
40.0000	1.2180	0.0000	600.0000	0.0000	35.6912	179.9804
40.0000	1.2180	0.0000	600.0000	0.0000	37.3322	180.2408
40.0000	1.2180	0.0000	600.0000	0.0000	38.9145	180.5135
40.0000	-0.3285	0.0000	-93.8144	0.0000	41.5740	180.8011
40.0000	-0.9695	0.0000	-409.5618	0.0000	42.0589	181.0910
40.0000	-0.6749	0.0000	-286.8923	0.0000	41.3688	181.3729
40.0000	-0.2818	0.0000	-147.5784	0.0000	40.8497	181.6575
40.0000	-0.0501	0.0000	-92.6621	0.0000	40.3736	181.9359
40.0000	-0.1181	0.0000	8.8429	0.0000	40.7669	182.2101
40.0000	0.4228	0.0000	276.2660	0.0000	40.1028	182.4827
40.0000	0.8897	0.0000	506.2860	0.0000	39.9460	182.7596
40.0000	0.7867	0.0000	347.5300	0.0000	39.6924	183.0331
40.0000	0.8026	0.0000	328.3566	0.0000	39.6505	183.3069
40.0000	0.1623	0.0000	147.9366	0.0000	40.4710	183.5830
40.0000	0.0768	0.0000	105.8172	0.0000	40.6911	183.8614
40.0000	-0.1361	0.0000	-33.3078	0.0000	40.5438	184.1440
40.0000	-0.2344	0.0000	-47.4761	0.0000	40.8090	184.4248
40.0000	-0.2741	0.0000	-203.0162	0.0000	40.4380	184.7039
40.0000	0.0501	0.0000	-43.3123	0.0000	40.0057	184.9812
40.0000	-0.1998	0.0000	-31.4163	0.0000	40.4159	185.2566
40.0000	0.3114	0.0000	221.4035	0.0000	40.1157	185.5292
40.0000	0.5209	0.0000	293.2046	0.0000	39.6990	185.8003
40.0000	0.9309	0.0000	526.5501	0.0000	39.4255	186.0742
40.0000	0.8633	0.0000	357.2607	0.0000	39.4942	186.3468
40.0000	0.7676	0.0000	311.1372	0.0000	39.5267	186.6210
40.0000	0.5793	0.0000	217.3522	0.0000	39.7429	186.8972
40.0000	-0.3248	0.0000	-91.9810	0.0000	40.6903	187.1760
40.0000	-0.5642	0.0000	-210.9486	0.0000	41.0271	187.4567
40.0000	-0.7923	0.0000	-324.1434	0.0000	40.9723	187.7370
40.0000	-0.4702	0.0000	-163.6116	0.0000	40.6873	188.0193
40.0000	0.0397	0.0000	-47.4577	0.0000	39.9974	188.2935
40.0000	0.0559	0.0000	81.3823	0.0000	40.0143	188.5627
40.0000	0.4658	0.0000	297.4549	0.0000	39.7506	188.8350
40.0000	0.7291	0.0000	416.2752	0.0000	39.4759	189.1092
40.0000	0.7863	0.0000	319.3491	0.0000	39.4729	189.3814
40.0000	0.7391	0.0000	296.1133	0.0000	39.5782	189.6545
40.0000	0.4062	0.0000	132.1067	0.0000	39.9197	189.9306
40.0000	-0.0569	0.0000	39.9671	0.0000	40.4231	190.2075
40.0000	-0.3419	0.0000	-100.4071	0.0000	40.6918	190.4871
40.0000	-0.6802	0.0000	-267.0543	0.0000	40.9564	190.7708
40.0000	-0.3623	0.0000	-242.4077	0.0000	40.4729	191.0500
40.0000	0.1018	0.0000	-17.8505	0.0000	39.9278	191.3265
40.0000	0.3684	0.0000	113.4851	0.0000	39.6669	191.5996
40.0000	0.2576	0.0000	194.9010	0.0000	40.0911	191.8722
40.0000	0.6080	0.0000	366.5251	0.0000	39.7599	192.1426
40.0000	0.9807	0.0000	541.3377	0.0000	39.2954	192.4156
40.0000	0.6535	0.0000	389.9432	0.0000	39.7913	192.6898
40.0000	0.6487	0.0000	387.5379	0.0000	39.8219	192.9640
40.0000	0.2498	0.0000	55.0300	0.0000	40.0978	193.2409
40.0000	0.2744	0.0000	67.1907	0.0000	40.0012	193.5193
40.0000	-0.4082	0.0000	-264.5610	0.0000	40.6507	193.7993
40.0000	-0.4341	0.0000	-281.8516	0.0000	40.5145	194.0785
40.0000	-0.5115	0.0000	-183.9711	0.0000	40.8728	194.3577
40.0000	-0.1082	0.0000	13.6920	0.0000	40.3154	194.6319
40.0000	0.5579	0.0000	207.8225	0.0000	39.3263	194.9053
40.0000	0.4719	0.0000	300.4520	0.0000	39.7078	195.1753
40.0000	0.7135	0.0000	389.3350	0.0000	39.4945	195.4464
40.0000	0.6757	0.0000	275.7381	0.0000	39.6092	195.7229
40.0000	0.5265	0.0000	200.3999	0.0000	39.8029	195.9979
40.0000	0.6374	0.0000	246.0083	0.0000	39.6581	196.2717
40.0000	0.0179	0.0000	76.8371	0.0000	40.4575	196.5493
40.0000	-0.3827	0.0000	-120.4982	0.0000	40.6899	196.8289
40.0000	-0.5896	0.0000	-222.4339	0.0000	40.7541	197.1123
40.0000	-0.1051	0.0000	-119.7565	0.0000	40.1474	197.3900
40.0000	0.2649	0.0000	62.5042	0.0000	39.7808	197.6657
40.0000	0.6029	0.0000	258.3470	0.0000	39.4722	197.9384
40.0000	0.4914	0.0000	310.0791	0.0000	39.7367	198.2103
40.0000	0.8072	0.0000	465.6429	0.0000	39.5576	198.4852
40.0000	0.8325	0.0000	342.1199	0.0000	39.3547	198.7564
40.0000	0.6864	0.0000	270.1199	0.0000	39.5726	199.0283
40.0000	0.5636	0.0000	209.6249	0.0000	39.8065	199.3036
40.0000	0.2905	0.0000	76.1055	0.0000	39.9407	199.5809
40.0000	0.0320	0.0000	-52.2382	0.0000	40.0838	199.8589
40.0000	-0.3076	0.0000	-218.5171	0.0000	40.2794	200.1400
40.0000	-0.6440	0.0000	-287.1698	0.0000	40.7694	200.4196
40.0000	-0.2596	0.0000	-59.8794	0.0000	40.3706	200.7011
40.0000	-0.1569	0.0000	-10.2923	0.0000	40.3688	200.9722
40.0000	0.5229	0.0000	189.6001	0.0000	39.3527	201.2433
40.0000	0.6440	0.0000	374.1932	0.0000	39.5084	201.5137
40.0000	0.7204	0.0000	422.8543	0.0000	39.5650	201.7894
40.0000	0.7995	0.0000	325.8267	0.0000	39.3961	202.0609
40.0000	0.5549	0.0000	251.0147	0.0000	39.7901	202.3363
40.0000	0.4920	0.0000	184.3169	0.0000	39.8481	202.6132
40.0000	-0.2227	0.0000	-41.6944	0.0000	40.6059	202.8904
40.0000	-0.4119	0.0000	-134.9262	0.0000	40.9161	203.1704
40.0000	-0.4359	0.0000	-147.7372	0.0000	40.7869	203.4534
40.0000	-0.3518	0.0000	-179.4125	0.0000	40.4383	203.7311
40.0000	0.2937	0.0000	77.6898	0.0000	39.7348	204.0060
40.0000	0.4945	0.0000	204.2393	0.0000	39.5887	204.2787
40.0000	0.3819	0.0000	256.1089	0.0000	39.7826	204.5494
40.0000	0.8856	0.0000	503.2714	0.0000	39.6028	204.8236
40.0000	0.9424	0.0000	408.6673	0.0000	39.3639	205.0948
40.0000	0.7544	0.0000	304.6137	0.0000	39.5893	205.3682
40.0000	0.5378	0.0000	197.9260	0.0000	39.8255	205.6432
40.0000	0.2517	0.0000	55.9845	0.0000	40.0188	205.9212
40.0000	-0.6978	0.0000	-277.6709	0.0000	40.9912	206.2012
40.0000	-0.5974	0.0000	-242.8300	0.0000	40.7966	206.4803
40.0000	-0.5036	0.0000	-181.0656	0.0000	40.6185	206.7641
40.0000	-0.1186	0.0000	-125.4205	0.0000	40.0912	207.0399
40.0000	0.1348	0.0000	133.3999	0.0000	40.1176	207.3102
40.0000	0.2570	0.0000	181.5210	0.0000	39.8347	207.5825
40.0000	0.7167	0.0000	421.0508	0.0000	39.5518	207.8571
40.0000	0.8152	0.0000	333.5873	0.0000	39.3930	208.1286
40.0000	0.7812	0.0000	316.8402	0.0000	39.4759	208.4017
40.0000	0.5818	0.0000	246.1747	0.0000	39.7620	208.6766
40.0000	-0.0777	0.0000	29.7062	0.0000	40.4888	208.9531
40.0000	-0.1154	0.0000	11.1498	0.0000	40.4177	209.2354
40.0000	-0.2933	0.0000	-76.4759	0.0000	40.5983	209.5142
40.0000	-0.1964	0.0000	-164.7323	0.0000	40.2829	209.7930
40.0000	-0.0135	0.0000	-74.6660	0.0000	39.8968	210.0702
40.0000	-0.2086	0.0000	-35.7346	0.0000	40.4185	210.3460
40.0000	0.3677	0.0000	236.7798	040.0000	0.7.0000	39.71
366	0.0000	86	210.6171430.8659	0.0000	39.5547	210.8921
40.0000	1.0211	0.0000	446.7320	0.0000	39.2254	211.1628
40.0000	0.9638	0.0000	439.0740	0.0000	39.3569	211.4343
40.0000	0.8264	0.0000	348.8248	0.0000	39.5510	211.7078
40.0000	0.0280	0.0000	81.7731	0.0000	40.6497	211.9850
40.0000	-0.1103	0.0000	12.6501	0.0000	40.7766	212.2627
40.0000	-0.2937	0.0000	-77.6737	0.0000	40.8988	212.5422
40.0000	-0.6581	0.0000	-256.2016	0.0000	40.8993	212.8226
40.0000	-0.3631	0.0000	-110.8606	0.0000	40.5741	213.1052
40.0000	-0.1359	0.0000	-134.9369	0.0000	40.0769	213.3806
40.0000	0.0619	0.0000	98.4844	0.0000	40.2483	213.6513
40.0000	0.7532	0.0000	439.0492	0.0000	39.3742	213.9251
40.0000	0.7667	0.0000	309.6623	0.0000	39.3980	214.1963
40.0000	1.0801	0.0000	464.0903	0.0000	39.0650	214.4678
40.0000	0.9350	0.0000	393.5755	0.0000	39.3324	214.7412
40.0000	0.1157	0.0000	125.0032	0.0000	40.3613	215.0177
40.0000	0.1794	0.0000	156.3961	0.0000	40.2289	215.2969
40.0000	-0.0272	0.0000	-81.4039	0.0000	40.0385	215.5749
40.0000	-0.4605	0.0000	-294.8404	0.0000	40.5952	215.8560
40.0000	-0.2435	0.0000	-187.9558	0.0000	40.1560	216.1341
40.0000	-0.2742	0.0000	-83.2381	0.0000	40.3438	216.4102
40.0000	-0.0845	0.0000	26.3680	0.0000	40.2875	216.6890
40.0000	0.6751	0.0000	390.0552	0.0000	39.4186	216.9601
40.0000	0.8002	0.0000	326.2097	0.0000	39.3508	217.2320
40.0000	1.0845	0.0000	466.2242	0.0000	39.0858	217.5028
40.0000	1.0209	0.0000	447.6240	0.0000	39.3116	217.7747
40.0000	0.8269	0.0000	339.3500	0.0000	39.4871	218.0489
40.0000	0.2187	0.0000	175.7324	0.0000	40.2872	218.3250
40.0000	-0.0592	0.0000	38.8612	0.0000	40.6457	218.6068
40.0000	-0.4546	0.0000	-155.9360	0.0000	40.8326	218.8883
40.0000	-0.4897	0.0000	-309.2209	0.0000	40.5408	219.1675
40.0000	-0.3074	0.0000	-219.4339	0.0000	40.3179	219.4455
40.0000	0.2947	0.0000	78.1785	0.0000	39.6851	219.7201
40.0000	0.2571	0.0000	85.9616	0.0000	39.8049	219.9939
40.0000	0.6640	0.0000	259.0831	0.0000	39.3175	220.2655
40.0000	0.9970	0.0000	423.1393	0.0000	39.1551	220.5358
40.0000	0.7434	0.0000	367.5085	0.0000	39.5288	220.8066
40.0000	0.6673	0.0000	396.7361	0.0000	39.9176	221.0811
40.0000	0.2606	0.0000	196.3546	0.0000	40.2522	221.3611
40.0000	-0.0012	0.0000	-68.5972	0.0000	40.2560	221.6391
40.0000	-0.1528	0.0000	-119.0388	0.0000	40.4144	221.9176
40.0000	-0.3461	0.0000	-238.5081	0.0000	40.3546	222.1960
40.0000	-0.7084	0.0000	-280.9598	0.0000	40.9341	222.4759
40.0000	-0.2470	0.0000	-107.9532	0.0000	40.3085	222.7547
40.0000	0.2420	0.0000	187.2062	0.0000	39.8740	223.0297
40.0000	0.5173	0.0000	186.8172	0.0000	39.5529	223.3008
40.0000	0.9671	0.0000	420.1248	0.0000	39.2220	223.5712
40.0000	1.1440	0.0000	496.5479	0.0000	38.8592	223.8415
40.0000	0.5334	0.0000	329.7442	0.0000	39.9112	224.1138
40.0000	0.3600	0.0000	244.3319	0.0000	40.3079	224.3899
40.0000	0.2605	0.0000	196.3154	0.0000	40.1633	224.6687
40.0000	-0.1636	0.0000	-148.6060	0.0000	40.3303	224.9472
40.0000	-0.4603	0.0000	-272.9230	0.0000	40.7017	225.2283
40.0000	-0.5021	0.0000	-315.3268	0.0000	40.4692	225.5078
40.0000	-0.1176	0.0000	-125.9545	0.0000	40.1282	225.7863
40.0000	0.2129	0.0000	37.8595	0.0000	39.7857	226.0601
40.0000	0.4352	0.0000	282.3994	0.0000	39.7009	226.3327
40.0000	0.9273	0.0000	389.8172	0.0000	39.1864	226.6039
40.0000	0.8554	0.0000	353.4031	0.0000	39.3080	226.8758
40.0000	0.9193	0.0000	384.8519	0.0000	39.3610	227.1477
40.0000	0.8207	0.0000	336.2900	0.0000	39.4267	227.4215
40.0000	0.1305	0.0000	131.2698	0.0000	40.3922	227.6987
40.0000	-0.1159	0.0000	10.8866	0.0000	40.6661	227.9806
40.0000	-0.2679	0.0000	-64.9648	0.0000	40.5607	228.2598
40.0000	-0.4573	0.0000	-292.2473	0.0000	40.5499	228.5390
40.0000	-0.2331	0.0000	-182.8061	0.0000	40.0114	228.8166
40.0000	-0.4533	0.0000	-193.8869	0.0000	40.5087	229.0935
40.0000	0.0761	0.0000	55.2623	0.0000	39.9918	229.3658
40.0000	0.5559	0.0000	341.8598	0.0000	39.5894	229.6369
40.0000	0.7257	0.0000	425.4673	0.0000	39.5717	229.9127
40.0000	0.8232	0.0000	338.5150	0.0000	39.3727	230.1834
40.0000	0.6027	0.0000	228.8756	0.0000	39.5354	230.4565
40.0000	0.5423	0.0000	245.3669	0.0000	39.8463	230.7322
40.0000	0.4110	0.0000	160.8464	0.0000	39.9602	231.0095
40.0000	-0.1046	0.0000	-119.5143	0.0000	40.4125	231.240.0000	-0.2213	0.0000	-176.0042	0.0000	40.1890
550	231.5686
40.0000	-0.6908	0.0000	-273.3143	0.0000	40.9046	231.8485
40.0000	-0.4743	0.0000	-183.7221	0.0000	40.5352	232.1254
40.0000	0.3700	0.0000	115.2876	0.0000	39.6202	232.3996
40.0000	0.6879	0.0000	270.8836	0.0000	39.3682	232.6723
40.0000	0.8959	0.0000	373.3279	0.0000	39.1721	232.9438
40.0000	0.7191	0.0000	421.2188	0.0000	39.6896	233.2145
40.0000	0.6093	0.0000	368.1458	0.0000	39.8215	233.4914
40.0000	0.5926	0.0000	359.9352	0.0000	39.8352	233.7664
40.0000	0.1865	0.0000	23.8682	0.0000	40.0887	234.0414
40.0000	-0.0854	0.0000	-105.4952	0.0000	40.3863	234.3209
40.0000	-0.1727	0.0000	-152.0934	0.0000	40.3004	234.5997
40.0000	-0.1979	0.0000	-165.4733	0.0000	40.2946	234.8793
40.0000	-0.4999	0.0000	-195.9291	0.0000	40.5872	235.1562
40.0000	0.0007	0.0000	68.3251	0.0000	40.1733	235.4358
40.0000	0.3740	0.0000	239.1121	0.0000	39.7100	235.7073
40.0000	0.5775	0.0000	341.0472	0.0000	39.5675	235.9799
40.0000	0.8556	0.0000	354.4870	0.0000	39.3542	236.2495
40.0000	0.8246	0.0000	349.9503	0.0000	39.4870	236.5226
40.0000	0.6588	0.0000	257.5396	0.0000	39.6469	236.7960
40.0000	0.6279	0.0000	241.3013	0.0000	39.6655	237.0710
40.0000	0.2751	0.0000	68.4933	0.0000	39.9308	237.3490
40.0000	-0.5953	0.0000	-226.2628	0.0000	40.9757	237.6286
40.0000	-0.2490	0.0000	-190.6604	0.0000	40.4084	237.9097
40.0000	-0.4592	0.0000	-158.1939	0.0000	40.5676	238.1869
40.0000	-0.3079	0.0000	-84.6899	0.0000	40.4186	238.4688
40.0000	0.4566	0.0000	157.9372	0.0000	39.5475	238.7373
40.0000	0.6926	0.0000	274.1725	0.0000	39.3129	239.0107
40.0000	0.6404	0.0000	383.4834	0.0000	39.6632	239.2811
40.0000	0.6392	0.0000	382.8873	0.0000	39.7899	239.5568
40.0000	0.6805	0.0000	393.8249	0.0000	39.6277	239.8287
40.0000	0.4828	0.0000	196.8342	0.0000	39.8582	240.1044
40.0000	0.2121	0.0000	42.6470	0.0000	40.1274	240.3817
40.0000	0.0231	0.0000	-56.6085	0.0000	40.2008	240.6605
40.0000	-0.1162	0.0000	-125.2422	0.0000	40.2758	240.9389
40.0000	-0.6623	0.0000	-258.2561	0.0000	40.8382	241.2181
40.0000	-0.3437	0.0000	-101.3234	0.0000	40.6547	241.5003
40.0000	0.1724	0.0000	16.9072	0.0000	39.7941	241.7734
40.0000	0.6472	0.0000	250.8257	0.0000	39.2943	242.0445
40.0000	0.8032	0.0000	327.6420	0.0000	39.2701	242.3172
40.0000	0.6747	0.0000	399.3771	0.0000	39.6751	242.5876
40.0000	0.7143	0.0000	419.8762	0.0000	39.7040	242.8595
40.0000	0.4449	0.0000	286.1780	0.0000	40.0103	243.1337
40.0000	0.2935	0.0000	212.5845	0.0000	40.4837	243.4151
40.0000	0.0112	0.0000	-62.4755	0.0000	40.3091	243.6913
40.0000	-0.2969	0.0000	-214.2612	0.0000	40.4407	243.9720
40.0000	-0.4215	0.0000	-271.4169	0.0000	40.6045	244.2519
40.0000	-0.0902	0.0000	-112.4418	0.0000	40.0553	244.5307
40.0000	0.0783	0.0000	-28.4486	0.0000	39.7399	244.8069
40.0000	0.2442	0.0000	188.2858	0.0000	39.8843	245.0795
40.0000	0.5401	0.0000	207.6372	0.0000	39.5701	245.3526
40.0000	1.1408	0.0000	506.7827	0.0000	39.0461	245.6233
40.0000	0.7660	0.0000	444.3554	0.0000	39.6161	245.8933
40.0000	0.4281	0.0000	278.9042	0.0000	39.9465	246.1675
40.0000	0.3690	0.0000	216.7574	0.0000	39.9683	246.4470
40.0000	0.1151	0.0000	-11.3179	0.0000	40.1466	246.7239
40.0000	-0.1093	0.0000	-120.8267	0.0000	40.2574	247.0020
40.0000	-0.1165	0.0000	-125.3879	0.0000	40.2674	247.2819
40.0000	-0.3986	0.0000	-128.3423	0.0000	40.6903	247.5607
40.0000	-0.1056	0.0000	15.9940	0.0000	40.4137	247.8426
40.0000	0.0192	0.0000	-30.9537	0.0000	40.0388	248.1160
40.0000	0.6765	0.0000	266.2641	0.0000	39.3879	248.3872
40.0000	0.8659	0.0000	370.5294	0.0000	39.3133	248.6579
40.0000	0.6517	0.0000	388.0415	0.0000	39.6573	248.9283
40.0000	0.6401	0.0000	383.3049	0.0000	39.8828	249.2009
40.0000	0.4926	0.0000	310.6732	0.0000	40.0327	249.4747
40.0000	0.3548	0.0000	241.7560	0.0000	40.3640	249.7559
40.0000	-0.0718	0.0000	-97.3213	0.0000	40.4028	250.0346
40.0000	-0.1179	0.0000	-125.0766	0.0000	40.2414	250.3131
40.0000	-0.2973	0.0000	-213.4403	0.0000	40.3907	250.5934
40.0000	-0.5353	0.0000	-195.6808	0.0000	40.7658	250.8718
40.0000	-0.0800	0.0000	27.5854	0.0000	40.1774	251.1468
40.0000	0.5807	0.0000	247.2704	0.0000	39.4914	251.4195
40.0000	0.6315	0.0000	379.0863	0.0000	39.5918	251.6898
40.0000	0.6664	0.0000	396.2563	0.0000	39.5901	251.9659
40.0000	0.8082	0.0000	330.1267	0.0000	39.4155	252.2371
40.0000	0.7051	0.0000	279.3388	0.0000	39.5701	252.5109
40.0000	0.6122	0.0000	233.5530	0.0000	39.5954	252.7874
40.0000	0.0369	0.0000	86.1572	0.0000	40.6105	253.0646
40.0000	-0.2430	0.0000	-52.7207	0.0000	40.6483	253.3473
40.0000	-0.4890	0.0000	-307.8959	0.0000	40.6010	253.6261
40.0000	-0.0191	0.0000	-77.4017	0.0000	40.1047	253.9033
40.0000	-0.4457	0.0000	-168.7198	0.0000	40.5053	254.1799
40.0000	0.0598	0.0000	82.5682	0.0000	40.0081	254.4529
40.0000	0.4624	0.0000	295.7831	0.0000	39.7472	254.7283
40.0000	0.8875	0.0000	369.2145	0.0000	39.2109	254.9986
40.0000	0.9831	0.0000	427.5782	0.0000	39.2978	255.2694
40.0000	0.9182	0.0000	385.2928	0.0000	39.3029	255.5416
40.0000	0.2453	0.0000	154.8252	0.0000	40.1293	255.8166
40.0000	0.2730	0.0000	168.5818	0.0000	40.1082	256.0920
40.0000	-0.2026	0.0000	-167.7999	0.0000	40.4635	256.3754
40.0000	-0.4696	0.0000	-298.3160	0.0000	40.6349	256.6584
40.0000	-0.4755	0.0000	-302.2407	0.0000	40.5847	256.9368
40.0000	-0.6943	0.0000	-309.6040	0.0000	40.7549	257.2137
40.0000	0.3066	0.0000	84.0520	0.0000	39.6599	257.4879
40.0000	0.5011	0.0000	178.8637	0.0000	39.4508	257.7602
40.0000	0.8774	0.0000	364.2314	0.0000	39.1586	258.0317
40.0000	0.8940	0.0000	508.3739	0.0000	39.4433	258.3013
40.0000	0.6871	0.0000	271.4766	0.0000	39.5056	258.5774
40.0000	0.5433	0.0000	207.8594	0.0000	39.7946	258.8524
40.0000	0.4511	0.0000	155.2342	0.0000	39.6832	259.1285
40.0000	-0.0039	0.0000	66.0726	0.0000	40.7002	259.4069
40.0000	-0.2740	0.0000	-66.9963	0.0000	40.5612	259.6880
40.0000	-0.3354	0.0000	-233.2042	0.0000	40.3123	259.9672
40.0000	-0.0078	0.0000	-65.5016	0.0000	40.1041	260.2456
40.0000	-0.1274	0.0000	5.2196	0.0000	40.2033	260.5202
40.0000	0.2681	0.0000	200.0714	0.0000	39.9656	260.7975
40.0000	0.7550	0.0000	304.9176	0.0000	39.2697	261.0682
40.0000	1.0213	0.0000	435.1271	0.0000	39.0723	261.3393
40.0000	0.7287	0.0000	426.9491	0.0000	39.7684	261.6101
40.0000	0.4905	0.0000	308.6184	0.0000	39.9160	261.8831
40.0000	0.4766	0.0000	302.7921	0.0000	39.9938	262.1619
40.0000	0.1257	0.0000	18.5633	0.0000	40.2422	262.4396
40.0000	-0.2519	0.0000	-192.0840	0.0000	40.5435	262.7192
40.0000	-0.2396	0.0000	-186.0133	0.0000	40.4324	262.9995
40.0000	-0.8464	0.0000	-348.9699	0.0000	40.9620	263.2787
40.0000	-0.3316	0.0000	-111.7919	0.0000	40.3868	263.5586
40.0000	-0.0857	0.0000	24.7973	0.0000	40.2495	263.8286
40.0000	0.3187	0.0000	224.9771	0.0000	39.9276	264.1005
40.0000	0.6583	0.0000	392.2615	0.0000	39.5914	264.3759
40.0000	0.9701	0.0000	409.8722	0.0000	39.2386	264.6451
40.0000	0.8693	0.0000	361.2044	0.0000	39.3405	264.9181
40.0000	0.7658	0.0000	309.2236	0.0000	39.4357	265.1923
40.0000	0.0681	0.0000	101.5372	0.0000	40.3489	265.4688
40.0000	0.0048	0.0000	-8.1605	0.0000	40.2925	265.7511
40.0000	-0.3790	0.0000	-254.7043	0.0000	40.4603	266.0299
40.0000	-0.3932	0.0000	-261.6911	0.0000	40.4808	266.3091
40.0000	-0.4258	0.0000	-178.0741	0.0000	40.5022	266.5859
40.0000	-0.0145	0.0000	-11.1583	0.0000	40.0735	266.8655
40.0000	0.3951	0.0000	262.6103	0.0000	39.7037	267.1382
40.0000	0.6475	0.0000	250.9612	0.0000	39.3984	267.4085
40.0000	0.8873	0.0000	418.4053	0.0000	39.3401	267.6804
40.0000	0.5925	0.0000	359.8782	0.0000	39.7755	267.9500
40.0000	0.3848	0.0000	257.5351	0.0000	39.9909	268.2235
40.0000	0.3226	0.0000	226.9163	0.0000	40.2324	268.4992
40.0000	0.0694	0.0000	-33.7898	0.0000	40.2277	268.7807
40.0000	-0.4016	0.0000	-222.5361	0.0000	40.6869	269.0610
40.0000	-0.3559	0.0000	-238.1669	0.0000	40.5525	269.3406
40.0000	-0.0752	0.0000	-104.0680	0.0000	40.1504	269.6202
40.0000	-0.4255	0.0000	-141.5833	0.0000	40.5689	269.8963
40.0000	0.3132	0.0000	87.3055	0.0000	39.7005	270.1682
40.0000	0.7477	0.0000	300.3478	0.0000	39.2614	270.4408
40.0000	0.5343	0.0000	331.1832	0.0000	39.8157	270.7124
40.0000	0.8496	0.0000	486.5082	0.0000	39.5650	270.9869
40.0000	0.5574	0.0000	206.5900	0.0000	39.7309	271.2604
40.0000	0.5028	0.0000	187.6566	0.0000	39.8390	271.5346
40.0000	0.3599	0.0000	116.4416	0.0000	39.9697	271.8122
40.0000	-0.3226	0.0000	-90.9028	0.0000	40.7329	272.0903
40.0000	-0.4884	0.0000	-172.5830	0.0000	40.8607	272.3698
40.0000	-0.5466	0.0000	-337.2456	0.0000	40.6645	272.6528
40.0000	-0.0329	0.0000	-77.8902	0.0000	40.1067	272.9293
40.0000	-0.1609	0.0000	-43.5371	0.0000	40.2136	273.2031
40.0000	0.3308	0.0000	230.9382	0.0000	39.8102	273.4750
40.0000	0.8023	0.0000	453.0559	0.0000	39.3584	273.7500
40.0000	0.9468	0.0000	398.4133	0.0000	39.2863	274.0208
40.0000	0.9345	0.0000	393.3436	0.0000	39.3746	274.2919
40.0000	0.6535	0.0000	253.9253	0.0000	39.7011	274.5665
40.0000	0.5032	0.0000	179.8620	0.0000	39.6924	274.8414
40.0000	-0.3528	0.0000	-105.8095	0.0000	40.7484	275.1210
40.0000	-0.6775	0.0000	-266.7287	0.0000	41.0624	275.4013
40.0000	-0.8027	0.0000	-327.4153	0.0000	41.1955	275.6824
40.0000	-0.3068	0.0000	-84.1244	0.0000	40.6221	275.9628
40.0000	-0.0787	0.0000	-62.2313	0.0000	40.1257	276.2389
40.0000	0.2845	0.0000	72.1387	0.0000	39.3790	276.5077
40.0000	0.4161	0.0000	272.9696	0.0000	39.7426	276.7796
40.0000	0.7240	0.0000	424.6527	0.0000	39.5166	277.0542
40.0000	0.8237	0.0000	337.7500	0.0000	39.4295	277.3250
40.0000	0.5138	0.0000	193.2374	0.0000	39.8131	277.5992
40.0000	0.7064	0.0000	279.9939	0.0000	39.5733	277.8741
40.0000	-0.0321	0.0000	52.2104	0.0000	40.4423	278.1514
40.0000	-0.1890	0.0000	-25.0832	0.0000	40.5603	278.4348
40.0000	-0.4618	0.0000	-294.5116	0.0000	40.4045	278.7132
40.0000	-0.3137	0.0000	-199.0297	0.0000	40.4265	278.9924
40.0000	-0.5098	0.0000	-200.6999	0.0000	40.5711	279.2685
40.0000	0.0860	0.0000	60.2633	0.0000	39.9757	279.5415
40.0000	0.5141	0.0000	321.2606	0.0000	39.6101	279.8169
40.0000	0.7547	0.0000	303.7755	0.0000	39.4138	280.0884
40.0000	1.1241	0.0000	486.7531	0.0000	39.0169	280.3580
40.0000	0.9394	0.0000	395.7450	0.0000	39.2206	280.6299
40.0000	0.5228	0.0000	325.5468	0.0000	39.9509	280.9037
40.0000	0.3414	0.0000	235.1889	0.0000	40.2052	281.1837
40.0000	-0.0980	0.0000	-111.9799	0.0000	40.4334	281.4632
40.0000	-0.3324	0.0000	-228.3407	0.0000	40.5850	281.7428
40.0000	-0.3805	0.0000	-251.6977	0.0000	40.5302	282.0235
40.0000	-0.4295	0.0000	-218.2097	0.0000	40.5031	282.2997
40.0000	-0.0707	0.0000	21.5149	0.0000	40.1197	282.5746
40.0000	0.4429	0.0000	157.8822	0.0000	39.6320	282.8481
40.0000	0.3390	0.0000	235.0134	0.0000	39.8803	283.1196
40.0000	0.7528	0.0000	438.8486	0.0000	39.5486	283.3938
40.0000	0.6999	0.0000	277.7928	0.0000	39.5625	283.6661
40.0000	0.6528	0.0000	254.5846	0.0000	39.6187	283.9399
40.0000	0.5391	0.0000	197.5659	0.0000	39.6172	284.2156
40.0000	-0.0604	0.0000	38.2617	0.0000	40.4599	284.4925
40.0000	-0.1794	0.0000	-21.3503	0.0000	40.4502	284.7755
40.0000	-0.4083	0.0000	-133.1160	0.0000	40.7877	285.0547
40.0000	-0.2789	0.0000	-205.3729	0.0000	40.3590	285.3331
40.0000	-0.2816	0.0000	-71.7348	0.0000	40.3881	285.6081
40.0000	0.0113	0.0000	22.7111	0.0000	40.0572	285.8819
40.0000	0.4251	0.0000	248.3174	0.0000	39.6948	286.1534
40.0000	0.6975	0.0000	411.5945	0.0000	39.5825	286.4288
40.0000	0.8787	0.0000	364.8621	0.0000	39.3857	286.6987
40.0000	0.8071	0.0000	329.5704	0.0000	39.4514	286.9714
40.0000	0.6535	0.0000	253.9074	0.0000	39.5927	287.2460
40.0000	0.0448	0.0000	89.0807	0.0000	40.6473	287.5236
40.0000	-0.3049	0.0000	-116.9592	0.0000	40.6200	287.8063
40.0000	-0.3727	0.0000	-115.6205	0.0000	40.7931	288.0874
40.0000	-0.8051	0.0000	-464.5991	0.0000	40.8966	288.3666
40.0000	-0.1044	0.0000	-119.4190	0.0000	40.0365	288.6415
40.0000	-0.0886	0.0000	-110.6496	0.0000	40.0421	288.9169
40.0000	0.3809	0.0000	254.6183	0.0000	39.7835	289.1907
40.0000	0.9127	0.0000	381.5962	0.0000	39.2194	289.4614
40.0000	1.0659	0.0000	457.0714	0.0000	39.1142	289.7318
40.0000	0.4449	0.0000	286.1612	0.0000	40.0338	290.0048
40.0000	0.4862	0.0000	307.5227	0.0000	40.0176	290.2783
40.0000	0.2478	0.0000	58.9609	0.0000	40.0907	290.5586
40.0000	0.1425	0.0000	27.3217	0.0000	40.1637	290.8367
40.0000	-0.2037	0.0000	-168.3245	0.0000	40.1289	291.1143
40.0000	-0.5722	0.0000	-213.8803	0.0000	40.8080	291.3942
40.0000	-0.2097	0.0000	-171.2814	0.0000	40.2486	291.6742
40.0000	0.2749	0.0000	67.4147	0.0000	39.7208	291.9503
40.0000	0.4939	0.0000	175.2807	0.0000	39.5319	292.2230
40.0000	0.4399	0.0000	272.5010	0.0000	39.6972	292.4937
40.0000	0.6198	0.0000	373.3248	0.0000	39.6326	292.7695
40.0000	1.1228	0.0000	517.9682	0.0000	39.1744	293.0394
40.0000	0.8178	0.0000	335.8459	0.0000	39.4286	293.3113
40.0000	0.8119	0.0000	331.9388	0.0000	39.5538	293.5871
Target: 60.000
60.0000	0.9685	0.0000	407.0782	0.0000	40.3664	293.8682
60.0000	1.2180	0.0000	600.0000	0.0000	42.5678	294.2471
60.0000	1.2180	0.0000	600.0000	0.0000	45.4088	294.5646
60.0000	1.2180	0.0000	600.0000	0.0000	49.4064	294.9132
60.0000	1.2180	0.0000	600.0000	0.0000	53.0738	295.2860
60.0000	1.2180	0.0000	600.0000	0.0000	55.6296	295.6756
60.0000	1.2180	0.0000	600.0000	0.0000	57.0615	296.0671
60.0000	1.2180	0.0000	600.0000	0.0000	56.9858	296.4575
60.0000	1.2180	0.0000	600.0000	0.0000	57.7270	296.8602
60.0000	1.2180	0.0000	600.0000	0.0000	59.7162	297.2767
60.0000	-1.2180	0.0000	-600.0000	0.0000	62.6202	297.7158
60.0000	-1.2180	0.0000	-600.0000	0.0000	63.8958	298.1530
60.0000	-0.9607	0.0000	-406.2585	0.0000	61.2518	298.5690
60.0000	1.2180	0.0000	600.0000	0.0000	57.8652	298.9648
60.0000	1.2180	0.0000	600.0000	0.0000	56.5102	299.3529
60.0000	1.2180	0.0000	600.0000	0.0000	55.8060	299.7383
60.0000	1.2180	0.0000	600.0000	0.0000	56.4940	300.1322
60.0000	1.1060	0.0000	600.0000	0.0000	60.1103	300.5467
60.0000	-1.2180	0.0000	-600.0000	0.0000	63.5326	300.9954
60.0000	-1.2180	0.0000	-600.0000	0.0000	63.8503	301.4380
60.0000	-1.1791	0.0000	-516.9685	0.0000	61.2125	301.8545
60.0000	1.2180	0.0000	600.0000	0.0000	57.2149	302.2426
60.0000	1.2180	0.0000	600.0000	0.0000	55.6929	302.6257
60.0000	1.2180	0.0000	600.0000	0.0000	56.9049	303.0141
60.0000	1.2180	0.0000	600.0000	0.0000	58.2251	303.4218
60.0000	-0.3729	0.0000	-251.6748	0.0000	61.5214	303.8486
60.0000	-1.2180	0.0000	-600.0000	0.0000	62.9957	304.2901
60.0000	-1.2180	0.0000	-600.0000	0.0000	62.9129	304.7203
60.0000	1.2180	0.0000	600.0000	0.0000	58.9985	305.1188
60.0000	1.2180	0.0000	600.0000	0.0000	56.7668	305.5103
60.0000	1.2180	0.0000	600.0000	0.0000	55.9263	305.8938
60.0000	1.2180	0.0000	600.0000	0.0000	56.1397	306.2827
60.0000	1.2180	0.0000	600.0000	0.0000	59.1393	306.6884
60.0000	-1.2180	0.0000	-570.3710	0.0000	62.6798	307.1221
60.0000	-1.2180	0.0000	-600.0000	0.0000	64.2726	307.5739
60.0000	-1.2180	0.0000	-600.0000	0.0000	62.9555	307.9965
60.0000	1.2180	0.0000	600.0000	0.0000	58.2776	308.3965
60.0000	1.2180	0.0000	600.0000	0.0000	56.2617	308.7808
60.0000	1.2180	0.0000	600.0000	0.0000	55.8831	309.1654
60.0000	1.2180	0.0000	600.0000	0.0000	57.7758	309.5616
60.0000	0.9615	0.0000	541.6336	0.0000	60.4486	309.9857
60.0000	-1.2180	0.0000	-600.0000	0.0000	63.3728	310.4271
60.0000	-1.2180	0.0000	-600.0000	0.0000	62.9784	310.8628
60.0000	0.2102	0.0000	35.5462	0.0000	59.7255	311.2720
60.0000	1.2180	0.0000	600.0000	0.0000	56.7469	311.6596
60.0000	1.2180	0.0000	600.0000	0.0000	56.6570	312.0439
60.0000	1.2180	0.0000	600.0000	0.0000	56.3255	312.4286
60.0000	1.2180	0.0000	600.0000	0.0000	57.9348	312.8339
60.0000	0.3490	0.0000	239.8993	0.0000	60.9489	313.2565
60.0000	-1.2180	0.0000	-600.0000	0.0000	63.7459	313.7029
60.0000	-1.2180	0.0000	-600.0000	0.0000	63.4369	314.1390
60.0000	0.0616	0.0000	-36.6529	0.0000	59.7711	314.5458
60.0000	1.2180	0.0000	600.0000	0.0000	56.6758	314.9297
60.0000	1.2180	0.0000	600.0000	0.0000	55.6079	315.3140
60.0000	1.2180	0.0000	600.0000	0.0000	57.1094	315.7052
60.0000	1.2180	0.0000	600.0000	0.0000	59.1400	316.1197
60.0000	-1.2180	0.0000	-600.0000	0.0000	62.3717	316.5554
60.0000	-1.2180	0.0000	-600.0000	0.0000	63.2523	316.9956
60.0000	-0.9419	0.0000	-532.0000	0.0000	60.8282	317.4163
60.0000	1.2180	0.0000	600.0000	0.0000	58.1515	317.8075
60.0000	1.2180	0.0000	600.0000	0.0000	56.5629	318.1986
60.0000	1.2180	0.0000	600.0000	0.0000	55.7898	318.5817
60.0000	1.2180	0.0000	600.0000	0.0000	56.8470	318.9752
60.0000	1.2180	0.0000	600.0000	0.0000	59.2358	319.3883
60.0000	-1.2180	0.0000	-600.0000	0.0000	63.8205	319.8304
60.0000	-1.2180	0.0000	-600.0000	0.0000	64.1516	320.2714
60.0000	-0.9419	0.0000	-532.0000	0.0000	60.7347	320.6910
60.0000	1.2180	0.0000	600.0000	0.0000	57.8172	321.0791
60.0000	1.2180	0.0000	600.0000	0.0000	56.3994	321.4679
60.0000	1.2180	0.0000	600.0000	0.0000	56.3701	321.8541
60.0000	1.2180	0.0000	600.0000	0.0000	57.7365	322.2564
60.0000	0.1117	0.0000	-12.9803	0.0000	60.8659	322.6832
60.0000	-1.2180	0.0000	-600.0000	0.0000	63.6559	323.1242
60.0000	-1.2180	0.0000	-600.0000	0.0000	62.6918	323.5595
60.0000	1.2180	0.0000	600.0000	0.0000	58.7162	323.9580
60.0000	1.2180	0.0000	600.0000	0.0000	56.7682	324.3457
60.0000	1.2180	0.0000	600.0000	0.0000	55.6578	324.7303
60.0000	1.2180	0.0000	600.0000	0.0000	56.6872	325.1173
60.0000	1.2180	0.0000	600.0000	0.0000	58.8236	325.5238
60.0000	-1.2122	0.0000	-529.1387	0.0000	62.5643	325.9644
60.0000	-1.2180	0.0000	-600.0000	0.0000	64.0799	326.4093
60.0000	-1.2180	0.0000	-600.0000	0.0000	62.8126	326.8388
60.0000	1.2180	0.0000	600.0000	0.0000	58.4724	327.2342
60.0000	1.2180	0.0000	600.0000	0.0000	56.4211	327.6188
60.0000	1.2180	0.0000	600.0000	0.0000	55.8282	328.0039
60.0000	1.2180	0.0000	600.0000	0.0000	57.8443	328.4008
60.0000	0.9440	0.0000	532.0000	0.0000	60.4010	328.8238
60.0000	-1.2180	0.0000	-600.0000	0.0000	63.2648	329.2663
60.0000	-1.2180	0.0000	-600.0000	0.0000	63.0046	329.7008
60.0000	0.0481	0.0000	-43.2956	0.0000	59.8334	330.1108
60.0000	1.2180	0.0000	600.0000	0.0000	56.8094	330.4992
60.0000	1.2180	0.0000	600.0000	0.0000	56.6545	330.8835
60.0000	1.2180	0.0000	600.0000	0.0000	56.5467	331.2689
60.0000	1.2180	0.0000	600.0000	0.0000	57.8164	331.6708
60.0000	0.3858	0.0000	240.6715	0.0000	60.8055	332.0946
60.0000	-1.2180	0.0000	-600.0000	0.0000	63.7022	332.5387
60.0000	-1.2180	0.0000	-600.0000	0.0000	63.6531	332.9778
60.0000	0.0177	0.0000	76.7030	0.0000	60.0271	333.3847
60.0000	1.2180	0.0000	600.0000	0.0000	56.3942	333.7674
60.0000	1.2180	0.0000	600.0000	0.0000	55.7797	334.1520
60.0000	1.2180	0.0000	600.0000	0.0000	57.0308	334.5413
60.0000	1.2180	0.0000	600.0000	0.0000	58.9740	334.9559
60.0000	-1.2180	0.0000	-581.7160	0.0000	62.3985	335.3907
60.0000	-1.2180	0.0000	-600.0000	0.0000	63.3345	335.8321
60.0000	-1.0260	0.0000	-573.4342	0.0000	61.1525	336.2536
60.0000	1.2180	0.0000	600.0000	0.0000	58.4765	336.6455
60.0000	1.2180	0.0000	600.0000	0.0000	56.8795	337.0321
60.0000	1.2180	0.0000	600.0000	0.0000	56.3185	337.4213
60.0000	1.2180	0.0000	600.0000	0.0000	56.7793	337.8136
60.0000	1.2180	0.0000	600.0000	0.0000	59.1115	338.2259
60.0000	-1.2180	0.0000	-600.0000	0.0000	62.7613	338.6673
60.0000	-1.2180	0.0000	-600.0000	0.0000	63.4383	339.1095
60.0000	-1.0800	0.0000	-600.0000	0.0000	61.0487	339.5286
60.0000	1.2180	0.0000	600.0000	0.0000	57.9987	339.9175
60.0000	1.2180	0.0000	600.0000	0.0000	56.6304	340.3022
60.0000	1.2180	0.0000	600.0000	0.0000	56.5356	340.6952
60.0000	1.2180	0.0000	600.0000	0.0000	58.1841	341.0983
60.0000	-0.0242	0.0000	-79.9299	0.0000	61.0664	341.5232
60.0000	-1.2180	0.0000	-600.0000	0.0000	62.8789	341.9669
60.0000	-1.2180	0.0000	-600.0000	0.0000	62.8051	342.3960
60.0000	1.0800	0.0000	600.0000	0.0000	59.3530	342.8022
60.0000	1.2180	0.0000	600.0000	0.0000	57.0684	343.1891
60.0000	1.2180	0.0000	600.0000	0.0000	56.0886	343.5734
60.0000	1.2180	0.0000	600.0000	0.0000	56.1984	343.9622
60.0000	1.2180	0.0000	600.0000	0.0000	58.2463	344.3672
60.0000	-1.0365	0.0000	-464.8539	0.0000	62.1387	344.7994
60.0000	-1.2180	0.0000	-600.0000	0.0000	64.6416	345.2450
60.0000	-1.2180	0.0000	-600.0000	0.0000	62.3268	345.6753
60.0000	1.1947	0.0000	600.0000	0.0000	58.9038	346.0707
60.0000	1.2180	0.0000	600.0000	0.0000	56.8337	346.4561
60.0000	1.2180	0.0000	600.0000	0.0000	56.2689	346.8469
60.0000	1.2180	0.0000	600.0000	0.0000	57.3025	347.2430
60.0000	1.2180	0.0000	541.0532	0.0000	59.960.0000	-206	347.6601.2180	0.0000	-600.00003
	0.0000	63.7880	348.1013
60.0000	-1.2180	0.0000	-600.0000	0.0000	63.5762	348.5377
60.0000	-0.1633	0.0000	-12.4324	0.0000	60.5636	348.9534
60.0000	1.2180	0.0000	600.0000	0.0000	57.3327	349.3411
60.0000	1.2180	0.0000	600.0000	0.0000	55.9947	349.7254
60.0000	1.2180	0.0000	600.0000	0.0000	55.8605	350.1108
60.0000	1.2180	0.0000	600.0000	0.0000	56.9667	350.5070
60.0000	0.8513	0.0000	352.3479	0.0000	60.1867	350.9303
60.0000	-1.2180	0.0000	-600.0000	0.0000	64.1898	351.3752
60.0000	-1.2180	0.0000	-600.0000	0.0000	63.0013	351.8143
60.0000	-0.3462	0.0000	-102.5452	0.0000	60.3814	352.2223
60.0000	1.2180	0.0000	600.0000	0.0000	57.1660	352.6135
60.0000	1.2180	0.0000	600.0000	0.0000	56.1859	352.9966
60.0000	1.2180	0.0000	600.0000	0.0000	56.3771	353.3870
60.0000	1.2180	0.0000	600.0000	0.0000	58.2996	353.7958
60.0000	-1.2180	0.0000	-600.0000	0.0000	62.8813	354.2299
60.0000	-1.2180	0.0000	-600.0000	0.0000	64.0750	354.6717
60.0000	-1.2180	0.0000	-600.0000	0.0000	61.7816	355.0978
60.0000	1.2180	0.0000	600.0000	0.0000	58.1219	355.4913
60.0000	1.2180	0.0000	600.0000	0.0000	56.4570	355.8767
60.0000	1.2180	0.0000	600.0000	0.0000	56.1018	356.2613
60.0000	1.2180	0.0000	600.0000	0.0000	56.4398	356.6525
60.0000	1.2180	0.0000	600.0000	0.0000	58.8983	357.0647
60.0000	-1.2180	0.0000	-600.0000	0.0000	62.4949	357.5046
60.0000	-1.2180	0.0000	-600.0000	0.0000	64.3483	357.9479
60.0000	-1.0427	0.0000	-581.6280	0.0000	60.9769	358.3671
60.0000	1.2180	0.0000	600.0000	0.0000	58.0674	358.7575
60.0000	1.2180	0.0000	600.0000	0.0000	56.6000	359.1471
60.0000	1.2180	0.0000	600.0000	0.0000	56.6849	359.5360
60.0000	1.2180	0.0000	600.0000	0.0000	57.9111	359.9375
60.0000	0.1258	0.0000	-6.0432	0.0000	61.0432	360.3639
60.0000	-1.2180	0.0000	-600.0000	0.0000	62.9224	360.8053
60.0000	-1.2180	0.0000	-600.0000	0.0000	63.0977	361.2368
60.0000	1.0125	0.0000	565.7693	0.0000	59.2427	361.6368
60.0000	1.2180	0.0000	600.0000	0.0000	57.0351	362.0298
60.0000	1.2180	0.0000	600.0000	0.0000	56.0646	362.4149
60.0000	1.2180	0.0000	600.0000	0.0000	56.1642	362.8010
60.0000	1.2180	0.0000	600.0000	0.0000	58.3663	363.2083
60.0000	-0.8721	0.0000	-461.4271	0.0000	61.9806	363.6405
60.0000	-1.2180	0.0000	-600.0000	0.0000	64.6235	364.0850
60.0000	-1.2180	0.0000	-600.0000	0.0000	62.4784	364.5145
60.0000	1.2180	0.0000	600.0000	0.0000	58.1265	364.9122
60.0000	1.2180	0.0000	600.0000	0.0000	56.9119	365.2965
60.0000	1.2180	0.0000	600.0000	0.0000	56.4252	365.6811
60.0000	1.2180	0.0000	600.0000	0.0000	57.5284	366.0822
60.0000	1.0443	0.0000	447.4281	0.0000	60.1049	366.4979
60.0000	-1.2180	0.0000	-600.0000	0.0000	63.0990	366.9397
60.0000	-1.2180	0.0000	-600.0000	0.0000	62.7416	367.3761
60.0000	-0.0681	0.0000	-101.5289	0.0000	59.9735	367.7884
60.0000	1.2180	0.0000	600.0000	0.0000	57.7233	368.1769
60.060.0000	1.2180	0.0000	600.0000	0.0000	56.2458	368.9523
000	1.2180	0.0000	600.0000	0.0000	56.5625	368.5623
60.0000	1.2180	0.0000	600.0000	0.0000	57.4176	369.3500
60.0000	0.5554	0.0000	247.3613	0.0000	60.6450	369.7722
60.0000	-1.2180	0.0000	-600.0000	0.0000	63.5461	370.2182
60.0000	-1.2180	0.0000	-600.0000	0.0000	63.4072	370.6550
60.0000	-0.0152	0.0000	-75.4805	0.0000	59.9615	371.0642
60.0000	1.2180	0.0000	600.0000	0.0000	56.4675	371.4485
60.0000	1.2180	0.0000	600.0000	0.0000	56.6508	371.8335
60.0000	1.2180	0.0000	600.0000	0.0000	56.9265	372.2297
60.0000	1.2180	0.0000	600.0000	0.0000	58.8280	372.6373
60.0000	-1.2180	0.0000	-600.0000	0.0000	62.4028	373.0707
60.0000	-1.2180	0.0000	-600.0000	0.0000	63.4200	373.5128
60.0000	-1.0779	0.0000	-600.0000	0.0000	61.3073	373.9351
60.0000	1.2180	0.0000	600.0000	0.0000	58.5668	374.3289
60.0000	1.2180	0.0000	600.0000	0.0000	56.8052	374.7201
60.0000	1.2180	0.0000	600.0000	0.0000	56.2847	375.1040
60.0000	1.2180	0.0000	600.0000	0.0000	56.8811	375.4951
60.0000	1.2180	0.0000	600.0000	0.0000	59.3474	375.9070
60.0000	-1.2180	0.0000	-600.0000	0.0000	62.8882	376.3484
60.0000	-1.2180	0.0000	-600.0000	0.0000	63.5119	376.7913
60.0000	-1.2180	0.0000	-600.0000	0.0000	61.3028	377.2117
60.0000	1.2180	0.0000	600.0000	0.0000	57.0288	377.6017
60.0000	1.2180	0.0000	600.0000	0.0000	56.7162	377.9863
60.0000	1.2180	0.0000	600.0000	0.0000	56.4419	378.3778
60.0000	1.2180	0.0000	600.0000	0.0000	57.9575	378.7798
60.0000	0.0284	0.0000	-51.3894	0.0000	61.1447	379.2051
60.0000	-1.2180	0.0000	-600.0000	0.0000	63.2777	379.6480
60.0000	-1.2180	0.0000	-600.0000	0.0000	63.3025	380.0791
60.0000	0.8892	0.0000	497.5737	0.0000	59.3471	380.4790
60.0000	1.2180	0.0000	600.0000	0.0000	57.2764	380.8717
60.0000	1.2180	0.0000	600.0000	0.0000	56.1132	381.2560
60.0000	1.2180	0.0000	600.0000	0.0000	56.4095	381.6448
60.0000	1.2180	0.0000	600.0000	0.0000	57.8002	382.0464
60.0000	-0.4248	0.0000	-277.2828	0.0000	61.4655	382.4786
60.0000	-1.2180	0.0000	-600.0000	0.0000	64.4069	382.9238
60.0000	-1.2180	0.0000	-600.0000	0.0000	62.2992	383.3549
60.0000	0.9419	0.0000	532.0000	0.0000	59.2832	383.7537
60.0000	1.2180	0.0000	600.0000	0.0000	56.7807	384.1426
60.0000	1.2180	0.0000	600.0000	0.0000	56.1843	384.5268
60.0000	1.2180	0.0000	600.0000	0.0000	57.2283	384.9226
60.0000	1.2180	0.0000	600.0000	0.0000	59.6133	385.3383
60.0000	-1.2180	0.0000	-600.0000	0.0000	62.5896	385.7770
60.0000	-1.2180	0.0000	-600.0000	0.0000	63.3816	386.2131
60.0000	-0.2120	0.03	0.0000	60.000	-36.4205125	386.6307
60.0000	1.2180	0.0000	600.0000	0.0000	57.2891	387.0203
60.0000	1.2180	0.0000	600.0000	0.0000	56.2360	387.4046
60.0000	1.2180	0.0000	600.0000	0.0000	55.6084	387.7900
60.0000	1.2180	0.0000	600.0000	0.0000	57.5920	388.1857
60.0000	0.6435	0.0000	385.0166	0.0000	60.8254	388.6137
60.0000	-1.2180	0.0000	-600.0000	0.0000	63.5399	389.0574
60.0000	-1.2180	0.0000	-600.0000	0.0000	63.5273	389.4962
60.0000	-0.4337	0.0000	-281.6350	0.0000	60.1670	389.9065
60.0000	1.2180	0.0000	600.0000	0.0000	56.4790	390.2915
60.0000	1.2180	0.0000	600.0000	0.0000	56.6505	390.6754
60.0000	1.2180	0.0000	600.0000	0.0000	57.1264	391.0654
60.0000	1.2180	0.0000	600.0000	0.0000	58.8353	391.4757
60.0000	-1.1153	0.0000	-600.0000	0.0000	62.2019	391.9103
60.0000	-1.2180	0.0000	-600.0000	0.0000	63.0697	392.3520
60.0000	-1.0508	0.0000	-585.6265	0.0000	61.1337	392.7758
60.0000	1.2180	0.0000	600.0000	0.0000	58.3986	393.1693
60.0000	1.2180	0.0000	600.0000	0.0000	56.6010	393.5600
60.0000	1.2180	0.0000	600.0000	0.0000	56.0401	393.9428
60.0000	1.2180	0.0000	600.0000	0.0000	56.4470	394.3343
60.0000	1.2180	0.0000	600.0000	0.0000	58.8381	394.7447
60.0000	-1.2180	0.0000	-600.0000	0.0000	62.2753	395.1834
60.0000	-1.2180	0.0000	-600.0000	0.0000	64.2720	395.6271
60.0000	-1.0800	0.0000	-600.0000	0.0000	61.0532	396.0493
60.0000	1.2180	0.0000	600.0000	0.0000	58.1665	396.4397
60.0000	1.2180	0.0000	600.0000	0.0000	56.5369	396.8294
60.0000	1.2180	0.0000	600.0000	0.0000	56.5831	397.2171
60.0000	1.2180	0.0000	600.0000	0.0000	57.8409	397.6186
60.0000	0.1703	0.0000	15.9072	0.0000	60.9298	398.0423
60.0000	-1.2180	0.0000	-600.0000	0.0000	62.8159	398.4857
60.0000	-1.2180	0.0000	-600.0000	0.0000	62.8377	398.9144
60.0000	1.0800	0.0000	600.0000	0.0000	59.2255	399.3159
60.0000	1.2180	0.0000	600.0000	0.0000	57.2314	399.7086
60.0000	1.2180	0.0000	600.0000	0.0000	56.0430	400.0929
60.0000	1.2180	0.0000	600.0000	0.0000	56.3627	400.4818
60.0000	1.2180	0.0000	600.0000	0.0000	57.7823	400.8836
60.0000	-0.5425	0.0000	-335.2567	0.0000	61.6101	401.3159
60.0000	-1.2180	0.0000	-600.0000	0.0000	64.5891	401.7615
60.0000	-1.2180	0.0000	-600.0000	0.0000	62.5383	402.1921
60.0000	0.8124	0.0000	467.1765	0.0000	59.3859	402.5925
60.0000	1.2180	0.0000	600.0000	0.0000	56.7739	402.9810
60.0000	1.2180	0.0000	600.0000	0.0000	56.0914	403.3652
60.0000	1.2180	0.0000	600.0000	0.0000	57.0657	403.7599
60.0000	1.2180	0.0000	600.0000	0.0000	59.7042	404.1744
60.0000	-1.2180	0.0000	-600.0000	0.0000	62.4663	404.6139
60.0000	-1.2180	0.0000	-600.0000	0.0000	63.7207	405.0515
60.0000	-0.4404	0.0000	-166.1163	0.0000	60.6482	405.4641
60.0000	1.2180	0.0000	600.0000	0.0000	57.2902	405.8595
60.0000	1.2180	0.0000	600.0000	0.0000	56.1245	406.2445
60.0000	1.2180	0.0000	600.0000	0.0000	55.9488	406.6296
60.0000	1.2180	0.0000	600.0000	0.0000	56.9827	407.0249
60.0000	1.2180	0.0000	548.7984	0.0000	59.7484	407.4433
60.0000	-1.2180	0.0000	-600.0000	0.0000	64.3146	407.8897
60.0000	-1.2180	0.0000	-600.0000	0.0000	63.1269	408.3300
60.0000	-0.0129	0.0000	-74.3766	0.0000	59.7536	408.7411
60.0000	1.2180	0.0000	600.0000	0.0000	57.5080	409.1277
60.0000	1.2180	0.0000	600.0000	0.0000	56.4566	409.5173
60.0000	1.2180	0.0000	600.0000	0.0000	56.6903	409.9077
60.0000	1.2180	0.0000	600.0000	0.0000	58.4150	410.3150
60.0000	-0.7561	0.0000	-440.4777	0.0000	61.5192	410.7475
60.0000	-1.2180	0.0000	-600.0000	0.0000	63.9778	411.1889
60.0000	-1.2180	0.0000	-569.5178	0.0000	61.8627	411.6169
60.0000	1.2180	0.0000	600.0000	0.0000	58.0692	412.0115
60.0000	1.2180	0.0000	600.0000	0.0000	56.2760	412.3981
60.0000	1.2180	0.0000	600.0000	0.0000	55.8127	412.7831
60.0000	1.2180	0.0000	600.0000	0.0000	57.4743	413.1751
60.0000	1.2180	0.0000	600.0000	0.0000	59.8034	413.5862
60.0000	-1.2180	0.0000	-600.0000	0.0000	63.4833	414.0318
60.0000	-1.2180	0.0000	-600.0000	0.0000	64.1984	414.4747
60.0000	-1.2180	0.0000	-600.0000	0.0000	62.0930	414.8904
60.0000	1.2180	0.0000	600.0000	0.0000	57.9871	415.2866
60.0000	1.2180	0.0000	600.0000	0.0000	56.2137	415.6701
60.0000	1.2180	0.0000	600.0000	0.0000	56.2548	416.0589
60.0000	1.2180	0.0000	600.0000	0.0000	57.5815	416.4585
60.0000	0.6009	0.0000	227.9962	0.0000	60.5549	416.8827
60.0000	-1.2180	0.0000	-600.0000	0.0000	63.8989	417.3245
60.0000	-1.2180	0.0000	-600.0000	0.0000	63.1711	417.7578
60.0000	0.8917	0.0000	506.2584	0.0000	59.5066	418.1651
60.0000	1.2180	0.0000	600.0000	0.0000	57.0701	418.5536
60.0000	1.2180	0.0000	600.0000	0.0000	55.8772	418.9367
60.0000	1.2180	0.0000	600.0000	0.0000	55.9070	419.3244
60.0000	1.2180	0.0000	600.0000	0.0000	57.6089	419.7259
60.0000	-0.2870	0.0000	-209.4035	0.0000	61.1118	420.1562
60.0000	-1.2180	0.0000	-600.0000	0.60.0000	-1.2180	0.0000	-600.0000	0.0000	62.4371	421.0348
60.000000	64.309900	0.8865	0.0000	504.6799	0.0000	59	420.6022
.3343	421.4344
60.0000	1.2180	0.0000	600.0000	0.0000	56.5791	421.8236
60.0000	1.2180	0.0000	600.0000	0.0000	56.2572	422.2091
60.0000	1.2180	0.0000	600.0000	0.0000	57.1810	422.6037
60.0000	1.2180	0.0000	600.0000	0.0000	59.5569	423.0194
60.0000	-1.2180	0.0000	-600.0000	0.0000	62.5679	423.4585
60.0000	-1.2180	0.0000	-600.0000	0.0000	63.7903	423.8976
60.0000	-0.6636	0.0000	-258.9164	0.0000	60.9415	424.3118
60.0000	1.2180	0.0000	600.0000	0.0000	57.4816	424.7060
60.0000	1.2180	0.0000	600.0000	0.0000	56.2660	425.0906
60.0000	1.2180	0.0000	600.0000	0.0000	56.0270	425.4761
60.0000	1.2180	0.0000	600.0000	0.0000	57.1662	425.8703
60.0000	1.0554	0.0000	451.9142	0.0000	59.8670	426.2887
60.0000	-1.2180	0.0000	-600.0000	0.0000	63.8124	426.7328
60.0000	-1.2180	0.0000	-600.0000	0.0000	63.0204	427.1719
60.0000	-0.3845	0.0000	-257.3846	0.0000	60.0053	427.5849
60.0000	1.2180	0.0000	600.0000	0.0000	57.5597	427.9711
60.0000	1.2180	0.0000	600.0000	0.0000	56.5510	428.3557
60.0000	1.2180	0.0000	600.0000	0.0000	56.6611	428.7507
60.0000	1.2180	0.0000	600.0000	0.0000	58.7359	429.1576
60.0000	-0.9453	0.0000	-533.6712	0.0000	61.9541	429.5902
60.0000	-1.2180	0.0000	-600.0000	0.0000	63.1522	430.0316
60.0000	-1.2180	0.0000	-600.0000	0.0000	61.6391	430.4565
60.0000	1.2180	0.0000	600.0000	0.0000	58.7829	430.8523
60.0000	1.2180	0.0000	600.0000	0.0000	57.0972	431.2392
60.0000	1.2180	0.0000	600.0000	0.0000	56.3592	431.6227
60.0000	1.2180	0.0000	600.0000	0.0000	56.9915	432.0200
60.0000	1.2180	0.0000	600.0000	0.0000	59.1590	432.4296
60.0000	-1.2180	0.0000	-600.0000	0.0000	62.7051	432.8683
60.0000	-1.2180	0.0000	-600.0000	0.0000	63.6511	433.3113
60.0000	-1.2180	0.0000	-600.0000	0.0000	61.7640	433.7346
60.0000	1.2180	0.0000	600.0000	0.0000	57.7193	434.1262
60.0000	1.2180	0.0000	600.0000	0.0000	56.7301	434.5093
60.0000	1.2180	0.0000	600.0000	0.0000	56.4667	434.8947
60.0000	1.2180	0.0000	600.0000	0.0000	58.1743	435.3004
60.0000	0.6050	0.0000	366.0302	0.0000	61.0155	435.7246
60.0000	-1.2180	0.0000	-600.0000	0.0000	63.2522	436.1664
60.0000	-1.2180	0.0000	-600.0000	0.0000	62.5240	436.5997
60.0000	1.0337	0.0000	441.1990	0.0000	59.0363	437.0024
60.0000	1.2180	0.0000	600.0000	0.0000	57.4277	437.3893
60.0000	1.2180	0.0000	600.0000	0.0000	56.5243	437.7736
60.0000	1.2180	0.0000	600.0000	0.0000	56.3044	438.1640
60.0000	1.2180	0.0000	600.0000	0.0000	57.9872	438.5667
60.0000	-0.4421	0.0000	-285.7868	0.0000	61.3576	438.9954
60.0000	-1.2180	0.0000	-600.0000	0.0000	63.6316	439.4414
60.0000	-1.2180	0.0000	-600.0000	0.0000	63.3199	439.8748
60.0000	1.0478	0.0000	448.1378	0.0000	58.9139	440.2755
60.0000	1.2180	0.0000	600.0000	0.0000	56.1398	440.6586
60.0000	1.2180	0.0000	600.0000	0.0000	56.5964	441.0437
60.0000	1.2180	0.0000	600.0000	0.0000	57.2337	441.4421
60.0000	1.2180	0.0000	600.0000	0.0000	59.8058	441.8571
60.0000	-1.2180	0.0000	-600.0000	0.0000	62.8607	442.2950
60.0000	-1.2180	0.0000	-600.0000	0.0000	62.9677	442.7349
60.0000	-0.4476	0.0000	-288.5154	0.0000	60.2125	443.1483
60.0000	1.2180	0.0000	600.0000	0.0000	57.9175	443.5379
60.0000	1.2180	0.0000	600.0000	0.0000	56.5584	443.9287
60.0000	1.2180	0.0000	600.0000	0.0000	56.1091	444.3126
60.0000	1.2180	0.0000	600.0000	0.0000	57.1127	444.7084
60.0000	1.1628	0.0000	505.8268	0.0000	59.9343	445.1267
60.0000	-1.2180	0.0000	-600.0000	0.0000	64.2077	445.5716
60.0000	-1.2180	0.0000	-600.0000	0.0000	64.3126	446.0119
60.0000	-0.9940	0.0000	-422.6676	0.0000	61.1183	446.4245
60.0000	1.2180	0.0000	600.0000	0.0000	57.3672	446.810	600.0000	049
1.2180	0.00060.0000	.0000	56.3523	447.1980
60.0000	1.2180	0.0000	600.0000	0.0000	56.5278	447.5865
60.0000	1.2180	0.0000	600.0000	0.0000	58.0408	447.9922
60.0000	-0.6611	0.0000	-393.6415	0.0000	61.4464	448.4237
60.0000	-1.2180	0.0000	-600.0000	0.0000	63.7651	448.8704
60.0000	-1.2180	0.0000	-600.0000	0.0000	62.0572	449.2957
60.0000	1.2180	0.0000	600.0000	0.0000	58.1514	449.6892
60.0000	1.2180	0.0000	600.0000	0.0000	56.5025	450.0769
60.0000	1.2180	0.0000	600.0000	0.0000	55.5699	450.4612
60.0000	1.2180	0.0000	600.0000	0.0000	56.0966	450.8515
60.0000	1.2180	0.0000	600.0000	0.0000	59.5557	451.2615
60.0000	-1.2180	0.0000	-600.0000	0.0000	63.1913	451.6998
60.0000	-1.2180	0.0000	-600.0000	0.0000	64.0848	452.1432
60.0000	-1.2180	0.0000	-600.0000	0.0000	62.6126	452.5696
60.0000	1.2180	0.0000	600.0000	0.0000	58.1579	452.9661
60.0000	1.2180	0.0000	600.0000	0.0000	56.4228	453.3497
60.0000	1.2180	0.0000	600.0000	0.0000	56.2283	453.7377
60.0000	1.2180	0.0000	600.0000	0.0000	57.3968	454.1358
60.0000	0.7603	0.0000	306.5295	0.0000	60.3325	454.5592
60.0000	-1.2180	0.0000	-600.0000	0.0000	63.7315	454.9994
60.0000	-1.2180	0.0000	-600.0000	0.0000	63.2766	455.4397
60.0000	0.7381	0.0000	431.5767	0.0000	59.5682	455.8439
60.0000	1.2180	0.0000	600.0000	0.0000	56.8243	456.2293
60.0000	1.2180	0.0000	600.0000	0.0000	55.8655	456.6143
60.0000	1.2180	0.0000	600.0000	0.0000	55.8453	457.0009
60.0000	1.2180	0.0000	600.0000	0.0000	58.3355	457.4005
60.0000	-0.3527	0.0000	-105.7674	0.0000	62.0140	457.8289
60.0000	-1.2180	0.0000	-600.0000	0.0000	63.9534	458.2795
60.0000	-1.2180	0.0000	-600.0000	0.0000	63.5660	458.7082
Target: 80.000
80.0000	1.2180	0.0000	600.0000	0.0000	58.9993	459.1147
80.0000	1.2180	0.0000	600.0000	0.0000	56.5675	459.5028
80.0000	1.2180	0.0000	600.0000	0.0000	56.1121	459.8913
80.0000	1.2180	0.0000	600.0000	0.0000	58.0129	460.2882
80.0000	1.2180	0.0000	600.0000	0.0000	60.3676	460.7043
80.0000	1.2180	0.0000	600.0000	0.0000	64.2284	461.1561
80.0000	1.2180	0.0000	600.0000	0.0000	69.0029	461.6416
80.0000	1.2180	0.0000	600.0000	0.0000	71.6265	462.1447
80.0000	1.2180	0.0000	600.0000	0.0000	71.0499	462.6398
80.0000	1.2180	0.0000	600.0000	0.0000	70.6784	463.1192
80.0000	1.2180	0.0000	600.0000	0.0000	71.0162	463.6035
80.0000	1.2180	0.0000	600.0000	0.0000	74.3735	464.1155
80.0000	1.1005	0.0000	600.0000	0.0000	80.1157	464.6735
80.0000	-1.2180	0.0000	-600.0000	0.0000	83.2761	465.2518
80.0000	1.2180	0.0000	600.0000	0.0000	78.6132	465.7845
80.0000	1.2180	0.0000	600.0000	0.0000	75.4596	466.3030
80.0000	1.2180	0.0000	600.0000	0.0000	75.8094	466.8233
80.0000	1.2180	0.0000	583.2507	0.0000	79.7538	467.3768
80.0000	-1.2180	0.0000	-600.0000	0.0000	83.9685	467.9654
80.0000	-1.2180	0.0000	-600.0000	0.0000	81.6921	468.5299
80.0000	1.2180	0.0000	600.0000	0.0000	75.1163	469.0407
80.0000	1.2180	0.0000	600.0000	0.0000	73.3695	469.5343
80.0000	1.2180	0.0000	600.0000	0.0000	73.9591	470.0397
80.0000	1.2180	0.0000	600.0000	0.0000	78.2651	470.5812
80.0000	-1.2180	0.0000	-600.0000	0.0000	84.0563	471.1680
80.0000	-1.2180	0.0000	-600.0000	0.0000	82.2020	471.7321
80.0000	1.2180	0.0000	600.0000	0.0000	76.5523	472.2540
80.0000	1.2180	0.0000	600.0000	0.0000	74.2617	472.7610
80.0000	1.2180	0.0000	600.0000	0.0000	75.7937	473.2853
80.0000	0.6682	0.0000	290.5951	0.0000	80.5318	473.8497
80.0000	-1.2180	0.0000	-600.0000	0.0000	83.7303	474.4365
80.0000	0.1669	0.0000	150.2328	0.0000	80.3632	474.9815
80.0000	1.2180	0.0000	600.0000	0.0000	75.0143	475.4838
80.0000	1.2180	0.0000	600.0000	0.0000	73.0854	475.9804
80.0000	1.2180	0.0000	600.0000	0.0000	75.0734	476.5039
80.0000	1.0800	0.0000	600.0000	0.0000	80.3970	477.0635
80.0000	-1.2180	0.0000	-600.0000	0.0000	84.1326	477.6429
80.0000	0.5345	0.0000	195.3200	0.0000	79.6722	478.1963
80.0000	1.2180	0.0000	600.0000	0.0000	75.2336	478.7044
80.0000	1.2180	0.0000	600.0000	0.0000	74.1028	479.2145
80.0000	1.2180	0.0000	600.0000	0.0000	76.8688	479.7483
80.0000	-1.2180	0.0000	-600.0000	0.0000	83.3047	480.3258
80.0000	-1.2180	0.0000	-600.0000	0.0000	83.8768	480.9053
80.0000	1.2180	0.0000	600.0000	0.0000	77.7315	481.4376
80.0000	1.2180	0.0000	600.0000	0.0000	73.8397	481.9354
80.0000	1.2180	0.0000	600.0000	0.0000	72.9172	482.4354
80.0000	1.2180	0.0000	600.0000	0.0000	76.0202	482.9631
80.0000	-0.6419	0.0000	-384.1826	0.0000	81.6167	483.5395
80.0000	-1.2180	0.0000	-600.0000	0.0000	82.8761	484.1182
80.0000	1.2180	0.0000	600.0000	0.0000	77.2306	484.6463
80.0000	1.2180	0.0000	600.0000	0.0000	74.9323	485.1513
80.0000	1.2180	0.0000	600.0000	0.0000	75.4164	485.6676
80.0000	1.2180	0.0000	600.0000	0.0000	79.1091	486.2140
80.0000	-1.2180	0.0000	-600.0000	0.0000	84.1841	486.8107
80.0000	-1.2180	0.0000	-556.3087	0.0000	81.9804	487.3737
80.0000	1.2180	0.0000	600.0000	0.0000	75.8723	487.8853
80.0000	1.2180	0.0000	600.0000	0.0000	72.6724	488.3808
80.0000	1.2180	0.0000	600.0000	0.0000	73.3115	488.8881
80.0000	1.2180	0.0000	600.0000	0.0000	77.7171	489.4316
80.0000	-1.2180	0.0000	-600.0000	0.0000	83.0404	490.0175
80.0000	-0.9419	0.0000	-532.0000	0.0000	81.1704	490.5813
80.0000	1.2180	0.0000	600.0000	0.0000	77.0142	491.0971
80.0000	1.2180	0.0000	600.0000	0.0000	74.4396	491.6018
80.0000	1.2180	0.0000	600.0000	0.0000	76.4174	492.1344
80.0000	0.5948	0.0000	360.0255	0.0000	81.0168	492.6974
80.0000	-1.2180	0.0000	-600.0000	0.0000	84.1697	493.2868
80.0000	0.6836	0.0000	268.7294	0.0000	79.2405	493.8302
80.0000	1.2180	0.0000	600.0000	0.0000	74.1864	494.3334
80.0000	1.2180	0.0000	600.0000	0.0000	72.1763	494.8265
80.0000	1.2180	0.0000	600.0000	0.0000	73.9887	495.3435
80.0000	0.9141	0.0000	518.3192	0.0000	80.6067	495.9007
80.0000	-1.2180	0.0000	-600.0000	0.0000	83.3164	496.4898
80.0000	0.2365	0.0000	184.4804	0.0000	80.5210	497.0355
80.0000	1.2180	0.0000	600.0000	0.0000	75.9478	497.5448
80.0000	1.2180	0.0000	600.0000	0.0000	74.7680	498.0602
80.0000	1.2180	0.0000	600.0000	0.0000	77.3378	498.5948
80.0000	-1.2180	0.0000	-600.0000	0.0000	82.8932	499.1742
80.0000	-1.2180	0.0000	-600.0000	0.0000	83.0107	499.7522
80.0000	1.2180	0.0000	600.0000	0.0000	77.0753	500.2791
80.0000	1.2180	0.000.0000	73.000	600.0000	051	500.7773
80.0000	1.2180	0.0000	600.0000	0.0000	72.2262	501.2770
80.0000	1.2180	0.0000	600.0000	0.0000	75.7884	501.8046
80.0000	-1.2119	0.0000	-528.9979	0.0000	82.9863	502.3807
80.0000	-1.2180	0.0000	-600.0000	0.0000	82.8020	502.9597
80.0000	1.2180	0.0000	600.0000	0.0000	77.1644	503.4878
80.0000	1.2180	0.0000	600.0000	0.0000	75.1281	503.9940
80.0000	1.2180	0.0000	600.0000	0.0000	75.5162	504.5094
80.0000	1.2180	0.0000	600.0000	0.0000	79.3826	505.0567
80.0000	-1.2180	0.0000	-600.0000	0.0000	84.1591	505.6507
80.0000	-1.2180	0.0000	-548.9622	0.0000	81.9828	506.2160
80.0000	1.2180	0.0000	600.0000	0.0000	75.7830	506.7272
80.0000	1.2180	0.0000	600.0000	0.0000	72.7695	507.2234
80.0000	1.2180	0.0000	600.0000	0.0000	73.3831	507.7300
80.0000	1.2180	0.0000	600.0000	0.0000	77.6591	508.2723
80.0000	-1.2180	0.0000	-600.0000	0.0000	83.4441	508.8590
80.0000	-1.1487	0.0000	-600.0000	0.0000	81.6676	509.4243
80.0000	1.2180	0.0000	600.0000	0.0000	76.1130	509.9401
80.0000	1.2180	0.0000	600.0000	0.0000	73.8799	510.4490
80.0000	1.2180	0.0000	600.0000	0.0000	75.3415	510.9725
80.0000	0.4730	0.0000	301.0179	0.0000	81.4456	511.5343
80.0000	-1.2180	0.0000	-600.0000	0.0000	84.7863	512.1234
80.0000	0.3889	0.0000	259.5582	0.0000	80.1746	512.6771
80.0000	1.2180	0.0000	600.0000	0.0000	74.6332	513.1795
80.0000	1.2180	0.0000	600.0000	0.0000	72.6562	513.6738
80.0000	1.2180	0.0000	600.0000	0.0000	74.2336	514.1889
80.0000	1.2180	0.0000	600.0000	0.0000	79.4543	514.7480
80.0000	-1.2180	0.0000	-600.0000	0.0000	83.7161	515.3347
80.0000	0.7691	0.0000	310.8640	0.0000	79.3065	515.8804
80.0000	1.2180	0.0000	600.0000	0.0000	74.6273	516.3901
80.0000	1.2180	0.0000	600.0000	0.0000	75.0402	516.8990
80.0000	1.2180	0.0000	600.0000	0.0000	77.6032	517.4324
80.0000	-1.2180	0.0000	-569.9180	0.0000	83.0071	518.0177
80.0000	-1.2180	0.0000	-600.0000	0.0000	83.6429	518.5979
80.0000	1.2180	0.0000	600.0000	0.0000	77.7368	519.1248
80.0000	1.2180	0.0000	600.0000	0.0000	73.2334	519.6215
80.0000	1.2180	0.0000	600.0000	0.0000	72.7257	520.1223
80.0000	1.2180	0.0000	600.0000	0.0000	75.4131	520.6484
80.0000	-0.9818	0.0000	-415.6354	0.0000	82.8722	521.2241
80.0000	-1.2180	0.0000	-600.0000	0.0000	82.7322	521.8032
80.0000	1.2180	0.0000	600.0000	0.0000	78.2392	522.3308
80.0000	1.2180	0.0000	600.0000	0.0000	75.0009	522.8378
80.0000	1.2180	0.0000	600.0000	0.0000	74.9668	523.3594
80.0000	1.2180	0.0000	600.0000	0.0000	78.6785	523.9043
80.0000	-1.2180	0.0000	-600.0000	0.0000	83.6027	524.4922
80.0000	-1.1886	0.0000	-600.0000	0.0000	81.6511	525.0567
80.0000	1.2180	0.0000	600.0000	0.0000	76.8660	525.5702
80.0000	1.2180	0.0000	600.0000	0.0000	73.6045	526.0657
80.0000	1.2180	0.0000	600.0000	0.0000	74.0470	526.5715
80.0000	1.2180	0.0000	600.0000	0.0000	78.5584	527.1141
80.0000	-1.2180	0.0000	-600.0000	0.0000	83.9024	527.6983
80.0000	-1.2180	0.0000	-600.0000	0.0000	82.2949	528.2716
80.0000	1.2180	0.0000	600.0000	0.0000	76.3601	528.7870
80.0000	1.2180	0.0000	600.0000	0.0000	74.2016	529.2924
80.0000	1.2180	0.0000	600.0000	0.0000	75.3849	529.8143
80.0000	0.7587	0.0000	306.7226	0.0000	79.8424	530.3754
80.0000	-1.2180	0.0000	-600.0000	0.0000	84.8328	530.9645
80.0000	0.4257	0.0000	277.6940	0.0000	80.0701	531.5098
80.0000	1.2180	0.0000	600.0000	0.0000	75.1246	532.0153
80.0000	1.2180	0.0000	600.0000	0.0000	73.0713	532.5192
80.0000	1.2180	0.0000	600.0000	0.0000	74.9503	533.0346
80.0000	0.9419	0.0000	396.0000	0.0000	80.1554	533.5960
80.0000	-1.2180	0.0000	-600.0000	0.0000	84.0356	534.1828
80.0000	0.3831	0.0000	120.6955	0.0000	79.8162	534.7296
80.0000	1.2180	0.0000	600.0000	0.0000	74.8889	535.2377
80.0000	1.2180	0.0000	600.0000	0.0000	73.8359	535.7463
80.0000	1.2180	0.0000	600.0000	0.0000	76.4698	536.2813
80.0000	-1.2180	0.0000	-600.0000	0.0000	83.2089	536.8580
80.0000	-1.2180	0.0000	-600.0000	0.0000	83.8181	537.4382
80.0000	1.2180	0.0000	600.0000	0.0000	78.0112	537.9744
80.0000	1.2180	0.0000	600.0000	0.0000	73.9470	538.4722
80.0000	1.2180	0.0000	600.0000	0.0000	73.1199	538.9726
80.0000	1.2180	0.0000	600.0000	0.0000	76.1019	539.5003
80.0000	-0.8765	0.0000	-400.8518	0.0000	82.0080	540.0763
80.0000	-1.2180	0.0000	-600.0000	0.0000	83.2435	540.6554
80.0000	1.2180	0.0000	600.0000	0.0000	77.5150	541.1850
80.0000	1.2180	0.0000	600.0000	0.0000	74.0108	541.6901
80.0000	1.2180	0.0000	600.0000	0.0000	75.4448	542.2055
80.0000	1.2180	0.0000	600.0000	0.0000	79.0795	542.7516
80.0000	-1.2180	0.0000	-600.0000	0.0000	84.2030	543.3475
80.0000	-1.2180	0.0000	-600.0000	0.0000	82.2416	543.9121
80.0000	1.2180	0.0000	600.0000	0.0000	75.8443	544.4240
80.0000	1.2180	0.0000	600.0000	0.0000	72.6462	544.9194
80.0000	1.2180	0.0000	600.0000	0.0000	73.3274	545.4249
80.0000	1.2180	0.0000	600.0000	0.0000	77.6782	545.9683
80.0000	-1.2180	0.0000	-600.0000	0.0000	82.8315	546.5524
80.0000	-1.0800	0.0000	-600.0000	0.0000	81.3979	547.1177
80.0000	1.2180	0.0000	600.0000	0.0000	76.9228	547.6331
80.0000	1.2180	0.0000	600.0000	0.0000	74.9268	548.1405
80.0000	1.2180	0.0000	600.0000	0.0000	76.1135	548.6616
80.0000	0.7556	0.0000	440.2366	0.0000	80.9821	549.2322
80.0000	-1.2180	0.0000	-600.0000	0.0000	84.0923	549.8194
80.0000	0.4271	0.0000	143.4018	0.0000	79.6839	550.3659
80.0000	1.2180	0.0000	600.0000	0.0000	74.6993	550.8698
80.0000	1.2180	0.0000	600.0000	0.0000	72.5108	551.3664
80.0000	1.2180	0.0000	600.0000	0.0000	74.5128	551.8822
80.0000	1.2180	0.0000	568.8871	0.0000	79.7064	552.4414
80.0000	-1.2180	0.0000	-600.0000	0.0000	83.6634	553.0292
80.0000	0.5445	0.0000	200.2490	0.0000	79.3622	553.5758
80.0000	1.2180	0.0000	600.0000	0.0000	74.6408	554.0846
80.0000	1.2180	0.0000	600.0000	0.0000	74.8593	554.5935
80.0000	1.2180	0.0000	600.0000	0.0000	77.6390	555.1342
80.0000	-1.2180	0.0000	-600.0000	0.0000	82.4930	555.7103
80.0000	-1.2180	0.0000	-600.0000	0.0000	83.1568	556.2893
80.0000	1.2180	0.0000	600.0000	0.0000	77.3265	556.8178
80.0000	1.2180	0.0000	600.0000	0.0000	73.1825	557.3164
80.0000	1.2180	0.0000	600.0000	0.0000	72.4532	557.8172
80.0000	1.2180	0.0000	600.0000	0.0000	75.6207	558.3460
80.0000	-0.8081	0.0000	-330.0742	0.0000	82.7081	558.9197
80.0000	-1.2180	0.0000	-600.0000	0.0000	82.4804	559.5000
80.0000	1.2180	0.0000	600.0000	0.0000	78.5463	560.0303
80.0000	1.2180	0.0000	600.0000	0.0000	74.9087	560.5423
80.0000	1.2180	0.0000	600.0000	0.0000	74.8030	561.0570
80.0000	1.2180	0.0000	600.0000	0.0000	78.5512	561.6034
80.0000	-1.2180	0.0000	-600.0000	0.0000	83.4010	562.1887
80.0000	-1.0406	0.0000	-580.6170	0.0000	81.2624	562.7547
80.0000	1.2180	0.0000	600.0000	0.0000	76.3902	563.2678
80.0000	1.2180	0.0000	600.0000	0.0000	73.1156	563.7702
80.0000	1.2180	0.0000	600.0000	0.0000	73.9266	564.2768
80.0000	1.2180	0.0000	600.0000	0.0000	78.3479	564.8182
80.0000	-1.2180	0.0000	-600.0000	0.0000	83.8418	565.4042
80.0000	-1.2180	0.0000	-553.3106	0.0000	82.0122	565.9684
80.0000	1.2180	0.0000	600.0000	0.0000	76.2283	566.4834
80.0000	1.2180	0.0000	600.0000	0.0000	73.8569	566.9896
80.0000	1.2180	0.0000	600.0000	0.0000	75.3308	567.5123
80.0000	1.0800	0.0000	464.0000	0.0000	79.9971	568.0730
80.0000	-1.2180	0.0000	-600.0000	0.0000	84.7395	568.6616
80.0000	0.2819	0.0000	206.8492	0.0000	80.3609	569.2089
80.0000	1.2180	0.0000	600.0000	0.0000	75.0036	569.7205
80.0000	1.2180	0.0000	600.0000	0.0000	72.9210	570.2171
80.0000	1.2180	0.0000	600.0000	0.0000	74.9210	570.7318
80.0000	1.1661	0.0000	506.4286	0.0000	79.9808	571.2913
80.0000	-1.2180	0.0000	-600.0000	0.0000	84.0433	571.8792
80.0000	0.5535	0.0000	204.6797	0.0000	79.7247	572.4257
80.0000	1.2180	0.0000	600.0000	0.0000	74.9122	572.9342
80.0000	1.2180	0.0000	600.0000	0.0000	74.6777	573.4415
80.0000	1.2180	0.0000	600.0000	0.0000	77.2638	573.9735
80.0000	-1.1959	0.0000	-600.0000	0.0000	82.2982	574.5575
80.0000	-1.2180	0.0000	-600.0000	0.0000	83.1344	575.1366
80.0000	1.2180	0.0000	600.0000	0.0000	77.2794	575.6639
80.0000	1.2180	0.0000	600.0000	0.0000	73.1150	576.1629
80.0000	1.2180	0.0000	600.0000	0.0000	73.6864	576.6633
80.0000	1.2180	0.0000	600.0000	0.0000	76.4161	577.1887
80.0000	-0.7988	0.0000	-325.5078	0.0000	82.7975	577.7735
80.0000	-1.2180	0.0000	-600.0000	0.0000	83.8854	578.3453
80.0000	1.2180	0.0000	600.0000	0.0000	78.2729	578.8822
80.0000	1.2180	0.0000	600.0000	0.0000	74.7502	579.3884
80.0000	1.2180	0.0000	600.0000	0.0000	74.6514	579.9019
80.0000	1.2180	0.0000	600.0000	0.0000	78.3087	580.4495
80.0000	-1.2180	0.0000	-600.0000	0.0000	83.1126	581.0359
80.0000	-1.2180	0.0000	-600.0000	0.0000	82.6488	581.6011
80.0000	1.2180	0.0000	600.0000	0.0000	76.4580	582.1143
80.0000	1.2180	0.0000	600.0000	0.0000	73.2518	582.6166
80.0000	1.2180	0.0000	600.0000	0.0000	73.6368	583.1225
80.0000	1.2180	0.0000	600.0000	0.0000	78.2421	583.6663
80.0000	-1.2180	0.0000	-600.0000	0.0000	83.6386	584.2511
80.0000	-1.2180	0.0000	-579.7736	0.0000	81.9398	584.8171
80.0000	1.2180	0.0000	600.0000	0.0000	76.3012	585.3333
80.0000	1.2180	0.0000	600.0000	0.0000	73.9522	585.8388
80.0000	1.2180	0.0000	600.0000	0.0000	75.0221	586.3619
80.0000	0.4238	0.0000	276.7748	0.0000	81.3713	586.9241
80.0000	-1.2180	0.0000	-600.0000	0.0000	84.3539	587.5108
80.0000	0.4429	0.0000	285.0158	0.0000	80.0055	588.0654
80.0000	1.2180	0.0000	600.0000	0.0000	74.9284	588.5685
80.0000	1.2180	0.0000	600.0000	0.0000	72.8884	589.0651
80.0000	1.2180	0.0000	600.0000	0.0000	74.7724	589.5791
80.0000	1.2180	0.0000	564.7127	0.0000	79.7524	590.1374
80.0000	-1.2180	0.0000	-600.0000	0.0000	83.8424	590.7230
80.0000	0.4115	0.0000	134.7293	0.0000	79.7201	591.2706
80.0000	1.2180	0.0000	600.0000	0.0000	74.6922	591.7788
80.0000	1.2180	0.0000	600.0000	0.0000	74.9008	592.2872
80.0000	1.2180	0.0000	600.0000	0.0000	77.3858	592.8184
80.0000	-1.1474	0.0000	-497.2316	0.0000	82.6066	593.4040
80.0000	-1.2180	0.0000	-600.0000	0.0000	83.4283	593.9827
80.0000	1.2180	0.0000	600.0000	0.0000	77.4739	594.5108
80.0000	1.2180	0.0000	600.0000	0.0000	73.2062	595.0089
80.0000	1.2180	0.0000	600.0000	0.0000	73.4777	595.5071
80.0000	1.2180	0.0000	600.0000	0.0000	76.6988	596.0348
80.0000	-0.6250	0.0000	-239.8584	0.0000	82.4815	596.6162
80.0000	-1.2180	0.0000	-600.0000	0.0000	83.9460	597.1891
80.0000	1.2180	0.0000	600.0000	0.0000	78.1701	597.7271
80.0000	1.2180	0.0000	600.0000	0.0000	74.5869	598.2333
80.0000	1.2180	0.0000	600.0000	0.0000	74.8339	598.7476
80.0000	1.2180	0.0000	600.0000	0.0000	78.4670	599.2933
80.0000	-1.2180	0.0000	-600.0000	0.0000	83.2373	599.8793
80.0000	-1.2180	0.0000	-600.0000	0.0000	82.8164	600.4461
80.0000	1.2180	0.0000	600.0000	0.0000	76.6874	600.9600
80.0000	1.2180	0.0000	600.0000	0.0000	73.3416	601.4620
80.0000	1.2180	0.0000	600.0000	0.0000	73.7928	601.9682
80.0000	1.2180	0.0000	600.0000	0.0000	78.0011	602.5101
80.0000	-1.2180	0.0000	-600.0000	0.0000	83.4889	60.0000	-600.0000	0.0000	81.6800	603.6610
03.0953
80.0000	600.000000	-1.1525		1.2180	0.00	0.0000	76.180.0000196	604.1771
80.0000	1.2180	0.0000	600.0000	0.0000	73.6570	604.6826
80.0000	1.2180	0.0000	600.0000	0.0000	76.3946	605.2049
80.0000	0.7560	0.0000	440.3973	0.0000	81.1140	605.7660
80.0000	-1.2180	0.0000	-600.0000	0.0000	84.5289	606.3543
80.0000	0.0451	0.0000	-45.7819	0.0000	79.9999	606.9088
80.0000	1.2180	0.0000	600.0000	0.0000	74.6692	607.4127
80.0000	1.2180	0.0000	600.0000	0.0000	72.6268	607.9089
80.0000	1.2180	0.0000	600.0000	0.0000	74.0217	608.4228
80.0000	0.9419	0.0000	532.0000	0.0000	80.7658	608.9812
80.0000	-1.2180	0.0000	-600.0000	0.0000	83.4105	609.5679
80.0000	0.0201	0.0000	77.9020	0.0000	80.7271	610.1167
80.0000	1.2180	0.0000	600.0000	0.0000	75.9257	610.6256
Target: 100.000
100.0000	1.2180	0.0000	600.0000	0.0000	74.1424	611.1411
100.0000	1.2180	0.0000	600.0000	0.0000	76.5915	611.6745
100.0000	1.2180	0.0000	600.0000	0.0000	81.9524	612.2520
100.0000	1.2180	0.0000	600.0000	0.0000	87.7036	612.8602
100.0000	1.2180	0.0000	600.0000	0.0000	86.2704	613.4608
100.0000	1.2180	0.0000	600.0000	0.0000	83.4310	614.0288
100.0000	1.2180	0.0000	600.0000	0.0000	83.5131	614.6017
100.0000	1.2180	0.0000	600.0000	0.0000	88.8083	615.2203
100.0000	1.2180	0.0000	600.0000	0.0000	95.2833	615.8880
100.0000	1.2180	0.0000	600.0000	0.0000	94.9172	616.5487
100.0000	1.2180	0.0000	600.0000	0.0000	91.9449	617.1791
100.0000	1.2180	0.0000	600.0000	0.0000	93.8705	617.8184
100.0000	1.1933	0.0000	600.0000	0.0000	100.0243	618.5225
100.0000	-1.2180	0.0000	-600.0000	0.0000	102.9014	619.2416
100.0000	1.2180	0.0000	600.0000	0.0000	95.7268	619.8932
100.0000	1.2180	0.0000	600.0000	0.0000	90.9756	620.5125
100.0000	1.2180	0.0000	600.0000	0.0000	92.4905	621.1549
100.0000	0.6983	0.0000	410.9981	0.0000	101.2251	621.8582
100.0000	-1.2180	0.0000	-600.0000	0.0000	102.6322	622.5700
100.0000	1.2180	0.0000	600.0000	0.0000	95.9042	623.2273
100.0000	1.2180	0.0000	600.0000	0.0000	93.2996	623.8646
100.0000	1.2180	0.0000	600.0000	0.0000	97.3831	624.5411
100.0000	-1.2180	0.0000	-600.0000	0.0000	103.1943	625.2675
100.0000	1.2079	0.0000	600.0000	0.0000	99.4970	625.9443
100.0000	1.2180	0.0000	600.0000	0.0000	92.8980	626.5683
100.0000	1.2180	0.0000	600.0000	0.0000	91.7665	627.2030
100.0000	1.2180	0.0000	600.0000	0.0000	97.5729	627.8829
100.0000	-1.2180	0.0000	-600.0000	0.0000	103.1890	628.6046
100.0000	1.2180	0.0000	600.0000	0.0000	97.6142	629.2734
100.0000	1.2180	0.0000	600.0000	0.0000	93.1458	629.9082
100.0000	1.2180	0.0000	600.0000	0.0000	94.4131	630.5654
100.0000	-0.9453	0.0000	-398.6737	0.0000	102.8833	631.2796
100.0000	-1.2180	0.0000	-537.5549	0.0000	102.1452	631.9970
100.0000	1.2180	0.0000	600.0000	0.0000	94.1597	632.6314
100.0000	1.2180	0.0000	600.0000	0.0000	90.7162	633.2495
100.0000	1.2180	0.0000	600.0000	0.0000	94.4761	633.9069
100.0000	-0.3925	0.0000	-261.3394	0.0000	101.2269	634.6209
100.0000	-0.1033	0.0000	17.1355	0.0000	101.2038	635.3154
100.0000	1.2180	0.0000	600.0000	0.0000	94.9680	635.9536
100.0000	1.2180	0.0000	600.0000	0.0000	94.2605	636.6063
100.0000	1.2180	0.0000	600.0000	0.0000	99.6423	637.3004
100.0000	-1.2180	0.0000	-600.0000	0.0000	103.0492	638.0225
100.0000	1.2180	0.0000	600.0000	0.0000	96.0641	638.6818
100.0000	1.2180	0.0000	600.0000	0.0000	92.1806	639.2996
100.0000	1.2180	0.0000	600.0000	0.0000	93.7778	639.9389
100.0000	1.0800	0.0000	600.0000	0.0000	100.1653	640.6430
100.0000	-1.2180	0.0000	-600.0000	0.0000	102.7749	641.3478
100.0000	1.2180	0.0000	600.0000	0.0000	96.5694	642.0101
100.0000	1.2180	0.0000	600.0000	0.0000	93.3671	642.6452
100.0000	1.2180	0.0000	600.0000	0.0000	96.5823	643.3155
100.0000	-1.2180	0.0000	-600.0000	0.0000	102.7287	644.0404
100.0000	0.3215	0.0000	226.3536	0.0000	100.6983	644.7279
100.0000	1.2180	0.0000	600.0000	0.0000	93.3435	645.3530
100.0000	1.2180	0.0000	600.0000	0.0000	91.7894	645.9858
100.0000	1.2180	0.0000	600.0000	0.0000	97.0281	646.6604
100.0000	-	0.0000	103.0760	647.3809
11.2180	0.0000	-600.000000.0000	1.2180	0.0000	600.0000	0.0000	98.0836	648.0563
100.0000	1.2180	0.0000	600.0000	0.0000	93.1182	648.6898
100.0000	1.2180	0.0000	600.0000	0.0000	95.6686	649.3422
100.0000	0.2031	0.0000	168.0487	0.0000	101.8638	650.0485
100.0000	-1.2180	0.0000	-600.0000	0.0000	102.7125	650.7722
100.0000	1.2180	0.0000	600.0000	0.0000	95.0081	651.4138
100.0000	1.2180	0.0000	600.0000	0.0000	90.9658	652.0327
100.0000	1.2180	0.0000	600.0000	0.0000	93.7374	652.6820
100.0000	-0.0334	0.0000	-83.4290	0.0000	101.2013	653.3934
100.0000	-0.3591	0.0000	-244.9067	0.0000	100.4950	654.0944
100.0000	1.2180	0.0000	600.0000	0.0000	93.9899	654.7360
100.0000	1.2180	0.0000	600.0000	0.0000	94.3266	655.3757
100.0000	1.2180	0.0000	600.0000	0.0000	98.9271	656.0690
100.0000	-1.2180	0.0000	-600.0000	0.0000	103.7418	656.7946
100.0000	1.2180	0.0000	600.0000	0.0000	97.7262	657.4627
100.0000	1.2180	0.0000	600.0000	0.0000	91.7744	658.0812
100.0000	1.2180	0.0000	600.0000	0.0000	91.8553	658.7148
100.0000	1.2180	0.0000	600.0000	0.0000	98.0854	659.4050
100.0000	-1.0800	0.0000	-600.0000	0.0000	101.7443	660.1249
100.0000	1.2180	0.0000	600.0000	0.0000	97.2979	660.7818
100.0000	1.2180	0.0000	600.0000	0.0000	93.7622	661.4265
100.0000	1.2180	0.0000	600.0000	0.0000	96.3480	662.0891
100.0000	-1.2180	0.0000	-600.0000	0.0000	102.7271	662.8105
100.0000	-0.0639	0.0000	-98.4627	0.0000	100.2232	663.5065
100.0000	1.2180	0.0000	600.0000	0.0000	92.6818	664.1359
100.0000	1.2180	0.0000	600.0000	0.0000	91.7249	664.7564
100.0000	1.2180	0.0000	600.0000	0.0000	96.3763	665.4213
100.0000	-0.9961	0.0000	-558.6796	0.0000	101.8404	666.1431
100.0000	1.1442	0.0000	600.0000	0.0000	99.7261	666.8269
100.0000	1.2180	0.0000	600.0000	0.0000	94.5080	667.4738
100.0000	1.2180	0.0000	600.0000	0.0000	94.8183	668.1234
100.0000	0.4413	0.0000	218.7519	0.0000	100.7556	668.8275
100.0000	-1.2180	0.0000	-600.0000	0.0000	102.9268	669.5481
100.0000	1.2180	0.0000	600.0000	0.0000	95.0566	670.1951
100.0000	1.2180	0.0000	600.0000	0.0000	91.8545	670.8137
100.0000	1.2180	0.0000	600.0000	0.0000	93.9767	671.4572
100.0000	0.8100	0.0000	466.0001	0.0000	101.1042	672.1724
100.0000	-0.8875	0.0000	-369.2063	0.0000	102.1826	672.8815
100.0000	1.2180	0.0000	600.0000	0.0000	95.4605	673.5253
100.0000	1.2180	0.0000	600.0000	0.0000	93.2514	674.1646
100.0000	1.2180	0.0000	600.0000	0.0000	97.6842	674.8461
100.0000	-1.2180	0.0000	-600.0000	0.0000	103.0988	675.5732
100.0000	1.2180	0.0000	600.0000	0.0000	99.1592	676.2478
100.0000	1.2180	0.0000	600.0000	0.0000	92.6547	676.8698
100.0000	1.2180	0.0000	600.0000	0.0000	92.5568	677.4999
100.0000	1.2180	0.0000	600.0000	0.0000	98.2338	678.1910
100.0000	-1.2180	0.0000	-600.0000	0.0000	103.3542	678.9042
100.0000	1.2180	0.0000	600.0000	0.0000	97.7391	679.5769
100.0000	1.2180	0.0000	600.0000	0.0000	93.3374	680.2124
100.0000	1.2180	0.0000	600.0000	0.0000	95.5529	680.8720
100.0000	-0.9534	0.0000	-536.6750	0.0000	101.9849	681.5899
100.0000	-1.2180	0.0000	-568.6797	0.0000	102.3303	682.2940
100.0000	1.2180	0.0000	600.0000	0.0000	94.5732	682.9275
100.0000	1.2180	0.0000	600.0000	0.0000	91.1614	683.5553
100.0000	1.2180	0.0000	600.0000	0.0000	95.3068	684.2156
100.0000	-1.2180	0.0000	-600.0000	0.0000	102.7490	684.9343
100.0000	0.9550	0.0000	403.4192	0.0000	99.4062	685.6235
100.0000	1.2180	0.0000	600.0000	0.0000	93.6959	686.2616
100.0000	1.2180	0.0000	600.0000	0.0000	94.9268	686.9063
100.0000	0.9419	0.0000	532.0000	0.0000	100.6416	687.6031
100.0000	-1.2180	0.0000	-600.0000	0.0000	103.8210	688.3378
100.0000	1.2180	0.0000	600.0000	0.0000	96.3999	688.9906
100.0000	1.2180	0.0000	600.0000	0.0000	91.3850	689.6088
100.0000	1.2180	0.0000	600.0000	0.0000	92.8634	690.2496
100.0000	1.2180	0.0000	600.0000	0.0000	99.5017	690.9491
100.0000	-1.0800	0.0000	-600.0000	0.0000	101.8474	691.6628
100.0000	1.2180	0.0000	600.0000	0.0000	95.1537	692.3112
100.0000	1.2180	0.0000	600.0000	0.0000	94.0264	692.9471
100.0000	1.2180	0.0000	600.0000	0.0000	97.8923	693.6205
100.0000	-1.2180	0.0000	-600.0000	0.0000	104.4310	694.3488
100.0000	1.0507	0.0000	449.5990	0.0000	99.6242	695.0406
100.0000	1.2180	0.0000	600.0000	0.0000	92.5286	695.6649
100.0000	1.2180	0.0000	600.0000	0.0000	91.6216	696.2919
100.0000	1.2180	0.0000	600.0000	0.0000	97.1824	696.9703
100.0000	-1.2180	0.0000	-600.0000	0.0000	102.8787	697.6936
100.0000	1.2180	0.0000	600.0000	0.0000	97.7421	698.3632
100.0000	1.2180	0.0000	600.0000	0.0000	93.0472	698.9987
100.0000	1.2180	0.0000	600.0000	0.0000	96.2331	699.6548
100.0000	-0.7085	0.0000	-281.0236	0.0000	102.7446	700.3677
100.0000	-1.2180	0.0000	-600.0000	0.0000	102.6187	701.0875
100.0000	1.2180	0.0000	600.0000	0.0000	94.7854	701.7249
100.0000	1.2180	0.0000	600.0000	0.0000	90.8625	702.3442
100.0000	1.2180	0.0000	600.0000	0.0000	94.3545	702.9985
100.0000	-0.4938	0.0000	-243.5355	0.0000	101.6491	703.7122
100.0000	0.0806	0.0000	-28.2911	0.0000	100.1574	704.4097
100.0000	1.2180	0.0000	600.0000	0.0000	95.2430	705.0487
100.0000	1.2180	0.0000	600.0000	0.0000	94.2888	705.7006
100.0000	1.2180	0.0000	600.0000	0.0000	99.5784	706.3901
100.0000	-1.2180	0.0000	-600.0000	0.0000	103.5945	707.1153
100.0000	1.2180	0.0000	600.0000	0.0000	96.7369	707.7764
100.0000	1.2180	0.0000	600.0000	0.0000	91.1469	708.3954
100.0000	1.2180	0.0000	600.0000	0.0000	92.0597	709.0321
100.0000	1.1440	0.0000	600.0000	0.0000	100.0729	709.7258
100.0000	-1.2180	0.0000	-600.0000	0.0000	103.2841	710.4440
100.0000	1.2180	0.0000	600.0000	0.0000	96.7282	711.1071
100.0000	1.2180	0.0000	600.0000	0.0000	93.4286	711.7434
100.0000	1.2180	0.0000	600.0000	0.0000	96.8257	712.4122
100.0000	-1.2180	0.0000	-600.0000	0.0000	103.1540	713.1370
100.0000	0.6019	0.000.0000	99.4836	713.8250
100.0000	1.20	228.5199	0180	0.0000	600.0000	0.0000	92.2308	714.4523
100.0000	1.2180	0.0000	600.0000	0.0000	92.0458	715.0748
100.0000	1.2180	0.0000	600.0000	0.0000	97.2195	715.7459
100.0000	-1.2180	0.0000	-600.0000	0.0000	103.5601	716.4669
100.0000	1.2180	0.0000	600.0000	0.0000	98.9731	717.1533
100.0000	1.2180	0.0000	600.0000	0.0000	93.8823	717.7884
100.0000	1.2180	0.0000	600.0000	0.0000	94.7670	718.4403
100.0000	0.2414	0.0000	50.9006	0.0000	100.8496	719.1459
100.0000	-1.0874	0.0000	-600.0000	0.0000	101.8168	719.8623
100.0000	1.2180	0.0000	600.0000	0.0000	95.6957	720.5051
100.0000	1.2180	0.0000	600.0000	0.0000	91.6758	721.1236
100.0000	1.2180	0.0000	600.0000	0.0000	94.5822	721.7725
100.0000	0.1391	0.0000	135.5275	0.0000	101.7901	722.4808
100.0000	-0.5258	0.0000	-191.0001	0.0000	101.6098	723.1941
100.0000	1.2180	0.0000	600.0000	0.0000	95.1773	723.8369
100.0000	1.2180	0.0000	600.0000	0.0000	93.5055	724.4765
100.0000	1.2180	0.0000	600.0000	0.0000	98.1651	725.1618
100.0000	-1.2180	0.0000	-600.0000	0.0000	103.0278	725.8882
100.0000	1.2180	0.0000	600.0000	0.0000	98.6912	726.5581
100.0000	1.2180	0.0000	600.0000	0.0000	92.7504	727.1794
100.0000	1.2180	0.0000	600.0000	0.0000	92.8979	727.8106
100.0000	1.2180	0.0000	600.0000	0.0000	99.3171	728.4982
100.0000	-1.2180	0.0000	-600.0000	0.0000	103.4648	729.2185
100.0000	1.2180	0.0000	600.0000	0.0000	97.2832	729.8861
100.0000	1.2180	0.0000	600.0000	0.0000	93.3742	730.5208
100.0000	1.2180	0.0000	600.0000	0.0000	95.7549	731.1835
100.0000	-1.0800	0.0000	-600.0000	0.0000	102.0870	731.9033
100.0000	-0.6124	0.0000	-233.6694	0.0000	101.4778	732.6005
100.0000	1.2180	0.0000	600.0000	0.0000	93.8988	733.2313
100.0000	1.2180	0.0000	600.0000	0.0000	91.5428	733.8622
100.0000	1.2180	0.0000	600.0000	0.0000	95.9421	734.5272
100.0000	-1.2180	0.0000	-600.0000	0.0000	103.4157	735.2478
100.0000	0.9953	0.0000	422.3056	0.0000	99.5003	735.9319
100.0000	1.2180	0.0000	600.0000	0.0000	93.7144	736.5685
100.0000	1.2180	0.0000	600.0000	0.0000	93.8315	737.2151
100.0000	1.1389	0.0000	493.0300	0.0000	99.4605	737.9146
100.0000	-1.2180	0.0000	-600.0000	0.0000	103.9170	738.6348
100.0000	1.2180	0.0000	600.0000	0.0000	96.6647	739.2856
100.0000	1.2180	0.0000	600.0000	0.0000	91.7291	739.9118
100.0000	1.2180	0.0000	600.0000	0.0000	93.5445	740.5546
100.0000	0.7913	0.0000	322.7971	0.0000	100.2858	741.2583
100.0000	-1.0800	0.0000	-600.0000	0.0000	101.8279	741.9685
100.0000	1.2180	0.0000	600.0000	0.0000	95.3797	742.6147
100.0000	1.2180	0.0000	600.0000	0.0000	92.9454	743.2525
100.0000	1.2180	0.0000	600.0000	0.0000	96.6486	743.9293
100.0000	-1.2180	0.0000	-600.0000	0.0000	104.5121	744.6568
100.0000	1.2180	0.0000	600.0000	0.0000	99.2231	745.3429
100.0000	1.2180	0.0000	600.0000	0.0000	92.4832	745.9661
100.0000	1.2180	0.0000	600.0000	0.0000	91.7472	746.5942
100.0000	1.2180	0.0000	600.0000	0.0000	97.3892	747.2734
100.0000	-1.2180	0.0000	-600.0000	0.0000	102.6521	747.9948
100.0000	1.2180	0.0000	600.0000	0.0000	96.9379	748.6624
100.0000	1.2180	0.0000	600.0000	0.0000	94.2943	749.2960
100.0000	1.2180	0.0000	600.0000	0.0000	96.0752	749.9536
100.0000	-0.9393	0.0000	-394.7234	0.0000	102.4524	750.6773
100.0000	-1.0800	0.00	0.0000	101.3802	751.3818
100.0000	10000	-600.00.2180	0.0000	600.0000	0.0000	93.9147	752.0184
100.0000	1.2180	0.0000	600.0000	0.0000	90.7531	752.6377
100.0000	1.2180	0.0000	600.0000	0.0000	94.3738	753.2969
100.0000	-0.5902	0.0000	-357.7445	0.0000	101.4821	754.0118
100.0000	0.2757	0.0000	202.8229	0.0000	100.8241	754.7048
100.0000	1.2180	0.0000	600.0000	0.0000	94.9495	755.3441
100.0000	1.2180	0.0000	600.0000	0.0000	94.3809	755.9971
100.0000	1.0490	0.0000	449.7566	0.0000	100.0131	756.6925
100.0000	-1.2180	0.0000	-600.0000	0.0000	103.0986	757.4153
100.0000	1.2180	0.0000	600.0000	0.0000	96.1080	758.0734
100.0000	1.2180	0.0000	600.0000	0.0000	92.2548	758.6916
100.0000	1.2180	0.0000	600.0000	0.0000	93.7660	759.3309
100.0000	1.0800	0.0000	600.0000	0.0000	100.3105	760.0365
100.0000	-1.2180	0.0000	-600.0000	0.0000	102.7136	760.7418
100.0000	1.2180	0.0000.0000	96.0681	761.4017
1	600.0000	000.0000	1.2180	0.0000	600.0000	0.0000	93.6478	762.0395
100.0000	1.2180	0.0000	600.0000	0.0000	96.5272	762.7110
100.0000	-1.2180	0.0000	-600.0000	0.0000	102.8551	763.4362
100.0000	0.3861	0.0000	258.1806	0.0000	100.5929	764.1231
100.0000	1.2180	0.0000	600.0000	0.0000	93.1988	764.7470
100.0000	1.2180	0.0000	600.0000	0.0000	91.7519	765.3798
100.0000	1.2180	0.0000	600.0000	0.0000	96.9898	766.0539
100.0000	-1.2180	0.0000	-600.0000	0.0000	103.2882	766.7768
100.0000	1.2180	0.0000	600.0000	0.0000	98.2018	767.4495
100.0000	1.2180	0.0000	600.0000	0.0000	93.5853	768.0864
100.0000	1.2180	0.0000	600.0000	0.0000	94.8650	768.7411
100.0000	-0.4157	0.0000	-272.7780	0.0000	101.0141	769.4525
100.0000	-1.2180	0.0000	-600.0000	0.0000	103.0272	770.1643
100.0000	1.2180	0.0000	600.0000	0.0000	95.2696	770.8051
100.0000	1.2180	0.0000	600.0000	0.0000	91.1499	771.4309
100.0000	1.2180	0.0000	600.0000	0.0000	94.5186	772.0848
100.0000	-0.3778	0.0000	-242.5508	0.0000	101.5375	772.7954
100.0000	0.0264	0.0000	-55.0000	0.0000	100.3723	773.4957
100.0000	1.2180	0.0000	600.0000	0.0000	94.0114	774.1350
100.0000	1.2180	0.0000	600.0000	0.0000	94.3689	774.7765
100.0000	1.2180	0.0000	600.0000	0.0000	99.4136	775.4745
100.0000	-1.2180	0.0000	-600.0000	0.0000	103.7649	776.2012
100.0000	1.2180	0.0000	600.0000	0.0000	97.1225	776.8635
100.0000	1.2180	0.0000	600.0000	0.0000	91.2499	777.4832
100.0000	1.2180	0.0000	600.0000	0.0000	91.6597	778.1176
100.0000	1.2180	0.0000	600.0000	0.0000	99.8599	778.8071
100.0000	-1.0800	0.0000	-600.0000	0.0000	101.8115	779.5269
100.0000	1.2180	0.0000	600.0000	0.0000	97.3013	780.1838
100.0000	1.2180	0.0000	600.0000	0.0000	93.5417	780.8273
100.0000	1.2180	0.0000	600.0000	0.0000	96.6134	781.4950
100.0000	-1.2180	0.0000	-600.0000	0.0000	102.7133	782.2178
100.0000	-0.3298	0.0000	-94.4688	0.0000	101.2382	782.9108
100.0000	1.2180	0.0000	600.0000	0.0000	93.5652	783.5379
100.0000	1.2180	0.0000	600.0000	0.0000	91.4347	784.1702
100.0000	1.2180	0.0000	600.0000	0.0000	96.5936	784.8387
100.0000	-1.2180	0.0000	-600.0000	0.0000	103.1224	785.5593
100.0000	1.2180	0.0000	600.0000	0.0000	98.8318	786.2399
100.0000	1.2180	0.0000	600.0000	0.0000	93.4607	786.8739
100.0000	1.2180	0.0000	600.0000	0.0000	93.8783	787.5228
100.0000	0.3853	0.0000	256.7845	0.0000	101.8439	788.2280
100.0000	-1.2180	0.0000	-600.0000	0.0000	103.4893	788.9463
100.0000	1.2180	0.0000	600.0000	0.0000	95.6752	789.6021
100.0000	1.2180	0.0000	600.0000	0.0000	90.9147	790.2210
100.0000	1.2180	0.0000	600.0000	0.0000	93.5005	790.8668
100.0000	0.4970	0.0000	274.9298	0.0000	100.6992	791.5744
100.0000	-0.3918	0.0000	-260.0001	0.0000	100.8993	792.2808
100.0000	1.2180	0.0000	600.0000	0.0000	95.9070	792.9243
100.0000	1.2180	0.0000	600.0000	0.0000	94.1406	793.5635
100.0000	1.2180	0.0000	600.0000	0.0000	98.7559	794.2542
100.0000	-1.2180	0.0000	-600.0000	0.0000	103.9319	794.9821
100.0000	1.2180	0.0000	600.0000	0.0000	97.8681	795.6533
100.0000	1.2180	0.0000	600.0000	0.0000	91.3398	796.2741
100.0000	1.2180	0.0000	600.0000	0.0000	91.1931	796.9053
100.0000	1.2180	0.0000	600.0000	0.0000	99.0352	797.5903
100.0000	-1.0820	0.0000	-600.0000	0.0000	102.0077	798.3117
100.0000	1.2180	0.0000	600.0000	0.0000	97.6646	798.9732
100.0000	1.2180	0.0000	600.0000	0.0000	93.9341	799.6174
100.0000	1.2180	0.0000	600.0000	0.0000	95.9781	800.2782
100.0000	-1.2180	0.0000	-600.0000	0.0000	102.4076	800.9965
100.0000	-0.3086	0.0000	-219.0061	0.0000	100.4490	801.6972
100.0000	1.2180	0.0000	600.0000	0.0000	94.3604	802.3280
100.0000	1.2180	0.0000	600.0000	0.0000	91.7098	802.9489
100.0000	1.2180	0.0000	600.0000	0.0000	96.0354	803.6188
100.0000	-1.2180	0.0000	-552.2950	0.0000	103.1573	804.3287
100.0000	1.0374	0.0000	579.0242	0.0000	99.8962	805.0247
100.0000	1.2180	0.0000	600.0000	0.0000	94.5200	805.6632
100.0000	1.2180	0.0000	600.0000	0.0000	94.4545	806.3102
100.0000	1.1804	0.0000	513.4781	0.0000	99.8119	807.0086
100.0000	-1.2180	0.0000	-600.0000	0.0000	102.3072	807.7307
100.0000	1.2180	0.0000	600.0000	0.0000	96.6894	808.3834
100.0000	1.2180	0.0000	600.0000	0.0000	91.7617	809.0020
100.0000	1.2180	0.0000	600.0000	0.0000	93.5222	809.6527
100.0000	0.7897	0.0000	322.0328	0.0000	100.3531	810.3557
100.0000	-0.9419	0.0000	-396.0000	0.0000	102.0179	811.0648
100.0000	1.2180	0.0000	600.0000	0.0000	95.3887	811.7125
100.0000	1.2180	0.0000	600.0000	0.0000	93.2732	812.3502
100.0000	1.2180	0.0000	600.0000	0.0000	96.6594	813.0252
100.0000	-1.2180	0.0000	-600.0000	0.0000	104.3077	813.7519
100.0000	1.2180	0.0000	600.0000	0.0000	99.3613	814.4414
100.0000	1.2180	0.0000	600.0000	0.0000	92.7006	815.0650
100.0000	1.2180	0.0000	600.0000	0.0000	91.8376	815.6928
100.0000	1.2180	0.0000	600.0000	0.0000	97.5093	816.3735
100.0000	-1.2180	0.0000	-600.0000	0.0000	102.9747	817.0949
100.0000	1.2180	0.0000	600.0000	0.0000	97.4829	817.7625
100.0000	1.2180	0.0000	600.0000	0.0000	92.9237	818.3964
100.0000	1.2180	0.0000	600.0000	0.0000	94.5692	819.0537
100.0000	-0.6153	0.0000	-235.1221	0.0000	103.0052	819.7674
100.0000	-1.2180	0.0000	-576.2630	0.0000	102.2492	820.4846
100.0000	1.2180	0.0000	600.0000	0.0000	94.1534	821.1200
100.0000	1.2180	0.0000	600.0000	0.0000	90.8392	821.7393
100.0000	1.2180	0.0000	600.0000	0.0000	94.5540	822.3947
100.0000	-0.7589	0.0000	-323.7926	0.0000	101.9003	823.1111
100.0000	0.1305	0.0000	-3.7241	0.0000	99.7467	823.8071
100.0000	1.2180	0.0000	600.0000	0.0000	95.4061	824.4468
100.0000	1.2180	0.0000	600.0000	0.0000	94.5594	825.0984
100.0000	1.1853	0.0000	600.0000	0.0000	100.0322	825.7921
100.0000	-1.2180	0.0000	-600.0000	0.0000	103.4238	826.5162
100.0000	1.2180	0.0000	600.0000	0.0000	96.4691	827.1731
100.0000	1.2180	0.0000	600.0000	0.0000	90.9183	827.7917
100.0000	1.2180	0.0000	600.0000	0.0000	92.0591	828.4287
100.0000	1.0820	0.0000	600.0000	0.0000	100.2564	829.1239
100.0000	-1.2180	0.0000	-600.0000	0.0000	103.4064	829.8411
100.0000	1.2180	0.0000	600.0000	0.0000	96.6600	830.4926
100.0000	1.2180	0.0000	600.0000	0.0000	93.4944	831.1361
100.0000	1.2180	0.0000	600.0000	0.0000	96.6211	831.8057
100.0000	-1.2180	0.0000	-600.0000	0.0000	103.2335	832.5297
100.0000	0.6914	0.0000	272.5771	0.0000	99.1715	833.2185
100.0000	1.2180	0.0000	600.0000	0.0000	92.2085	833.8452
100.0000	1.2180	0.0000	600.0000	0.0000	92.0893	834.4680
100.0000	1.2180	0.0000	600.0000	0.0000	97.3105	835.1498
100.0000	-1.2180	0.0000	-600.0000	0.0000	103.4464	835.8612
100.0000	1.2180	0.0000	600.0000	0.0000	98.5427	836.5461
100.0000	1.2180	0.0000	600.0000	0.0000	93.5968	837.1812
100.0000	1.2180	0.0000	600.0000	0.0000	94.5925	837.8335
100.0000	0.0995	0.0000	-18.9976	0.0000	100.9170	838.5441
100.0000	-1.0800	0.0000	-600.0000	0.0000	101.4778	839.2578
100.0000	1.2180	0.0000	600.0000	0.0000	95.7095	839.9002
100.0000	1.2180	0.0000	600.0000	0.0000	91.5952	840.5183
100.0000	1.2180	0.0000	600.0000	0.0000	94.8576	841.1691
100.0000	-0.1055	0.0000	15.0250	0.0000	101.9916	841.8790
100.0000	-0.4990	0.0000	-198.4740	0.0000	101.3332	842.5919
100.0000	1.2180	0.0000	600.0000	0.0000	94.6876	843.2319
100.0000	1.2180	0.0000	600.0000	0.0000	93.1602	843.8705
100.0000	1.2180	0.0000	600.0000	0.0000	97.7870	844.5554
100.0000	-1.2180	0.0000	-600.0000	0.0000	104.4287	845.2825
100.0000	1.2180	0.0000	600.0000	0.0000	97.9115	845.9586
100.0000	1.2180	0.0000	600.0000	0.0000	91.8907	846.5791
100.0000	1.2180	0.0000	600.0000	0.0000	91.9847	847.2115
100.0000	1.2180	0.0000	600.0000	0.0000	98.4380	847.9022
100.0000	-1.2180	0.0000	-600.0000	0.0000	102.2625	848.6212
100.0000	1.2180	0.0000	600.0000	0.0000	96.1472	849.2800
100.0000	1.2180	0.0000	600.0000	0.0000	94.3071	849.9155
100.0000	1.2180	0.0000	600.0000	0.0000	97.1046	850.5809
100.0000	-1.2180	0.0000	-600.0000	0.0000	103.6086	851.3122
100.0000	-0.7429	0.0000	-433.9743	0.0000	100.9651	852.0075
100.0000	1.2180	0.0000	600.0000	0.0000	92.9567	852.6364
100.0000	1.2180	0.0000	600.0000	0.0000	90.5032	853.2565
100.0000	1.2180	0.0000	600.0000	0.0000	95.1892	853.9219
100.0000	-1.0800	0.0000	-600.0000	0.0000	102.1389	854.6421
100.0000	1.0800	0.0000	600.0000	0.0000	99.9942	855.3247
100.0000	1.2180	0.0000	600.0000	0.0000	94.4412	855.9609
100.0000	1.2180	0.0000	600.0000	0.0000	94.9878	856.6182
100.0000	0.4942	0.0000	246.7442	0.0000	100.7042	857.3231
100.0000	-1.2180	0.0000	-600.0000	0.0000	102.8881	858.0426
100.0000	1.2180	0.0000	600.0000	0.0000	95.0522	858.6899
100.0000	1.2180	0.0000	600.0000	0.0000	91.8709	859.3077
100.0000	1.2180	0.0000	600.0000	0.0000	94.2457	859.9523
100.0000	0.5828	0.0000	354.1067	0.0000	101.3582	860.6576
100.0000	-0.9654	0.0000	-407.5549	0.0000	102.0677	861.3656
100.0000	1.2180	0.0000	600.0000	0.0000	95.4144	862.0198
100.0000	1.2180	0.0000	600.0000	0.0000	93.5491	862.6598
100.0000	1.2180	0.0000	600.0000	0.0000	97.5913	863.3390
100.0000	-1.2180	0.0000	-600.0000	0.0000	102.8479	864.0668
100.0000	1.2180	0.0000	600.0000	0.0000	99.0529	864.7422
100.0000	1.2180	0.0000	600.0000	0.0000	92.6371	865.3731
100.0000	1.2180	0.0000	600.0000	0.0000	92.2938	866.0028
100.0000	1.2180	0.0000	600.0000	0.0000	98.1095	866.6857
100.0000	-1.2180	0.0000	-600.0000	0.0000	103.2318	867.4075
100.0000	1.2180	0.0000	600.0000	0.0000	97.0368	868.0709
100.0000	1.2180	0.0000	600.0000	0.0000	93.2221	868.7072
100.0000	1.2180	0.0000	600.0000	0.0000	95.2827	869.3668
100.0000	-1.2180	0.0000	-600.0000	0.0000	103.4415	870.0839
100.0000	-1.0692	0.0000	-458.6975	0.0000	101.9892	870.7884
100.0000	1.2180	0.0000	600.0000	0.0000	94.1755	871.4307
100.0000	1.2180	0.0000	600.0000	0.0000	91.2479	872.0520
100.0000	1.2180	0.0000	600.0000	0.0000	95.4420	872.7128
100.0000	-1.0406	0.0000	-445.6069	0.0000	102.6304	873.4307
100.0000	0.7622	0.0000	308.4822	0.0000	99.7275	874.1190
100.0000	1.2180	0.0000	600.0000	0.0000	93.7069	874.7549
100.0000	1.2180	0.0000	600.0000	0.0000	93.5558	875.4007
100.0000	0.9419	0.0000	532.0000	0.0000	101.0774	876.0968
100.0000	-1.2180	0.0000	-600.0000	0.0000	104.0361	876.8192
100.0000	1.2180	0.0000	600.0000	0.0000	96.8310	877.4835
100.0000	1.2180	0.0000	600.0000	0.0000	91.5164	878.1016
100.0000	1.2180	0.0000	600.0000	0.0000	92.9103	878.7421
100.0000	1.2180	0.0000	536.5368	0.0000	99.8423	879.4431
100.0000	-1.0800	0.0000	-600.0000	0.0000	101.6043	880.1553
100.0000	1.2180	0.0000	600.0000	0.0000	94.9896	880.8045
100.0000	1.2180	0.0000	600.0000	0.0000	94.0433	881.4404
100.0000	1.2180	0.0000	600.0000	0.0000	97.9551	882.1141
100.0000	-1.2180	0.0000	-600.0000	0.0000	104.1225	882.8489
100.0000	1.1684	0.0000	507.5461	0.0000	99.2549	883.5319
100.0000	1.2180	0.0000	600.0000	0.0000	92.3192	884.1547
100.0000	1.2180	0.0000	600.0000	0.0000	91.2096	884.7810
100.0000	1.2180	0.0000	600.0000	0.0000	96.6477	885.4590
100.0000	-1.2180	0.0000	-600.0000	0.0000	102.2492	886.1792
100.0000	1.2180	0.0000	600.0000	0.0000	97.1748	886.8499
100.0000	1.2180	0.0000	600.0000	0.0000	94.3014	887.4858
100.0000	1.2180	0.0000	600.0000	0.0000	95.7278	888.1503
100.0000	-0.8298	0.0000	-399.3267	0.0000	101.9760	888.8618
100.0000	-1.1653	0.0000	-600.0000	0.0000	101.8673	889.5716
100.0000	1.2180	0.0000	600.0000	0.0000	94.1060	890.2101
100.0000	1.2180	0.0000	600.0000	0.0000	90.4142	890.8287
100.0000	1.2180	0.0000	600.0000	0.0000	93.7823	891.4829
100.0000	-0.2813	0.0000	-205.5584	0.0000	101.0369	892.1959
100.0000	0.0164	0.0000	76.1004	0.0000	100.9800	892.8931
100.0000	1.2180	0.0000	600.0000	0.0000	94.8902	893.5419
100.0000	1.2180	0.0000	600.0000	0.0000	93.8243	894.1835
100.0000	1.2180	0.0000	600.0000	0.0000	99.0445	894.8738
100.0000	-1.2180	0.0000	-600.0000	0.0000	103.0948	895.5982
100.0000	1.2180	0.0000	600.0000	0.0000	96.3538	896.2605
100.0000	1.2180	0.0000	600.0000	0.0000	92.4052	896.8803
100.0000	1.2180	0.0000	600.0000	0.0000	93.1143	897.5145
100.0000	1.2180	0.0000	600.0000	0.0000	99.9803	898.2083
100.0000	-1.2180	0.0000	-600.0000	0.0000	103.4802	898.9266
100.0000	1.2180	0.0000	600.0000	0.0000	96.6852	899.5797
100.0000	1.2180	0.0000	600.0000	0.0000	93.5326	900.2243
100.0000	1.2180	0.0000	600.0000	0.0000	96.4031	900.8924
100.0000	-1.2180	0.0000	-600.0000	0.0000	102.9612	901.6134
100.0000	0.4506	0.0000	153.9799	0.0000	99.6925	902.3059
100.0000	1.2180	0.0000	600.0000	0.0000	92.4939	902.9334
100.0000	1.2180	0.0000	600.0000	0.0000	92.2377	903.5562
100.0000	1.2180	0.0000	600.0000	0.0000	96.9842	904.2242
100.0000	-1.2180	0.0000	-600.0000	0.0000	103.3977	904.9440
100.0000	1.2180	0.0000	600.0000	0.0000	99.2086	905.6235
100.0000	1.2180	0.0000	600.0000	0.0000	94.3236	906.2682
100.0000	1.2180	0.0000	600.0000	0.0000	94.8117	906.9194
100.0000	0.1794	0.0000	123.9298	0.0000	101.0074	907.6246
100.0000	-1.2180	0.0000	-600.0000	0.0000	102.1686	908.3425
100.0000	1.2180	0.0000	600.0000	0.0000	94.6370	908.9872
100.0000	1.2180	0.0000	600.0000	0.0000	91.7707	909.6058
100.0000	1.2180	0.0000	600.0000	0.0000	94.6841	910.2634
100.0000	0.2551	0.0000	192.6654	0.0000	101.6123	910.9725
100.0000	-0.3746	0.0000	-116.5212	0.0000	101.5403	911.6763
100.0000	1.2180	0.0000	600.0000	0.0000	94.9615	912.3194
100.0000	1.2180	0.0000	600.0000	0.0000	93.1870	912.9587
100.0000	1.2180	0.0000	600.0000	0.0000	97.7644	913.6409
100.0000	-1.2180	0.0000	-600.0000	0.0000	103.0505	914.3692
100.0000	1.2180	0.0000	600.0000	0.0000	98.7035	915.0407
100.0000	1.2180	0.0000	600.0000	0.0000	92.2381	915.6696
100.0000	1.2180	0.0000	600.0000	0.0000	92.1388	916.3001
100.0000	1.2180	0.0000	600.0000	0.0000	98.3797	916.9877
100.0000	-1.2180	0.0000	-600.0000	0.0000	102.5202	917.7079
100.0000	1.2180	0.0000	600.0000	0.0000	96.7388	918.3687
100.0000	1.2180	0.0000	600.0000	0.0000	94.3169	919.0037
100.0000	1.2180	0.0000	600.0000	0.0000	96.4192	919.6649
100.0000	-1.2180	0.0000	-600.0000	0.0000	102.8119	920.3942
100.0000	-0.4543	0.0000	-290.7870	0.0000	100.6762	921.0930
100.0000	1.2180	0.0000	600.0000	0.0000	93.1740	921.7242
100.0000	1.2180	0.0000	600.0000	0.0000	90.4114	922.3463
100.0000	1.2180	0.0000	600.0000	0.0000	96.6941	923.0097
100.0000	-1.0800	0.0000	-600.0000	0.0000	102.0045	923.7299
100.0000	1.0800	0.0000	600.0000	0.0000	99.8876	924.4148
100.0000	1.2180	0.0000	600.0000	0.0000	94.4156	925.0606
100.0000	1.2180	0.0000	600.0000	0.0000	94.4832	925.7091
100.0000	0.9419	0.0000	396.0000	0.0000	100.1313	926.4086
100.0000	-1.2180	0.0000	-600.0000	0.0000	102.5845	927.1304
100.0000	1.2180	0.0000	600.0000	0.0000	96.8068	927.7808
100.0000	1.2180	0.0000	600.0000	0.0000	91.6315	928.3974
100.0000	1.2180	0.0000	600.0000	0.0000	93.8663	929.0513
100.0000	0.7844	0.0000	453.4166	0.0000	100.8919	929.7535
100.0000	-1.1783	0.0000	-600.0000	0.0000	102.0281	930.4629
100.0000	1.2180	0.0000	600.0000	0.0000	95.2386	931.1083
100.0000	1.2180	0.0000	600.0000	0.0000	92.7165	931.7446
100.0000	1.2180	0.0000	600.0000	0.0000	96.9977	932.4222
100.0000	-1.2180	0.0000	-600.0000	0.0000	102.6655	933.1481
100.0000	1.1283	0.0000	600.0000	0.0000	99.5894	933.8277
100.0000	1.2180	0.0000	600.0000	0.0000	92.6618	934.4601
100.0000	1.2180	0.0000	600.0000	0.0000	92.0684	935.0886
100.0000	1.2180	0.0000	600.0000	0.0000	97.8036	935.7705
100.0000	-1.2180	0.0000	-600.0000	0.0000	102.8467	936.4918
100.0000	1.2180	0.0000	600.0000	0.0000	97.0339	937.1584
100.0000	1.2180	0.0000	600.0000	0.0000	93.9417	937.7900
Target: 120.000
120.0000	1.2180	0.0000	600.0000	0.0000	95.1091	938.4565
120.0000	1.2180	0.0000	600.0000	0.0000	103.1415	939.2016
120.0000	1.2180	0.0000	600.0000	0.0000	104.8885	939.9403
120.0000	1.2180	0.0000	600.0000	0.0000	100.0393	940.6217
120.0000	1.2180	0.0000	600.0000	0.0000	98.2584	941.2944
120.0000	1.2180	0.0000	600.0000	0.0000	104.1449	942.0207
120.0000	1.2180	0.0000	600.0000	0.0000	110.5498	942.7992
120.0000	1.2180	0.0000	600.0000	0.0000	107.7268	943.5443
120.0000	1.2180	0.0000	600.0000	0.0000	105.0403	944.2649
120.0000	1.2180	0.0000	600.0000	0.0000	111.4179	945.0288
120.0000	1.2180	0.0000	600.0000	0.0000	117.8447	945.8491
120.0000	1.2180	0.0000	600.0000	0.0000	114.4219	946.6461
120.0000	1.2180	0.0000	600.0000	0.0000	109.7340	947.3885
120.0000	1.2180	0.0000	600.0000	0.0000	113.6479	948.1746
120.0000	-0.5073	0.0000	-293.2663	0.0000	121.6507	949.0268
120.0000	1.2180	0.0000	600.0000	0.0000	116.7855	949.8314
120.0000	1.2180	0.0000	600.0000	0.0000	112.4292	950.6010
120.0000	1.2180	0.0000	600.0000	0.0000	119.5163	951.4198
120.0000	-1.2180	0.0000	-600.0000	0.0000	123.8419	952.2830
120.0000	1.2180	0.0000	600.0000	0.0000	114.4727	953.0711
120.0000	1.2180	0.0000	600.0000	0.0000	109.6512	953.8155
120.0000	1.2180	0.0000	600.0000	0.0000	115.2669	954.6174
120.0000	-0.5960	0.0000	-361.5819	0.0000	121.3836	955.4707
120.0000	1.2180	0.0000	600.0000	0.0000	115.2229	956.2630
120.0000	1.2180	0.0000	600.0000	0.0000	114.5574	957.0361
120.0000	0.9419	0.0000	532.0000	0.0000	121.0511	957.8840
120.0000	-1.2180	0.0000	-600.0000	0.0000	122.6994	958.7392
120.0000	1.2180	0.0000	600.0000	0.0000	112.9107	959.5008
120.0000	1.2180	0.0000	600.0000	0.0000	109.7969	960.2486
120.0000	1.2180	0.0000	600.0000	0.0000	116.8274	961.0670
120.0000	-0.1383	0.0000	-136.1080	0.0000	120.7337	961.9149
120.0000	1.2180	0.0000	600.0000	0.0000	113.7057	962.6938
120.0000	1.2180	0.0000	600.0000	0.0000	114.9525	963.4738
120.0000	-0.2752	0.0000	-67.5763	0.0000	122.0649	964.3336
120.0000	-0.3217	0.0000	-226.4494	0.0000	120.4922	965.1723
120.0000	1.2180	0.0000	600.0000	0.0000	111.4766	965.9251
120.0000	1.2180	0.0000	600.0000	0.0000	110.5341	966.6825
120.0000	1.2180	0.0000	600.0000	0.0000	118.2862	967.5162
120.0000	0.5627	0.0000	210.1952	0.0000	119.3378	968.3549
120.0000	1.2180	0.0000	600.0000	0.0000	114.6677	969.1269
120.0000	1.2180	0.0000	600.0000	0.0000	115.9313	969.9296
120.0000	-1.2180	0.0000	-600.0000	0.0000	123.1235	970.7890
120.0000	1.2180	0.0000	600.0000	0.0000	118.5269	971.6077
120.0000	1.2180	0.0000	600.0000	0.0000	110.2760	972.3544
120.0000	1.2180	0.0000	600.0000	0.0000	111.5836	973.1221
120.0000	0.9440	0.0000	397.0000	0.0000	119.9068	973.9651
120.0000	1.0820	0.0000	600.0000	0.0000	120.0259	974.7908
120.0000	1.2180	0.0000	600.0000	0.0000	114.1939	975.5604
120.0000	1.2180	0.0000	600.0000	0.0000	117.4635	976.3746
120.0000	-1.2180	0.0000	-600.0000	0.0000	123.8487	977.2424
120.0000	1.2180	0.0000	600.0000	0.0000	116.3740	978.0401
120.0000	1.2180	0.0000	600.0000	0.0000	109.3155	978.7833
120.0000	1.2180	0.0000	600.0000	0.0000	112.8760	979.5668
120.0000	0.0918	0.0000	-22.7768	0.0000	120.8182	980.4193
120.0000	1.2180	0.0000	600.0000	0.0000	118.5042	981.2266
120.0000	1.2180	0.0000	600.0000	0.0000	114.0219	981.9967
120.0000	1.2180	0.0000	600.0000	0.0000	118.8219	982.8269
120.0000	-1.2180	0.0000	-600.0000	0.0000	123.3244	983.6917
120.0000	1.2180	0.0000	600.0000	0.0000	114.3700	984.4713
120.0000	1.2180	0.0000	600.0000	0.0000	109.0790	985.2161
120.0000	1.2180	0.0000	600.0000	0.0000	116.5248	986.0156
120.0000	-1.2180	0.0000	-564.0982	0.0000	122.8979	986.8701
120.0000	1.2180	0.0000	600.0000	0.0000	116.6306	987.6620
120.0000	1.2180	0.0000	600.0000	0.0000	113.5485	988.4440
120.0000	1.2180	0.0000	600.0000	0.0000	119.5409	989.2769
120.0000	-1.1603	0.0000	-600.0000	0.0000	121.9681	990.1333
120.0000	1.2180	0.0000	600.0000	0.0000	112.3959	990.8968
120.0000	1.2180	0.0000	600.0000	0.0000	111.3338	991.6465
120.0000	1.2180	0.0000	600.0000	0.0000	118.0662	992.4626
120.0000	-0.5128	0.0000	-184.6085	0.0000	122.1782	993.3125
120.0000	1.2180	0.0000	600.0000	0.0000	115.2283	994.1028
120.0000	1.2180	0.0000	600.0000	0.0000	113.7419	994.8821
120.0000	-0.1348	0.0000	-10.8706	0.0000	121.3062	995.7307
120.0000	-0.1157	0.0000	-125.0000	0.0000	120.0903	996.5706
120.0000	1.2180	0.0000	600.0000	0.0000	112.5465	997.3218
120.0000	1.2180	0.0000	600.0000	0.0000	111.5821	998.0793
120.0000	1.2180	0.0000	600.0000	0.0000	119.4313	998.9210
120.0000	0.6213	0.0000	239.0730	0.0000	120.2677	999.7582
120.0000	1.2180	0.0000	600.0000	0.0000	113.6654	1000.5294
120.0000	1.2180	0.0000	600.0000	0.0000	114.1790	1001.3182
120.0000	-0.9440	0.0000	-533.0001	0.0000	121.6875	1002.1750
120.0000	1.0447	0.0000	582.6466	0.0000	119.8767	1002.9984
120.0000	1.2180	0.0000	600.0000	0.0000	111.1271	1003.7427
120.0000	1.2180	0.0000	600.0000	0.0000	112.1577	1004.5201
120.0000	1.0726	0.0000	596.3644	0.0000	120.6268	1005.3626
120.0000	1.2180	0.0000	600.0000	0.0000	118.5807	1006.1871
120.0000	1.2180	0.0000	600.0000	0.0000	112.5736	1006.9553
120.0000	1.2180	0.0000	600.0000	0.0000	117.3100	1007.7560
120.0000	-1.2180	0.0000	-600.0000	0.0000	124.5192	1008.6223
120.0000	1.2180	0.0000	600.0000	0.0000	117.4196	1009.4346
120.0000	1.2180	0.0000	600.0000	0.0000	109.9517	1010.1766
120.0000	1.2180	0.0000	600.0000	0.0000	112.9829	1010.9574
120.0000	0.0178	0.0000	-40.8777	0.0000	121.1525	1011.8103
120.0000	1.2180	0.0000	600.0000	0.0000	118.2263	1012.6160
120.0000	1.2180	0.0000	600.0000	0.0000	113.8122	1013.3865
120.0000	1.2180	0.0000	600.0000	0.0000	118.0767	1014.2114
120.0000	-1.2180	0.0000	-600.0000	0.0000	123.5046	1015.0777
120.0000	1.2180	0.0000	600.0000	0.0000	114.7422	1015.8596
120.0000	1.2180	0.0000	600.0000	0.0000	109.2940	1016.6047
120.0000	1.2180	0.0000	600.0000	0.0000	114.3727	1017.4028
120.0000	-1.2180	0.0000	-600.0000	0.0000	123.0263	1018.2580
120.0000	1.2180	0.0000	600.0000	0.0000	116.6258	1019.0511
120.0000	1.2180	0.0000	600.0000	0.0000	113.4048	1019.8315
120.0000	1.2180	0.0000	600.0000	0.0000	119.1331	1020.6610
120.0000	-1.0800	0.0000	-600.0000	0.0000	121.8710	1021.5173
120.0000	1.2180	0.0000	600.0000	0.0000	114.3918	1022.2847
120.0000	1.2180	0.0000	600.0000	0.0000	110.8560	1023.0322
120.0000	1.2180	0.0000	600.0000	0.0000	117.4785	1023.8563
120.0000	-0.4709	0.0000	-163.9549	0.0000	121.6781	1024.7053
120.0000	1.2180	0.0000	600.0000	0.0000	114.7370	1025.4873
120.0000	1.2180	0.0000	600.0000	0.0000	112.9507	1026.2623
120.0000	0.2164	0.0000	174.6057	0.0000	122.1375	1027.1068
120.0000	-0.5856	0.0000	-221.4945	0.0000	121.5349	1027.9615
120.0000	1.2180	0.0000	600.0000	0.0000	112.0438	1028.7170
120.0000	1.2180	0.0000	600.0000	0.0000	110.4324	1029.4710
120.0000	1.2180	0.0000	600.0000	0.0000	118.4321	1030.3001
120.0000	0.5216	0.0000	188.9347	0.0000	119.6129	1031.1400
120.0000	1.2180	0.0000	600.0000	0.0000	114.7664	1031.9130
120.0000	1.2180	0.0000	600.0000	0.0000	115.4856	1032.7000
120.0000	-1.2180	0.0000	-533.0000	0.0000	122.8605	1033.5675
120.0000	0.8271	0.0000	339.4160	0.000000	1.2180	0.0000	600.00	119.2132	10120.0034.3931
00	0.0000	110.4660	1035.1398
120.0000	1.2180	0.0000	600.0000	0.0000	110.6762	1035.9045
120.0000	1.2180	0.0000	535.0000	0.0000	119.3699	1036.7456
120.0000	1.2180	0.0000	600.0000	0.0000	119.8032	1037.5723
120.0000	1.2180	0.0000	600.0000	0.0000	114.0733	1038.3535
120.0000	1.2180	0.0000	600.0000	0.0000	116.3145	1039.1539
120.0000	-1.2180	0.0000	-600.0000	0.0000	123.4498	1040.0194
120.0000	1.2180	0.0000	600.0000	0.0000	116.3183	1040.8225
120.0000	1.2180	0.0000	600.0000	0.0000	110.9223	1041.5649
120.0000	1.2180	0.0000	600.0000	0.0000	113.9700	1042.3430
120.0000	-0.0864	0.0000	24.4509	0.0000	122.1335	1043.1928
120.0000	1.2180	0.0000	600.0000	0.0000	118.2446	1044.0158
120.0000	1.2180	0.0000	600.0000	0.0000	113.3776	1044.7855
120.0000	1.2180	0.0000	600.0000	0.0000	117.4756	1045.5985
120.0000	-1.2180	0.0000	-600.0000	0.0000	123.0349	1046.4664
120.0000	1.2180	0.0000	600.0000	0.0000	116.2198	1047.2518
120.0000	1.2180	0.0000	600.0000	0.0000	110.2191	1048.0041
120.0000	1.2180	0.0000	600.0000	0.0000	115.0154	1048.7995
120.0000	-1.0800	0.0000	-600.0000	0.0000	121.8164	1049.6528
120.0000	1.2180	0.0000	600.0000	0.0000	115.7851	1050.4462
120.0000	1.2180	0.0000	600.0000	0.0000	114.3425	1051.2167
120.0000	1.1584	0.0000	600.0000	0.0000	120.0587	1052.0428
120.0000	-1.2180	0.0000	-600.0000	0.0000	122.9838	1052.9121
120.0000	1.2180	0.0000	600.0000	0.0000	113.4960	1053.6802
120.0000	1.2180	0.0000	600.0000	0.0000	109.5506	1054.4281
120.0000	1.2180	0.0000	600.0000	0.0000	115.9697	1055.2376
120.0000	-0.6997	0.0000	-412.6577	0.0000	120.5704	1056.0886
120.0000	1.2180	0.0000	600.0000	0.0000	115.8805	1056.8729
120.0000	1.2180	0.0000	600.0000	0.0000	113.8873	1057.6579
120.0000	0.3898	0.0000	260.0001	0.0000	121.0314	1058.5015
120.0000	-0.6658	0.0000	-396.0000	0.0000	120.7247	1059.3480
120.0000	1.2180	0.0000	600.0000	0.0000	113.1082	1060.1038
120.0000	1.2180	0.0000	600.0000	0.0000	111.6465	1060.8593
120.0000	1.2180	0.0000	600.0000	0.0000	118.8199	1061.6953
120.0000	-0.2382	0.0000	-185.3419	0.0000	120.7212	1062.5378
120.0000	1.2180	0.0000	600.0000	0.0000	113.7924	1063.3121
120.0000	1.2180	0.0000	600.0000	0.0000	113.7101	1064.0964
120.0000	-1.1519	0.0000	-499.4544	0.0000	123.3338	1064.9500
120.0000	0.9490	0.0000	420.5188	0.0000	119.8723	1065.7875
120.0000	1.2180	0.0000	600.0000	0.0000	111.1244	1066.5350
120.0000	1.2180	0.0000	600.0000	0.0000	111.5267	1067.3005
120.0000	1.0601	0.0000	455.2363	0.0000	119.9088	1068.1407
120.0000	1.2180	0.0000	600.0000	0.0000	118.7766	1068.9702
120.0000	1.2180	0.0000	600.0000	0.0000	114.4315	1069.7387
120.0000	1.2180	0.0000	600.0000	0.0000	116.3134	1070.5329
120.0000	-1.2180	0.0000	-600.0000	0.0000	123.5370	1071.4073
120.0000	1.2180	0.0000	600.0000	0.0000	117.8640	1072.2165
120.0000	1.2180	0.0000	600.0000	0.0000	110.1560	1072.9613
120.0000	1.2180	0.0000	600.0000	0.0000	112.3247	1073.7390
120.0000	0.1772	0.0000	19.2932	0.0000	120.7678	1074.5892
120.0000	1.2180	0.0000	600.0000	0.0000	118.9931	1075.4034
120.0000	1.2180	0.0000	600.0000	0.0000	113.8203	1076.1707
120.0000	1.2180	0.0000	600.0000	0.0000	117.3809	1076.9887
120.0000	-1.2180	0.0000	-600.0000	0.0000	123.5874	1077.8551
120.0000	1.2180	0.0000	600.0000	0.0000	115.4448	1078.6428
120.0000	1.2180	0.0000	600.0000	0.0000	109.4862	1079.3863
120.0000	1.2180	0.0000	600.0000	0.0000	113.5857	1080.1774
120.0000	-0.2739	0.0000	-203.9232	0.0000	121.0910	1081.0323
120.0000	1.2180	0.0000	600.0000	0.0000	117.6321	1081.8315
120.0000	1.2180	0.0000	600.0000	0.0000	113.8321	1082.6104
120.0000	1.2180	0.0000	600.0000	0.0000	118.7314	1083.4333
120.0000	-1.2180	0.0000	-600.0000	0.0000	122.7602	1084.2958
120.0000	1.2180	0.0000	600.0000	0.0000	113.4842	1085.0675
120.0000	1.2180	0.0000	600.0000	0.0000	109.2986	1085.8140
120.0000	1.2180	0.0000	600.0000	0.0000	117.6600	1086.6229
120.0000	-0.8039	0.0000	-464.0000	0.0000	120.4348	1087.4738
120.0000	1.2180	0.0000	600.0000	0.0000	116.1015	1088.2619
120.0000	1.2180	0.0000	600.0000	0.0000	114.1294	1089.0477
120.0000	0.6989	0.0000	412.2630	0.0000	121.0615	1089.8891
120.0000	-1.1094	0.0000	-600.0000	0.0000	121.8806	1090.7386
120.0000	1.2180	0.0000	600.0000	0.0000	112.1164	1091.4963
120.0000	1.2180	0.0000	600.0000	0.0000	110.2102	1092.2480
120.0000	1.2180	0.0000	600.0000	0.0000	117.1444	1093.0717
120.0000	-0.2498	0.0000	-191.0438	0.0000	120.0584	1093.9169
120.0000	1.2180	0.0000	600.0000	0.0000	114.9792	1094.6928
120.0000	1.2180	0.0000	600.0000	0.0000	114.9655	1095.4890
120.0000	-1.1986	0.0000	-523.4535	0.0000	122.4229	1096.3433
120.0000	0.2900	0.0000	74.8418	0.0000	119.6237	1097.1755
120.0000	1.2180	0.0000	600.0000	0.0000	110.4560	1097.9233
120.0000	1.2180	0.0000	600.0000	0.
124	1098.68420.0000	1.0820000	112.1790	0.0000	600.0000	0.0000	120.4099	1099.5198
120.0000	1.1189	0.0000	505.9672	0.0000	119.9475	1100.3635
120.0000	1.2180	0.0000	600.0000	0.0000	113.3023	1101.1324
120.0000	1.2180	0.0000	600.0000	0.0000	115.0226	1101.9266
120.0000	-1.1208	0.0000	-600.0000	0.0000	122.1732	1102.7906
120.0000	1.2180	0.0000	600.0000	0.0000	118.6604	1103.6018
120.0000	1.2180	0.0000	600.0000	0.0000	110.8798	1104.3560
120.0000	1.2180	0.0000	600.0000	0.0000	112.9437	1105.1319
120.0000	0.3401	0.0000	235.5547	0.0000	121.3981	1105.9805
120.0000	1.2180	0.0000	600.0000	0.0000	118.0799	1106.7967
120.0000	1.2180	0.0000	600.0000	0.0000	112.4880	1107.5637
120.0000	1.2180	0.0000	600.0000	0.0000	117.9184	1108.3709
120.0000	-1.2180	0.0000	-600.0000	0.0000	123.8189	1109.2491
120.0000	1.2180	0.0000	600.0000	0.0000	115.7512	1110.0395
120.0000	1.2180	0.0000	600.0000	0.0000	109.7367	1110.7830
120.0000	1.2180	0.0000	600.0000	0.0000	114.0641	1111.5731
120.0000	-0.4239	0.0000	-276.8185	0.0000	121.1578	1112.4271
120.0000	1.2180	0.0000	600.0000	0.0000	117.7226	1113.2275
120.0000	1.2180	0.0000	600.0000	0.0000	113.6319	1114.0068
120.0000	1.2180	0.0000	600.0000	0.0000	118.4987	1114.8275
120.0000	-1.2180	0.0000	-600.0000	0.0000	122.8257	1115.6903
120.0000	1.2180	0.0000	600.0000	0.0000	113.1876	1116.4631
120.0000	1.2180	0.0000	600.0000	0.0000	110.5772	1117.2078
120.0000	1.2180	0.0000	600.0000	0.0000	116.5740	1118.0246
120.0000	-0.6163	0.0000	-235.6129	0.0000	122.0923	1118.8768
120.0000	1.2180	0.0000	600.0000	0.0000	115.6773	1119.6633
120.0000	1.2180	0.0000	600.0000	0.0000	112.9831	1120.4379
120.0000	1.0093	0.0000	429.1864	0.0000	119.5268	1121.2755
120.0000	-1.2180	0.0000	-600.0000	0.0000	122.8319	1122.1269
120.0000	1.2180	0.0000	600.0000	0.0000	113.2012	1122.8966
120.0000	1.2180	0.0000	600.0000	0.0000	110.4785	1123.6474
120.0000	1.2180	0.0000	600.0000	0.0000	117.5884	1124.4697
120.0000	0.0139	0.0000	-60.1355	0.0000	120.4904	1125.3164
120.0000	1.2180	0.0000	600.0000	0.0000	113.5474	1126.0922
120.0000	1.2180	0.0000	600.0000	0.0000	114.8773	1126.8726
120.0000	-0.5965	0.0000	-225.8430	0.0000	122.2773	1127.7359
120.0000	0.1221	0.0000	-7.8750	0.0000	120.1819	1128.5695
120.0000	1.2180	0.0000	600.0000	0.0000	111.0265	1129.3209
120.0000	1.2180	0.0000	600.0000	0.0000	112.5021	1130.0814
120.0000	1.0820	0.0000	600.0000	0.0000	120.6526	1130.9177
120.0000	0.8900	0.0000	504.6026	0.0000	120.1636	1131.7625
120.0000	1.2180	0.0000	600.0000	0.0000	113.6342	1132.5330
120.0000	1.2180	0.0000	600.0000	0.0000	115.0259	1133.3261
120.0000	-1.2180	0.0000	-600.0000	0.0000	122.6399	1134.1889
120.0000	1.2180	0.0000	600.0000	0.0000	118.9383	1135.0019
120.0000	1.2180	0.0000	600.0000	0.0000	110.8539	1135.7559
120.0000	1.2180	0.0000	600.0000	0.0000	112.7347	1136.5290
120.0000	0.4102	0.0000	270.0561	0.0000	121.3354	1137.3781
120.0000	1.2180	0.0000	600.0000	0.0000	118.2765	1138.1953
120.0000	1.2180	0.0000	600.0000	0.0000	112.6976	1138.9620
120.0000	1.2180	0.0000	600.0000	0.0000	117.7762	1139.7677
120.0000	-1.2180	0.0000	-600.0000	0.0000	124.0523	1140.6340
120.0000	1.2180	0.0000	600.0000	0.0000	116.6774	1141.4389
120.0000	1.2180	0.0000	600.0000	0.0000	109.9789	1142.1829
120.0000	1.2180	0.0000	600.0000	0.0000	113.9304	1142.9707
120.0000	-0.5879	0.0000	-357.5819	0.0000	121.5946	1143.8247
120.0000	1.2180	0.0000	600.0000	0.0000	116.2796	1144.6258
120.0000	1.2180	0.0000	600.0000	0.0000	113.8857	1145.3939
120.0000	1.2180	0.0000	600.0000	0.0000	118.6883	1146.2235
120.0000	-1.2180	0.0000	-600.0000	0.0000	123.0701	1147.0870
120.0000	1.2180	0.0000	600.0000	0.0000	113.7693	1147.8616
120.0000	1.2180	0.0000	600.0000	0.0000	109.1428	1148.6060
120.0000	1.2180	0.0000	600.0000	0.0000	116.9421	1149.4106
120.0000	-1.0627	0.0000	-456.4774	0.0000	122.4925	1150.2631
120.0000	1.2180	0.0000	600.0000	0.0000	115.9750	1151.0627
120.0000	1.2180	0.0000	600.0000	0.0000	113.5153	1151.8366
120.0000	1.1453	0.0000	496.2091	0.0000	119.6909	1152.6727
120.0000	-1.2180	0.0000	-600.0000	0.0000	123.0233	1153.5244
120.0000	1.2180	0.0000	600.0000	0.0000	113.2440	1154.2852
120.0000	1.2180	0.0000	600.0000	0.0000	110.6211	1155.0454
120.0000	1.2180	0.0000	600.0000	0.0000	117.4718	1155.8645
120.0000	-0.1764	0.0000	-153.9106	0.0000	120.8145	1156.7113
120.0000	1.2180	0.0000	600.0000	0.0000	113.8159	1157.4879
120.0000	1.2180	0.0000	600.0000	0.0000	115.0485	1158.2674
120.0000	-0.2520	0.0000	-56.1168	0.0000	121.8635	1159.1280
120.0000	-0.0050	0.0000	-69.4751	0.0000	120.2159	1159.9648
120.0000	1.2180	0.0000	600.0000	0.0000	110.7786	1160.7153
120.0000	1.2180	0.0000	600.0000	0.0000	110.4923	1161.4747
120.0000	1.0820	0.0000	600.0000	0.0000	120.3073	1162.3065
120.0000	0.6289	0.0000	377.8014	0.0000	120.6859	1163.1433
120.0000	1.2180	0.0000	600.0000	0.0000	114.1224	1163.9255
120.0000	1.2180	0.0000	600.0000	0.0000	115.1285	1164.7178
120.0000	-1.2180	0.0000	-600.0000	0.0000	122.6702	1165.5799
120.0000	1.2180	0.0000	600.0000	0.0000	119.5291	1166.3968
120.0000	1.2180	0.0000	600.0000	0.0000	111.1091	1167.1408
120.0000	1.2180	0.0000	600.0000	0.0000	112.6935	1167.9227
120.0000	0.6624	0.0000	393.3165	0.0000	121.1328	1168.7695
120.0000	1.2180	0.0000	600.0000	0.0000	118.3171	1169.5882
120.0000	1.2180	0.0000	600.0000	0.0000	112.6835	1170.3560
120.0000	1.2180	0.0000	600.0000	0.0000	115.5470	1171.1590
120.0000	-1.2180	0.0000	-600.0000	0.0000	124.3127	1172.0246
120.0000	1.2180	0.0000	600.0000	0.0000	116.7300	1172.8319
120.0000	1.2180	0.0000	600.0000	0.0000	109.7320	1173.5759
120.0000	1.2180	0.0000	600.0000	0.0000	113.3072	1174.3608
120.0000	-0.2514	0.0000	-191.8628	0.0000	121.1104	1175.2149
120.0000	1.2180	0.0000	600.0000	0.0000	118.0535	1176.0195
120.0000	1.2180	0.0000	600.0000	0.0000	113.8576	1176.7983
120.0000	1.2180	0.0000	600.0000	0.0000	118.5940	1177.6166
120.0000	-1.2180	0.0000	-600.0000	0.0000	123.3868	1178.4799
120.0000	1.2180	0.0000	600.0000	0.0000	114.0377	1179.2569
120.0000	1.2180	0.0000	600.0000	0.0000	110.6958	1180.0001
120.0000	1.2180	0.0000	600.0000	0.0000	116.0800	1180.7989
120.0000	-0.7734	0.0000	-312.9873	0.0000	122.3736	1181.6522
120.0000	1.2180	0.0000	600.0000	0.0000	115.8541	1182.4526
120.0000	1.2180	0.0000	600.0000	0.0000	112.7775	1183.2242
120.0000	1.2180	0.0000	600.0000	0.0000	118.7712	1184.0571
120.0000	-1.2180	0.0000	-600.0000	0.0000	122.8988	1184.9112
120.0000	1.2180	0.0000	600.0000	0.0000	113.2762	1185.6846
120.0000	1.2180	0.0000	600.0000	0.0000	110.2617	1186.4351
120.0000	1.2180	0.0000	600.00006663	1187.2520
120.0000	-	0.0000	116.0.3210	0.0000	-226.1374	0.0000	120.1648	1188.0999
120.0000	1.2180	0.0000	600.0000	0.0000	115.2527	1188.8792
120.0000	1.2180	0.0000	600.0000	0.0000	114.4740	1189.6696
120.0000	-0.2126	0.0000	-36.7421	0.0000	121.4078	1190.5183
120.0000	-0.6247	0.0000	-239.7203	0.0000	121.6644	1191.3558
120.0000	1.2180	0.0000	600.0000	0.0000	112.3945	1192.1186
120.0000	1.2180	0.0000	600.0000	0.0000	111.2904	1192.8748
120.0000	1.2180	0.0000	600.0000	0.0000	119.0852	1193.7073
120.0000	0.7084	0.0000	281.9693	0.0000	119.8331	1194.5446
120.0000	1.2180	0.0000	600.0000	0.0000	113.1591	1195.3161
120.0000	1.2180	0.0000	600.0000	0.0000	116.0308	1196.1054
120.0000	-1.2180	0.0000	-600.0000	0.0000	123.5333	1196.9655
120.0000	1.1207	0.0000	485.0617	0.0000	118.8717	1197.7969
120.0000	1.2180	0.0000	600.0000	0.0000	110.5294	1198.5421
120.0000	1.2180	0.0000	600.0000	359	1199.3120.0000	111.82
120.0000	0.9867	0.0000	419.0586	0.0000	119.9178	1200.1551
120.0000	1.2180	0.0000	600.0000	0.0000	118.2159	1200.9792
120.0000	1.2180	0.0000	600.0000	0.0000	114.2194	1201.7470
120.0000	1.2180	0.0000	600.0000	0.0000	117.2486	1202.5496
120.0000	-1.2180	0.0000	-600.0000	0.0000	123.7797	1203.4267
120.0000	1.2180	0.0000	600.0000	0.0000	116.3581	1204.2248
120.0000	1.2180	0.0000	600.0000	0.0000	109.2343	1204.9672
120.0000	1.2180	0.0000	600.0000	0.0000	114.4148	1205.7480
120.0000	-0.1457	0.0000	-139.7569	0.0000	120.5242	1206.6002
120.0000	1.2180	0.0000	600.0000	0.0000	117.9805	1207.4082
120.0000	1.2180	0.0000	600.0000	0.0000	113.5311	1208.1882
120.0000	1.2180	0.0000	600.0000	0.0000	117.7351	1209.0024
120.0000	-1.2180	0.0000	-600.0000	0.0000	122.9518	1209.8686
120.0000	1.2180	0.0000	600.0000	0.0000	113.9624	1210.6475
120.0000	1.2180	0.0000	600.0000	0.0000	110.5406	1211.3912
120.0000	1.2180	0.0000	600.0000	0.0000	115.9357	1212.1884
120.0000	-0.7070	0.0000	-280.2868	0.0000	122.2955	1213.0410
120.0000	1.2180	0.0000	600.0000	0.0000	116.2515	1213.8463
120.0000	1.2180	0.0000	600.0000	0.0000	113.0264	1214.6171
120.0000	1.2180	0.0000	600.0000	0.0000	118.8812	1215.4486
120.0000	-1.2180	0.0000	-600.0000	0.0000	123.3957	1216.3063
120.0000	1.2180	0.0000	600.0000	0.0000	00	1.2180	0.0000	600.000113.5733	121120.007.0826
0	0.0000	109.9984	1217.8300
120.0000	1.2180	0.0000	600.0000	0.0000	116.7237	1218.6450
120.0000	-0.3204	0.0000	-225.8561	0.0000	120.9458	1219.4952
120.0000	1.2180	0.0000	600.0000	0.0000	113.9406	1220.2752
120.0000	1.2180	0.0000	600.0000	0.0000	114.9136	1221.0537
120.0000	0.2654	0.0000	198.7430	0.0000	122.0174	1221.8985
120.0000	-0.6679	0.0000	-261.0000	0.0000	121.7563	1222.7552
120.0000	1.2180	0.0000	600.0000	0.0000	112.1521	1223.5089
120.0000	1.2180	0.0000	600.0000	0.0000	110.9334	1224.2644
120.0000	1.2180	0.0000	600.0000	0.0000	118.7408	1225.0953
120.0000	0.6336	0.0000	245.1140	0.0000	120.0982	1225.9364
120.0000	1.2180	0.0000	600.0000	0.0000	113.0651	1226.7064
120.0000	1.2180	0.0000	600.0000	0.0000	115.4614	1227.4914
120.0000	-0.9045	0.0000	-378.5592	0.0000	123.2053	1228.3588
120.0000	0.9151	0.0000	382.7832	0.0000	119.1442	1229.1826
120.0000	1.2180	0.0000	600.0000	0.0000	110.6759	1229.9300
Target: 140.000
140.0000	1.2180	0.0000	600.0000	0.0000	115.6620	1231.0338
140.0000	1.2180	0.0000	600.0000	0.0000	121.9254	1231.8806
140.0000	1.2180	0.0000	600.0000	0.0000	117.6874	1232.6959
140.0000	1.2180	0.0000	600.0000	0.0000	115.1931	1233.4813
140.0000	1.2180	0.0000	600.0000	0.0000	121.5132	1234.3272
140.0000	1.2180	0.0000	600.0000	0.0000	124.9988	1235.2077
140.0000	1.2180	0.0000	600.0000	0.0000	120.5233	1236.0219
140.0000	1.2180	0.0000	600.0000	0.0000	119.3582	1236.8292
	1.2180	0.0000	600.0000	0.0000	128.0572	1237.7174
140.0000	1.2180	0.0000	600.0000	0.2	1238.6239
140.00001.2180	0.0000	600.0000	0.000140.0000	0	123.2148	1239.4633
0000	128.954140.0000	1.2180	0.0000	600.0000	0.0000	126.6470	1240.3389
140.0000	1.2180	0.0000	600.0000	0.0000	133.5122	1241.2819
140.0000	1.2180	0.0000	600.0000	0.0000	129.7489	1242.1635
140.0000	1.2180	0.0000	600.0000	0.0000	126.0643	1243.0141
140.0000	1.2180	0.0000	600.0000	0.0000	134.7812	1243.9614
140.0000	1.2180	0.0000	600.0000	0.0000	136.3335	1244.9101
140.0000	1.2180	0.0000	600.0000	0.0000	130.3756	1245.7960
140.0000	1.2180	0.0000	600.0000	0.0000	134.5314	1246.7271
140.0000	-0.7099	0.0000	-281.7131	0.0000	142.5380	1247.7170
140.0000	1.2180	0.0000	600.0000	0.0000	133.1481	1248.6151
140.0000	1.2180	0.0000	600.0000	0.0000	131.8509	1249.5079
140.0000	0.8138	0.0000	468.8766	0.0000	141.4644	1250.5050
140.0000	1.2180	0.0000	600.0000	0.0000	137.2616	1251.4506
140.0000	1.2180	0.0000	600.0000	0.0000	132.1706	1252.3499
140.0000	1.2180	0.0000	600.0000	0.0000	139.2779	1253.3237
140.0000	0.4552	0.0000	292.2463	0.0000	140.7063	1254.2966
140.0000	1.2180	0.0000	600.0000	0.0000	130.2833	1255.1690
140.0000	1.2180	0.0000	600.0000	0.0000	133.4067	1256.0936
140.0000	0.6361	0.0000	381.3526	0.0000	141.2860	1257.0819
140.0000	1.2180	0.0000	600.0000	0.0000	134.8178	1258.0019
140.0000	1.2180	0.0000	600.0000	0.0000	133.9388	1258.9177
140.0000	-1.1389	0.0000	-600.0000	0.0000	142.2133	1259.9190
140.0000	1.2180	0.0000	600.0000	0.0000	137.0794	1260.8532
140.0000	1.2180	0.0000	600.0000	0.0000	129.7299	1261.7233
140.0000	1.2180	0.0000	600.0000	0.0000	137.0090	1262.6805
140.0000	1.0800	0.0000	600.0000	0.0000	140.2008	1263.6589
140.0000	1.2180	0.0000	600.0000	0.0000	132.9319	1264.5623
140.0000	1.2180	0.0000	600.0000	0.0000	136.0494	1265.5019
140.0000	-1.0820	0.0000	-600.0000	0.0000	141.8862	1266.5052
140.0000	1.2180	0.0000	600.0000	0.0000	133.4047	1267.4049
140.0000	1.2180	0.0000	600.0000	0.0000	130.3395	1268.2976
140.0000	1.2180	0.0000	600.0000	0.0000	139.6035	1269.2694
140.0000	1.2180	0.0000	600.0000	0.0000	137.3815	1270.2224
140.0000	1.2180	0.0000	600.0000	0.0000	132.0128	1271.1247
140.0000	1.2180	0.0000	600.0000	0.0000	138.5443	1272.0935
140.0000	-0.5609	0.0000	-208.2823	0.0000	141.7551	1273.0764
140.0000	1.2180	0.0000	600.0000	0.0000	130.8882	1273.9656
140.0000	1.2180	0.0000	600.0000	0.0000	132.6698	1274.8726
140.0000	0.6540	0.0000	390.1783	0.0000	141.3800	1275.8616
140.0000	1.2180	0.0000	600.0000	0.0000	135.2650	1276.7878
140.0000	1.2180	0.0000	600.0000	0.0000	133.4532	1277.6994
140.0000	-0.8605	0.0000	-491.8854	0.0000	141.6278	1278.6953
140.0000	1.2180	0.0000	600.0000	0.0000	138.3109	1279.6411
140.0000	1.2180	0.0000	600.0000	0.0000	129.9951	1280.5115
140.0000	1.2180	0.0000	600.0000	0.0000	135.9542	1281.4611
140.0000	0.9200	0.0000	521.2204	0.0000	140.3838	1282.4425
140.0000	1.2180	0.0000	600.0000	0.0000	133.0247	1283.3486
140.0000	1.2180	0.0000	600.0000	0.0000	135.2913	1284.2833
140.0000	-1.2180	0.0000	-600.0000	0.0000	144.2544	1285.2884
140.0000	1.2180	0.0000	600.0000	0.0000	133.8341	1286.2065
140.0000	1.2180	0.0000	600.0000	0.0000	129.5371	1287.0834
140.0000	1.2180	0.0000	600.0000	0.0000	138.5511	1288.0499
140.0000	1.2180	0.0000	600.0000	0.0000	137.6603	1289.0095
140.0000	1.2180	0.0000	600.0000	0.0000	132.1554	1289.9110
140.0000	1.0820	0.0000	600.0000	0.0000	140.6380	1290.8763
140.0000	-0.8557	0.0000	-354.5502	0.0000	142.1499	1291.8660
140.0000	1.2180	0.0000	600.0000	0.0000	131.1208	1292.7589
140.0000	1.2180	0.0000	600.0000	0.0000	131.6223	1293.6593
140.0000	0.3857	0.0000	123.0000	0.0000	140.6540	1294.6456
140.0000	1.2180	0.0000	600.0000	0.0000	134.9533	1295.5764
140.0000	1.2180	0.0000	600.0000	0.0000	131.9201	1296.4844
140.0000	-0.5731	0.0000	-215.2994	0.0000	143.2198	1297.4774
140.0000	1.2180	0.0000	600.0000	0.0000	138.4834	1298.4434
140.0000	1.2180	0.0000	600.0000	0.0000	129.2315	1299.3125
140.0000	1.2180	0.0000	600.0000	0.0000	134.3946	1300.2447
140.0000	0.6010	0.0000	228.0642	0.0000	140.1794	1301.2307
140.0000	1.2180	0.0000	600.0000	0.0000	132.7540	1302.1384
140.0000	1.2180	0.0000	600.0000	0.0000	136.5291	1303.0665
140.0000	-1.2180	0.0000	-600.0000	0.0000	143.9041	1304.0831
140.0000	1.2180	0.0000	600.0000	0.0000	134.0636	1304.9965
140.0000	1.2180	0.0000	600.0000	0.0000	128.9127	1305.8713
140.0000	1.2180	0.0000	600.0000	0.0000	137.5570	1306.8334
140.0000	1.2180	0.0000	600.0000	0.0000	137.6646	1307.7980
140.0000	1.2180	0.0000	600.0000	0.0000	133.6583	1308.6992
140.0000	1.2180	0.0000	600.0000	0.0000	138.9543	1309.6699
140.0000	-1.1688	0.0000	-600.0000	0.0000	142.0441	1310.6639
140.0000	1.2180	0.0000	600.0000	0.0000	130.5981	1311.5478
140.0000	1.2180	0.0000	600.0000	0.0000	130.3892	1312.4437
140.0000	1.2180	0.0000	570.1475	0.0000	139.5493	1313.4257
140.0000	1.2180	0.0000	600.0000	0.0000	137.4816	1314.3649
140.0000	1.2180	0.0000	600.0000	0.0000	133.9198	1315.2696
140.0000	-0.2544	0.0000	-58.3236	0.0000	142.0991	1316.2697
140.0000	1.1721	0.0000	509.4034	0.0000	138.6095	1317.2301
140.0000	1.2180	0.0000	600.0000	0.0000	129.0903	1318.1002
140.0000	1.2180	0.0000	600.0000	0.0000	133.2696	1319.0225
140.0000	0.6933	0.0000	273.5368	0.0000	139.9559	1320.0078
140.0000	1.2180	0.0000	600.0000	0.0000	133.4479	1320.9227
140.0000	1.2180	0.0000	600.0000	0.0000	136.2469	1321.8470
140.0000	-1.2180	0.0000	-600.0000	0.0000	144.4885	1322.8518
140.0000	1.2180	0.0000	600.0000	0.0000	135.5180	1323.7874
140.0000	1.2180	0.0000	600.0000	0.0000	129.4122	1324.6614
140.0000	1.2180	0.0000	600.0000	0.0000	137.4983	1325.6186
140.0000	1.2180	0.0000	600.0000	0.0000	139.1002	1326.5897
140.0000	1.2180	0.0000	600.0000	0.0000	132.5208	1327.4920
140.0000	1.2180	0.0000	600.0000	0.0000	136.8971	1328.4404
140.0000	-0.9419	0.0000	-532.0000	0.0000	141.1983	1329.4405
140.0000	1.2180	0.0000	600.0000	0.0000	132.6856	1330.3306
140.0000	1.2180	0.0000	600.0000	0.0000	131.6445	1331.2203
140.0000	1.0558	0.0000	588.0905	0.0000	140.7557	1332.1983
140.0000	1.2180	0.0000	600.0000	0.0000	137.3135	1333.1558
140.0000	1.2180	0.0000	600.0000	0.0000	133.1791	1334.0621
140.0000	0.4940	0.0000	176.3682	0.0000	140.6067	1335.0427
140.0000	0.7870	0.0000	319.7008	0.0000	138.7002	1336.0133
140.0000	1.2180	0.0000	600.0000	0.0000	130.7608	1336.8853
140.0000	1.2180	0.0000	600.0000	0.0000	134.2511	1337.8015
140.0000	0.0098	0.0000	71.8157	0.0000	141.8623	1338.7894
140.0000	1.2180	0.0000	600.0000	0.0000	134.8500	1339.7198
140.0000	1.2180	0.0000	600.0000	0.0000	134.5528	1340.6390
140.0000	-1.2180	0.0000	-600.0000	0.0000	142.9732	1341.6411
140.0000	1.2180	0.0000	600.0000	0.0000	135.1846	1342.5718
140.0000	1.2180	0.0000	600.0000	0.0000	128.0747	1343.4423
140.0000	1.2180	0.0000	600.0000	0.0000	137.6080	1344.3892
140.0000	0.9419	0.0000	532.0000	0.0000	140.8696	1345.3659
140.0000	1.2180	0.0000	600.0000	0.0000	133.8717	1346.2691
140.0000	1.2180	0.0000	600.0000	0.0000	137.6416	1347.2263
140.0000	-1.2180	0.0000	-600.0000	0.0000	142.9133	1348.2296
140.0000	1.2180	0.0000	600.0000	0.0000	131.9667	1349.1246
140.0000	1.2180	0.0000	600.0000	0.0000	129.5981	1350.0085
140.0000	1.2180	0.0000	600.0000	0.0000	138.8288	1350.9830
140.0000	1.2180	0.0000	600.0000	0.0000	136.2380	1351.9329
140.0000	1.2180	0.0000	600.0000	0.0000	133.8526	1352.8349
140.0000	0.9419	0.0000	532.0000	0.0000	141.0117	1353.8078
140.0000	-0.1625	0.0000	-148.0287	0.0000	140.6187	1354.8004
140.0000	1.2180	0.0000	600.0000	0.0000	129.6230	1355.6743
140.0000	1.2180	0.0000	600.0000	0.0000	131.9988	1356.5812
140.0000	0.8906	0.0000	370.7119	0.0000	139.9269	1357.5684
140.0000	1.2180	0.0000	600.0000	0.0000	133.8330	1358.4923
140.0000	1.2180	0.0000	600.0000	0.0000	134.9143	1359.4073
140.0000	-1.2180	0.0000	-532.0000	0.0000	143.1469	1360.4189
140.0000	1.2180	0.0000	600.0000	0.0000	136.4364	1361.3588
140.0000	1.2180	0.0000	600.0000	0.0000	128.5005	1362.2290
140.0000	1.2180	0.0000	600.0000	0.0000	134.8070	1363.1694
140.0000	0.3708	0.0000	250.6769	0.0000	141.2656	1364.1500
140.0000	1.2180	0.0000	600.0000	0.0000	133.7644	1365.0541
140.0000	1.2180	0.0000	600.0000	0.0000	136.6810	1366.0053
140.0000	-1.2180	0.0000	-600.0000	0.0000	143.0436	1367.0092
140.0000	1.2180	0.0000	600.0000	0.0000	131.9886	1367.9108
140.0000	1.2180	0.0000	600.0000	0.0000	130.8268	1368.7895
140.0000	1.2180	0.0000	600.0000	0.0000	139.9889	1369.7574
140.0000	1.2180	0.0000	600.0000	0.0000	138.6025	1370.7150
140.0000	1.2180	0.0000	600.0000	0.0000	132.7301	1371.6273
140.0000	1.2180	0.0000	600.0000	0.0000	139.1692	1372.5944
140.0000	-0.2723	0.0000	-201.1159	0.0000	140.3706	1373.5805
140.0000	1.2180	0.0000	600.0000	0.0000	131.6731	1374.4594
140.0000	1.2180	0.0000	600.0000	0.0000	132.8322	1375.3599
140.0000	0.4828	0.0000	305.8276	0.0000	141.5626	1376.3459
140.0000	1.2180	0.0000	600.0000	0.0000	136.1157	1377.2896
140.0000	1.2180	0.0000	600.0000	0.0000	133.5918	1378.1993
140.0000	-1.0097	0.0000	-429.3701	0.0000	142.2193	1379.1940
140.0000	1.2180	0.0000	600.0000	0.0000	136.4638	1380.1440
140.0000	1.2180	0.0000	600.0000	0.0000	129.9891	1381.0134
140.0000	1.2180	0.0000	600.0000	0.0000	135.5829	1381.9594
140.0000	0.7111	0.0000	312.8211	0.0000	140.4596	1382.9420
140.0000	1.2180	0.0000	600.0000	0.0000	133.2976	1383.8500
140.0000	1.2180	0.0000	600.0000	0.0000	135.0915	1384.7812
140.0000	-1.2180	0.0000	-600.0000	0.0000	144.3936	1385.7860
140.0000	1.2180	0.0000	600.0000	0.0000	134.3228	1386.6960
140.0000	1.2180	0.0000	600.0000	0.0000	129.7809	1387.5853
140.0000	1.2180	0.0000	600.0000	0.0000	138.8263	1388.5498
140.0000	1.2180	0.0000	600.0000	0.0000	138.3284	1389.5112
140.0000	1.2180	0.0000	600.0000	0.0000	132.4136	1390.4101
140.0000	1.2180	0.0000	600.0000	0.0000	137.8055	1391.3704
140.0000	-1.1111	0.0000	-479.3609	0.0000	142.6265	1392.3618
140.0000	1.2180	0.0000	600.0000	0.0000	131.2621	1393.2561
140.0000	1.2180	0.0000	600.0000	0.0000	131.2287	1394.1512
140.0000	0.6637	0.0000	258.9475	0.0000	140.3815	1395.1356
140.0000	1.2180	0.0000	600.0000	0.0000	135.6292	1396.0709
140.0000	1.2180	0.0000	600.0000	0.0000	132.3789	1396.9787
140.0000	-0.4808	0.0000	-168.8656	0.0000	142.9465	1397.9665
140.0000	1.2180	0.0000	600.0000	0.0000	138.8036	1398.9387
140.0000	1.2180	0.0000	600.0000	0.0000	129.4887	1399.8100
140.0000	1.2180	0.0000	600.0000	0.0000	134.1671	1400.7365
140.0000	0.4963	0.0000	176.4637	0.0000	140.2347	1401.7244
140.0000	1.2180	0.0000	600.0000	0.0000	132.8083	1402.6348
140.0000	1.2180	0.0000	600.0000	0.0000	136.0353	1403.5598
140.0000	-1.2180	0.0000	-600.0000	0.0000	143.8875	1404.5776
140.0000	1.2180	0.0000	600.0000	0.0000	134.3002	1405.4934
140.0000	1.2180	0.0000	600.0000	0.0000	128.6734	1406.3658
140.0000	1.2180	0.0000	600.0000	0.0000	136.9977	1407.3227
140.0000	1.2180	0.0000	600.0000	0.0000	137.9009	1408.2895
140.0000	1.2180	0.0000	600.0000	0.0000	133.5761	1409.1906
140.0000	1.2180	0.0000	600.0000	0.0000	138.1389	1410.1560
140.0000	-1.0800	0.0000	-600.0000	0.0000	141.9246	1411.1527
140.0000	1.2180	0.0000	600.0000	0.0000	130.2838	1412.0389
140.0000	1.2180	0.0000	600.0000	0.0000	131.5625	1412.9290
140.0000	0.932.0000	0.0	1413.9093
419	0.0000	5000	140.9938140.0000	1.2180	0.0000	600.0000	0.0000	136.7064	1414.8621
140.0000	1.2180	0.0000	600.0000	0.0000	132.8141	1415.7664
140.0000	0.5088	0.0000	182.6604	0.0000	140.5486	1416.7490
140.0000	0.8790	0.0000	500.0245	0.0000	140.3279	1417.7158
140.0000	1.2180	0.0000	600.0000	0.0000	130.4816	1418.5878
140.0000	1.2180	0.0000	600.0000	0.0000	133.8178	1419.5178
140.0000	0.5667	0.0000	347.1697	0.0000	141.0165	1420.5046
140.0000	1.2180	0.0000	600.0000	0.0000	134.1930	1421.4211
140.0000	1.2180	0.0000	600.0000	0.0000	134.2978	1422.3399
140.0000	-1.0800	0.0000	-600.0000	0.0000	142.0671	1423.3428
140.0000	1.2180	0.0000	600.0000	0.0000	135.9420	1424.2690
140.0000	1.2180	0.0000	600.0000	0.0000	129.2186	1425.1517
140.0000	1.2180	0.0000	600.0000	0.0000	136.4605	1426.1013
140.0000	1.2180	0.0000	600.0000	0.0000	138.6620	1427.0738
140.0000	1.2180	0.0000	600.0000	0.0000	133.9736	1427.9754
140.0000	1.2180	0.0000	600.0000	0.0000	137.7527	1428.9331
140.0000	-1.2180	0.0000	-600.0000	0.0000	142.3985	1429.9316
140.0000	1.2180	0.0000	600.0000	0.0000	131.3288	1430.8237
140.0000	1.2180	0.0000	600.0000	0.0000	131.2416	1431.7080
140.0000	1.0800	0.0000	600.0000	0.0000	140.6103	1432.6832
140.0000	1.2180	0.0000	600.0000	0.0000	137.6368	1433.6442
140.0000	1.2180	0.0000	600.0000	0.0000	132.6854	1434.5451
140.0000	1.1545	0.0000	500.7424	0.0000	139.8352	1435.5207
140.0000	0.0163	0.0000	76.0387	0.0000	141.2305	1436.4963
140.0000	1.2180	0.0000	600.0000	0.0000	130.7626	1437.3710
140.0000	1.2180	0.0000	600.0000	0.0000	133.1760	1438.2941
140.0000	0.2924	0.0000	212.0284	0.0000	141.1431	1439.2828
140.0000	1.2180	0.0000	600.0000	0.0000	134.4822	1440.2028
140.0000	1.2180	0.0000	600.0000	0.0000	133.2883	1441.1177
140.0000	-0.9419	0.0000	-532.0000	0.0000	141.5317	1442.1153
140.0000	1.2180	0.0000	600.0000	0.0000	137.0701	1443.0522
140.0000	1.2180	0.0000	600.0000	0.0000	129.3461	1443.9338
140.0000	1.2180	0.0000	600.0000	0.0000	136.2267	1444.8764
140.0000	0.7512	0.0000	302.0677	0.0000	139.8761	1445.8552
140.0000	1.2180	0.0000	600.0000	0.0000	132.4185	1446.7583
140.0000	1.2180	0.0000	600.0000	0.0000	135.1094	1447.6959
140.0000	-1.2180	0.0000	-600.0000	0.0000	144.1073	1448.6995
140.0000	1.2180	0.0000	600.0000	0.0000	133.2785	1449.6119
140.0000	1.2180	0.0000	600.0000	0.0000	129.9820	1450.4920
140.0000	1.2180	0.0000	600.0000	0.0000	138.8223	1451.4633
140.0000	1.2180	0.0000	600.0000	0.0000	137.1179	1452.4171
140.0000	1.2180	0.0000	600.0000	0.0000	133.7418	1453.3179
140.0000	1.0800	0.0000	600.0000	0.0000	140.2798	1454.2982
140.0000	-0.7532	0.0000	-439.0320	0.0000	141.1194	1455.2829
140.0000	1.2180	0.0000	600.0000	0.0000	129.8325	1456.1573
140.0000	1.2180	0.0000	600.0000	0.0000	131.1400	1457.0616
140.0000	0.9780	0.0000	413.7737	0.0000	139.7291	1458.0465
140.0000	1.2180	0.0000	600.0000	0.0000	136.3500	1458.9753
140.0000	1.2180	0.0000	600.0000	0.0000	134.2331	1459.8988
140.0000	-1.2180	0.0000	-600.0000	0.0000	142.4018	1460.8928
140.0000	1.2180	0.0000	600.0000	0.0000	136.6826	1461.8399
140.0000	1.2180	0.0000	600.0000	0.0000	130.3656	1462.7093
140.0000	1.2180	0.0000	600.0000	0.0000	136.2442	1463.6435
140.0000	0.7012	0.0000	413.3958	0.0000	141.0548	1464.6260
140.0000	1.2180	0.0000	600.0000	0.0000	133.7174	1465.5472
140.0000	1.2180	0.0000	600.0000	0.0000	135.6660	1466.4794
140.0000	-1.2180	0.0000	-600.0000	0.0000	142.9153	1467.4862
140.0000	1.2180	0.0000	600.0000	0.0000	134.5752	1468.3931
140.0000	1.2180	0.0000	600.0000	0.0000	130.4824	1469.2709
140.0000	1.2180	0.0000	600.0000	0.0000	139.3620	1470.2351
140.0000	1.2180	0.0000	600.0000	0.0000	138.7127	1471.2087
140.0000	1.2180	0.0000	600.0000	0.0000	132.9469	1472.1108
140.0000	1.2180	0.0000	600.0000	0.0000	138.6924	1473.0717
140.0000	-0.6557	0.0000	-391.0278	0.0000	140.9461	1474.0623
140.0000	1.2180	0.0000	600.0000	0.0000	129.7388	1474.9451
140.0000	1.2180	0.0000	600.0000	0.0000	132.3746	1475.8410
140.0000	0.5838	0.0000	355.5844	0.0000	141.3323	1476.8250
140.0000	1.2180	0.0000	600.0000	0.0000	136.2058	1477.7711
140.0000	1.2180	0.0000	600.0000	0.0000	133.3586	1478.6796
140.0000	-0.6487	0.0000	-252.5447	0.0000	141.8113	1479.6697
140.0000	1.2180	0.0000	600.0000	0.0000	137.4827	1480.6263
140.0000	1.2180	0.0000	600.0000	0.0000	130.4739	1481.4975
140.0000	1.2180	0.0000	600.0000	0.0000	135.4878	1482.4260
140.0000	0.3912	0.0000	260.7213	0.0000	141.4485	1483.4254
140.0000	1.2180	0.0000	600.0000	0.0000	133.7465	1484.3347
140.0000	1.2180	0.0000	600.0000	0.0000	134.7401	1485.2619
140.0000	-1.1412	0.0000	-600.0000	0.0000	142.1617	1486.2663
140.0000	1.2180	0.0000	600.0000	0.0000	135.2693	1487.1824
140.0000	1.2180	0.0000	600.0000	0.0000	129.8686	1488.0703
140.0000	1.2180	0.0000	600.0000	0.0000	138.0248	1489.0306
140.0000	1.2180	0.0000	600.0000	0.0000	138.8419	1489.9981
140.0000	1.2180	0.0000	600.0000	0.0000	132.2858	1490.8981
140.0000	1.2180	0.0000	600.0000	0.0000	137.1674	1491.8519
140.0000	-1.2180	0.0000	-600.0000	0.0000	142.7964	1492.8479
140.0000	1.2180	0.0000	600.0000	0.0000	131.6095	1493.7460
140.0000	1.2180	0.0000	600.0000	0.0000	131.4221	1494.6400
140.0000	1.0093	0.0000	564.2029	0.0000	140.5288	1495.6220
140.0000	1.2180	0.0000	600.0000	0.0000	135.8423	1496.5612
140.0000	1.2180	0.0000	600.0000	0.0000	132.5324	1497.4659
140.0000	0.5862	0.0000	220.7785	0.0000	140.2256	1498.4495
140.0000	1.0800	0.0000	600.0000	0.0000	139.9665	1499.4163
140.0000	1.2180	0.0000	600.0000	0.0000	130.0672	1500.2873
140.0000	1.2180	0.0000	600.0000	0.0000	134.2844	1501.2226
140.0000	-0.2253	0.0000	-179.0062	0.0000	140.9326	1502.2109
140.0000	1.2180	0.0000	600.0000	0.0000	133.5419	1503.1232
140.0000	1.2180	0.0000	600.0000	0.0000	133.8020	1504.0437
140.0000	-1.2180	0.0000	-600.0000	0.0000	144.4048	1505.0468
140.0000	1.2180	0.0000	600.0000	0.0000	135.9142	1505.9726
140.0000	1.2180	0.0000	600.0000	0.0000	129.6447	1506.8577
140.0000	1.2180	0.0000	600.0000	0.0000	137.0444	1507.8111
140.0000	1.2180	0.0000	600.0000	0.0000	138.9454	1508.7828
140.0000	1.2180	0.0000	600.0000	0.0000	131.8631	1509.6833
140.0000	1.2180	0.0000	600.0000	0.0000	138.8287	1510.6313
140.0000	-1.2180	0.0000	-600.0000	0.0000	143.2288	1511.6300
140.0000	1.2180	0.0000	600.0000	0.0000	131.9235	1512.5327
140.0000	1.2180	0.0000	600.0000	0.0000	130.3044	1513.4205
140.0000	0.9419	0.0000	396.0000	0.0000	139.8520	1514.3995
140.0000	1.2180	0.0000	600.0000	0.0000	136.3392	1515.3444
140.0000	1.2180	0.0000	600.0000	0.0000	131.5176	1516.2457
140.0000	0.6843	0.0000	405.1017	0.0000	142.0197	1517.2247
140.0000	0.5458	0.0000	252.9493	0.0000	140.3538	1518.2088
140.0000	1.2180	0.0000	600.0000	0.0000	129.7255	1519.0809
140.0000	1.2180	0.0000	600.0000	0.0000	132.8222	1519.9963
140.0000	0.2488	0.0000	54.5430	0.0000	140.4609	1520.9849
140.0000	1.2180	0.0000	600.0000	0.0000	133.6664	1521.9038
140.0000	1.2180	0.0000	600.0000	0.0000	132.8940	1522.8211
140.0000	-1.2180	0.0000	-600.0000	0.0000	144.1190	1523.8197
140.0000	1.2180	0.0000	600.0000	0.0000	136.6869	1524.7666
140.0000	1.2180	0.0000	600.0000	0.0000	129.2740	1525.6370
140.0000	1.2180	0.0000	600.0000	0.0000	136.4218	1526.5839
140.0000	0.8929	0.0000	371.8464	0.0000	139.8553	1527.5603
140.0000	1.2180	0.0000	600.0000	0.0000	132.9611	1528.4638
140.0000	1.2180	0.0000	600.0000	0.0000	136.2492	1529.4061
140.0000	-1.2180	0.0000	-600.0000	0.0000	144.4871	1530.4089
140.0000	1.2180	0.0000	600.0000	0.0000	133.3402	1531.3062
140.0000	1.2180	0.0000	600.0000	0.0000	130.0810	1532.1994
140.0000	1.2180	0.0000	600.0000	0.0000	139.8547	1533.1728
140.0000	1.2180	0.0000	600.0000	0.0000	137.6639	1534.1250
140.0000	1.2180	0.0000	600.0000	0.0000	132.4799	1535.0266
140.0000	1.2139	0.0000	531.0000	0.0000	139.0742	1535.9984
140.0000	-0.3927	0.0000	-126.4657	0.0000	141.6359	1536.9801
140.0000	1.2180	0.0000	600.0000	0.0000	131.0820	1537.8579
140.0000	1.2180	0.0000	600.0000	0.0000	133.2062	1538.7657
140.0000	0.3906	0.0000	260.4053	0.0000	141.8543	1539.7547
140.0000	1.2180	0.0000	600.0000	0.0000	135.8852	1540.6939
140.0000	1.2180	0.0000	600.0000	0.0000	134.5603	1541.6088
140.0000	-1.2180	0.0000	-600.0000	0.0000	142.7587	1542.6064
140.0000	1.2180	0.0000	600.0000	0.0000	136.5070	1543.5498
140.0000	1.2180	0.0000	600.0000	0.0000	128.2494	1544.4191
140.0000	1.2180	0.0000	600.0000	0.0000	134.3016	1545.3571
140.0000	0.9015	0.0000	377.0651	0.0000	138.8727	1546.3389
140.0000	1.2180	0.0000	600.0000	0.0000	134.2213	1547.2456
140.0000	1.2180	0.0000	600.0000	0.0000	136.7852	1548.1950
140.0000	-1.2180	0.0000	-600.0000	0.0000	143.6778	1549.2014
140.0000	1.2180	0.0000	600.0000	0.0000	133.0115	1550.1060
140.0000	1.2180	0.0000	600.0000	0.0000	128.8704	1550.9857
140.0000	1.2180	0.0000	600.0000	0.0000	138.0379	1551.9533
140.0000	1.2180	0.0000	600.0000	0.0000	136.9340	1552.9135
140.0000	1.2180	0.0000	600.0000	0.0000	133.8169	1553.8144
140.0000	1.0800	0.0000	600.0000	0.0000	140.2144	1554.7792
140.0000	-0.6679	0.0000	-261.0000	0.0000	141.7022	1555.7810
140.0000	1.2180	0.0000	600.0000	0.0000	130.7580	1556.6604
140.0000	1.2180	0.0000	600.0000	0.0000	131.8906	1557.5627
140.0000	0.3898	0.0000	124.0000	0.0000	140.5874	1558.5494
140.0000	1.2180	0.0000	600.0000	0.0000	135.1562	1559.4790
140.0000	1.2180	0.0000	600.0000	0.0000	132.9975	1560.3898
140.0000	-0.4568	0.0000	-293.0352	0.0000	141.0506	1561.3807
140.0000	1.2180	0.0000	600.0000	0.0000	138.7265	1562.3341
140.0000	1.2180	0.0000	600.0000	0.0000	129.8430	1563.2050
140.0000	1.2180	0.0000	600.0000	0.0000	135.5102	1564.1365
140.0000	0.5641	0.0000	344.8888	0.0000	141.2630	1565.1356
140.0000	1.2180	0.0000	600.0000	0.0000	133.7433	1566.0433
140.0000	1.2180	0.0000	600.0000	0.0000	135.2064	1566.9709
140.0000	-1.2180	0.0000	-600.0000	0.0000	142.9578	1567.9765
140.0000	1.2180	0.0000	600.0000	0.0000	133.2706	1568.8892
140.0000	1.2180	0.0000	600.0000	0.0000	128.4869	1569.7644
140.0000	1.2180	0.0000	600.0000	0.0000	136.9426	1570.7277
140.0000	1.2180	0.0000	600.0000	0.0000	139.5956	1571.6929
140.0000	1.2180	0.0000	600.0000	0.0000	133.3296	1572.6071
140.0000	1.2180	0.0000	600.0000	0.0000	138.6444	1573.5651
140.0000	-0.9419	0.0000	-532.0000	0.0000	141.2464	1574.5581
140.0000	1.2180	0.0000	600.0000	0.0000	129.9990	1575.4420
140.0000	1.2180	0.0000	600.0000	0.0000	129.7524	1576.3363
140.0000	1.2180	0.0000	600.0000	0.0000	139.1691	1577.3192
140.0000	1.2180	0.0000	600.0000	0.0000	137.3748	1578.2573
140.0000	1.2180	0.0000	600.0000	0.0000	134.0577	1579.1630
140.0000	0.0032	0.0000	69.5578	0.0000	142.2523	1580.1628
140.0000	1.2180	0.0000	600.0000	0.0000	139.1661	1581.1254
140.0000	1.2180	0.0000	600.0000	0.0000	129.4737	1581.9952
140.0000	1.2180	0.0000	600.0000	0.0000	134.1104	1582.9217
140.0000	0.0997	0.0000	-18.8668	0.0000	140.6298	1583.9091
140.0000	1.2180	0.0000	600.0000	0.0000	133.4031	1584.8227
140.0000	1.2180	0.0000	600.0000	0.0000	133.8719	1585.7469
140.0000	-1.2180	0.0000	-600.0000	0.0000	144.4065	1586.7509
140.0000	1.2180	0.0000	600.0000	0.0000	135.5061	1587.6739
140.0000	1.2180	0.0000	600.0000	0.0000	130.0057	1588.5603
140.0000	1.2180	0.0000	600.0000	0.0000	137.9166	1589.5158
140.0000	1.2180	0.0000	600.0000	0.0000	139.4794	1590.4869
140.0000	1.2180	0.0000	600.0000	0.0000	133.2249	1591.3892
140.0000	1.2180	0.0000	600.0000	0.0000	137.6315	1592.3406
140.0000	-1.2180	0.0000	-600.0000	0.0000	142.1873	1593.3400
140.0000	1.2180	0.0000	600.0000	0.0000	131.2060	1594.2305
140.0000	1.2180	0.0000	600.0000	0.0000	129.8552	1595.1207
140.0000	1.2180	0.0000	600.0000	0.0000	139.2441	1596.1016
140.0000	1.2180	0.0000	600.0000	0.0000	135.8982	1597.0466
140.0000	1.2180	0.0000	600.0000	0.0000	131.9393	1597.9500
140.0000	0.3755	0.0000	252.9888	0.0000	142.3664	1598.9326
140.0000	0.4324	0.0000	281.0000	0.0000	140.4711	1599.9044
140.0000	1.2180	0.0000	600.0000	0.0000	130.3926	1600.7772
140.0000	1.2180	0.0000	600.0000	0.0000	134.0584	1601.6938
140.0000	0.3171	0.0000	223.2249	0.0000	141.3912	1602.6816
140.0000	1.2180	0.0000	600.0000	0.0000	134.7704	1603.6131
140.0000	1.2180	0.0000	600.0000	0.0000	134.0076	1604.5316
140.0000	-1.2180	0.0000	-600.0000	0.0000	142.4925	1605.5349
140.0000	1.2180	0.0000	600.0000	0.0000	134.6761	1606.4644
140.0000	1.2180	0.0000	600.0000	0.0000	130.0046	1607.3350
140.0000	1.2180	0.0000	600.0000	0.0000	137.5743	1608.2838
140.0000	1.0800	0.0000	600.0000	0.0000	140.1918	1609.2586
140.0000	1.2180	0.0000	600.0000	0.0000	133.1448	1610.1732
140.0000	1.2180	0.0000	600.0000	0.0000	136.8731	1611.1170
140.0000	-1.2180	0.0000	-600.0000	0.0000	142.3838	1612.1191
140.0000	1.2180	0.0000	600.0000	0.0000	131.9379	1613.0150
140.0000	1.2180	0.0000	600.0000	0.0000	129.1464	1613.9000
140.0000	1.2180	0.0000	600.0000	0.0000	138.4880	1614.8764
140.0000	1.2180	0.0000	600.0000	0.0000	138.4353	1615.8271
140.0000	1.2180	0.0000	600.0000	0.0000	133.7993	1616.7310
140.0000	1.0800	0.0000	600.0000	0.0000	140.7017	1617.7181
140.0000	-0.0659	0.0000	-100.4846	0.0000	140.4637	1618.6979
140.0000	1.2180	0.0000	600.0000	0.0000	129.8125	1619.5708
140.0000	1.2180	0.0000	600.0000	0.0000	132.2698	1620.4820
140.0000	0.3877	0.0000	123.0001	0.0000	140.5180	1621.4698
140.0000	1.2180	0.0000	600.0000	0.0000	134.3287	1622.3936
140.0000	1.2180	0.0000	600.0000	0.0000	132.9786	1623.3095
140.0000	-1.2180	0.0000	-600.0000	0.0000	144.0224	1624.3070
140.0000	1.2180	0.0000	600.0000	0.0000	137.3658	1625.2480
140.0000	1.2180	0.0000	600.0000	0.0000	129.5795	1626.1301
140.0000	1.2180	0.0000	600.0000	0.0000	136.2530	1627.0727
140.0000	0.4429	0.0000	151.1858	0.0000	140.2406	1628.0518
140.0000	1.2180	0.0000	600.0000	0.0000	132.7377	1628.9556
140.0000	1.2180	0.0000	600.0000	0.0000	135.2201	1629.8922
140.0000	-1.2180	0.0000	-600.0000	0.0000	144.2816	1630.8962
140.0000	1.2180	0.0000	600.0000	0.0000	133.4747	1631.7978
140.0000	1.2180	0.0000	600.0000	0.0000	130.4274	1632.6917
140.0000	1.2180	0.0000	600.0000	0.0000	139.5870	1633.6485
140.0000	1.2180	0.0000	600.0000	0.0000	138.0779	1634.6191
140.0000	1.2180	0.0000	600.0000	0.0000	132.5694	1635.5207
140.0000	1.2180	0.0000	600.0000	0.0000	139.0196	1636.4875
140.0000	-0.6679	0.0000	-397.0000	0.0000	139.8202	1637.4715
140.0000	1.2180	0.0000	600.0000	0.0000	131.1306	1638.3486
140.0000	1.2180	0.0000	600.0000	0.0000	132.4228	1639.2498
140.0000	0.6433	0.0000	383.9055	0.0000	141.3226	1640.2351
140.0000	1.2180	0.0000	600.0000	0.0000	135.9362	1641.1788
1480	0.0000	600	133.6057	1642.0892
0.0000	0.0000.0000	1.21140.0000	-1.1521	0.0000	-499.5566	0.0000	142.4491	1643.0841
140.0000	1.2180	0.0000	600.0000	0.0000	136.9150	1644.0324
140.0000	1.2180	0.0000	600.0000	0.0000	128.1215	1644.9025
140.0000	1.2180	0.0000	600.0000	0.0000	133.8169	1645.8356
140.0000	0.5677	0.0000	211.6377	0.0000	139.1078	1646.8173
140.0000	1.2180	0.0000	600.0000	0.0000	134.5812	1647.7277
140.0000	1.2180	0.0000	600.0000	0.0000	136.2579	1648.6566
140.0000	-1.2180	0.0000	-600.0000	0.0000	143.8687	1649.6763
140.0000	1.2180	0.0000	600.0000	0.0000	133.9157	1650.5878
140.0000	1.2180	0.0000	600.0000	0.0000	129.2169	1651.4638
140.0000	1.2180	0.0000	600.0000	0.0000	137.7645	1652.4279
140.0000	1.2180	0.0000	600.0000	0.0000	137.6740	1653.3912
140.0000	1.2180	0.0000	600.0000	0.0000	131.7256	1654.2932
140.0000	1.2180	0.0000	600.0000	0.0000	139.8124	1655.2512
140.0000	-1.1802	0.0000	-513.3882	0.0000	142.5493	1656.2459
140.0000	1.2180	0.0000	600.0000	0.0000	131.4155	1657.1425
140.0000	1.2180	0.0000	600.0000	0.0000	131.5070	1658.0369
140.0000	0.4197	0.0000	138.7539	0.0000	140.7038	1659.0233
140.0000	1.2180	0.0000	600.0000	0.0000	135.9541	1659.9597
140.0000	1.2180	0.0000	600.0000	0.0000	132.8628	1660.8648
140.0000	-0.0860	0.0000	-110.3428	0.0000	140.9185	1661.8519
140.0000	1.2180	0.0000	600.0000	0.0000	137.3652	1662.8117
140.0000	1.2180	0.0000	600.0000	0.0000	130.3063	1663.6831
140.0000	1.2180	0.0000	600.0000	0.0000	135.3368	1664.6088
140.0000	0.1160	0.0000	124.1433	0.0000	141.5251	1665.5941
140.0000	1.2180	0.0000	600.0000	0.0000	134.4983	1666.5206
140.0000	1.2180	0.0000	600.0000	0.0000	135.2368	1667.4459
140.0000	-1.2180	0.0000	-600.0000	0.0000	143.0753	1668.4506
140.0000	1.2180	0.0000	600.0000	0.0000	134.1617	1669.3710
140.0000	1.2180	0.0000	600.0000	0.0000	128.4561	1670.2462
140.0000	1.2180	0.0000	600.0000	0.0000	136.4369	1671.2027
140.0000	1.0800	0.0000	600.0000	0.0000	140.2249	1672.1737
140.0000	1.2180	0.0000	600.0000	0.0000	133.6532	1673.0753
140.0000	1.2180	0.0000	600.0000	0.0000	138.4843	1674.0405
140.0000	-1.2180	0.0000	-600.0000	0.0000	142.5408	1675.0384
140.0000	1.2180	0.0000	600.0000	0.0000	131.0609	1675.9266
140.0000	1.2180	0.0000	600.0000	0.0000	129.9455	1676.8170
140.0000	1.1323	0.0000	490.7868	0.0000	139.6222	1677.7980
140.0000	1.2180	0.0000	600.0000	0.0000	135.9687	1678.7384
140.0000	1.2180	0.0000	600.0000	0.0000	132.0360	1679.6437
140.0000	0.9265	0.0000	388.3871	0.0000	139.5925	1680.6243
140.0000	0.7430	0.0000	413.9313	0.0000	140.1621	1681.5950
140.0000	1.2180	0.0000	600.0000	0.0000	130.1899	1682.4671
140.0000	1.2180	0.0000	600.0000	0.0000	133.9895	1683.3970
140.0000	0.5769	0.0000	352.1692	0.0000	141.1777	1684.3857
140.0000	1.2180	0.0000	600.0000	0.0000	134.4570	1685.3018
140.0000	1.2180	0.0000	600.0000	0.0000	134.0784	1686.2215
140.0000	-1.2180	0.0000	-600.0000	0.0000	142.8504	1687.2247
140.0000	1.2180	0.0000	600.0000	0.0000	134.6351	1688.1539
140.0000	1.2180	0.0000	600.0000	0.0000	128.1566	1689.0245
140.0000	1.2180	0.0000	600.0000	0.0000	137.9542	1689.9743
140.0000	1.0606	0.0000	590.4730	0.0000	140.5687	1690.9495
140.0000	1.2180	0.0000	600.0000	0.0000	133.9506	1691.8547
140.0000	1.2180	0.0000	600.0000	0.0000	138.0010	1692.8126
140.0000	-1.2180	0.0000	-600.0000	0.0000	143.1604	1693.8159
140.0000	1.2180	0.0000	600.0000	0.0000	132.1932	1694.7098
140.0000	1.2180	0.0000	600.0000	0.0000	130.1185	1695.5953
140.0000	1.2180	0.0000	600.0000	0.0000	139.2964	1696.5709
140.0000	1.2180	0.0000	600.0000	0.0000	136.4602	1697.5203
140.0000	1.2180	0.0000	600.0000	0.0000	131.6692	1698.4228
140.0000	0.8880	0.0000	505.4539	0.0000	141.4303	1699.3953
140.0000	0.2964	0.0000	213.9999	0.0000	140.7273	1700.3725
140.0000	1.2180	0.0000	600.0000	0.0000	130.7156	1701.2618
140.0000	1.2180	0.0000	600.0000	0.0000	133.2559	1702.1722
140.0000	0.2290	0.0000	180.8255	0.0000	141.7164	1703.1494
140.0000	1.2180	0.0000	600.0000	0.0000	135.5425	1704.0739
140.0000	1.2180	0.0000	600.0000	0.0000	134.6206	1705.0020
140.0000	-1.2180	0.0000	-600.0000	0.0000	142.9451	1706.0021
140.0000	1.2180	0.0000	600.0000	0.0000	136.3442	1706.9406
140.0000	1.2180	0.0000	600.0000	0.0000	128.2876	1707.8111
140.0000	1.2180	0.0000	600.0000	0.0000	135.0313	1708.7534
140.0000	1.2180	0.0000	599.5150	0.0000	139.0181	1709.7332
140.0000	1.2180	0.0000	600.0000	0.0000	134.3038	1710.6383
140.0000	1.2180	0.0000	600.0000	0.0000	137.3393	1711.5770
140.0000	-1.2180	0.0000	-600.0000	0.0000	143.8709	1712.5826
140.0000	1.2180	0.0000	600.0000	0.0000	133.2182	1713.4971
140.0000	1.2180	0.0000	600.0000	0.0000	130.0181	1714.3800
140.0000	1.2180	0.0000	600.0000	0.0000	139.2433	1715.3514
140.0000	1.2180	0.0000	600.0000	0.0000	137.6706	1716.3082
140.0000	1.2180	0.0000	600.0000	0.0000	132.2054	1717.2091
140.0000	1.2180	0.0000	600.0000	0.0000	138.9727	1718.1782
140.0000	-0.1168	0.0000	-125.5343	0.0000	139.8080	1719.1618
140.0000	1.2180	0.0000	600.0000	0.0000	131.5924	1720.0416
140.0000	1.2180	0.0000	600.0000	0.0000	133.2639	1720.9450
140.0000	0.6622	0.0000	259.2118	0.0000	139.5922	1721.9313
140.0000	1.2180	0.0000	600.0000	0.0000	136.3002	1722.8602
140.0000	1.2180	0.0000	600.0000	0.0000	134.2257	1723.7707
140.0000	-0.7477	0.0000	-300.3120	0.0000	142.8783	1724.7796
140.0000	1.2180	0.0000	600.0000	0.0000	137.5919	1725.7272
140.0000	1.2180	0.0000	600.0000	0.0000	129.0965	1726.5981
140.0000	1.2180	0.0000	600.0000	0.0000	135.1815	1727.5328
140.0000	0.5912	0.0000	223.2463	0.0000	140.0266	1728.5156
140.0000	1.2180	0.0000	600.0000	0.0000	132.7943	1729.4249
140.0000	1.2180	0.0000	600.0000	0.0000	134.6863	1730.3553
140.0000	-1.2180	0.0000	-600.0000	0.0000	144.5656	1731.3615
140.0000	1.2180	0.0000	600.0000	0.0000	134.6811	1732.2735
140.0000	1.2180	0.0000	600.0000	0.0000	130.0492	1733.1624
140.0000	1.2180	0.0000	600.0000	0.0000	139.1386	1734.1151
140.0000	1.2180	0.0000	600.0000	0.0000	138.4710	1735.0910
140.0000	1.2180	0.0000	600.0000	0.0000	132.5627	1735.9919
140.0000	1.2180	0.0000	600.0000	0.0000	138.4763	1736.9525
140.0000	-0.8006	0.0000	-462.4030	0.0000	141.0989	1737.9454
140.0000	1.2180	0.0000	600.0000	0.0000	129.8982	1738.8278
Target: 160.000
160.0000	1.2180	0.0000	600.0000	0.0000	132.1041	1739.7379
160.0000	1.2180	0.0000	600.0000	0.0000	140.8798	1740.7235
160.0000	1.2180	0.0000	600.0000	0.0000	136.2722	1741.6611
160.0000	1.2180	0.0000	600.0000	0.0000	134.0517	1742.5749
160.0000	1.2180	0.0000	600.0000	0.0000	142.7444	1743.5721
160.0000	1.2180	0.0000	600.0000	0.0000	140.9544	1744.5538
160.0000	1.2180	0.0000	600.0000	0.0000	133.5585	1745.4631
160.0000	1.2180	0.0000	600.0000	0.0000	140.3233	1746.4421
160.0000	1.2180	0.0000	600.0000	0.0000	144.5925	1747.4633
160.0000	1.2180	0.0000	600.0000	0.0000	140.4938	1748.4113
160.0000	1.2180	0.0000	600.0000	0.0000	144.6986	1749.4008
160.0000	1.2180	0.0000	600.0000	0.0000	150.2303	1750.4649
160.0000	1.2180	0.0000	600.0000	0.0000	141.1425	1751.4226
160.0000	1.2180	0.0000	600.0000	0.0000	142.7325	1752.3997
160.0000	1.2180	0.0000	600.0000	0.0000	151.4825	1753.4647
160.0000	1.2180	0.0000	600.0000	0.0000	145.0087	1754.4587
160.0000	1.2180	0.0000	600.0000	0.0000	145.8611	1755.4604
160.0000	1.2180	0.0000	600.0000	0.0000	153.9789	1756.5468
160.0000	1.2180	0.0000	600.0000	0.0000	148.0149	1757.5496
160.0000	1.2180	0.0000	600.0000	0.0000	147.2788	1758.5437
160.0000	1.2180	0.0000	600.0000	0.0000	157.2012	1759.6363
160.0000	1.2180	0.0000	600.0000	0.0000	150.9355	1760.6660
160.0000	1.2180	0.0000	600.0000	0.0000	150.9579	1761.6914
160.0000	1.2180	0.0000	600.0000	0.0000	159.3260	1762.8208
160.0000	1.2180	0.0000	600.0000	0.0000	150.4755	1763.8493
160.0000	1.2180	0.0000	600.0000	0.0000	149.8713	1764.8725
160.0000	0.9419	0.0000	396.0000	0.0000	159.7700	1765.9942
160.0000	1.2180	0.0000	600.0000	0.0000	152.9809	1767.0419
160.0000	1.2180	0.0000	600.0000	0.0000	153.6303	1768.1004
160.0000	-0.9365	0.0000	-529.3270	0.0000	160.6013	1769.2382
160.0000	1.2180	0.0000	600.0000	0.0000	151.3099	1770.2568
160.0000	1.2180	0.0000	600.0000	0.0000	152.7565	1771.3099
160.0000	1.0484	0.0000	583.4639	0.0000	160.7923	1772.4323
160.0000	1.2180	0.0000	600.0000	0.0000	152.6054	1773.4697
160.0000	1.2180	0.0000	600.0000	0.0000	156.1107	1774.5443
160.0000	-0.2497	0.0000	-191.0000	0.0000	160.1624	1775.6726
160.0000	1.2180	0.0000	600.0000	0.0000	148.1562	1776.6791
160.0000	1.2180	0.0000	600.0000	0.0000	151.7050	1777.7292
160.0000	1.2180	0.0000	600.0000	0.0000	157.8576	1778.8463
160.0000	1.2180	0.0000	600.0000	0.0000	152.4660	1779.8756
160.0000	1.2180	0.0000	600.0000	0.0000	158.5584	1780.9786
160.0000	0.7705	0.0000	311.5805	0.0000	159.7927	1782.0946
160.0000	1.2180	0.0000	600.0000	0.0000	148.6365	1783.0970
160.0000	1.2180	0.0000	600.0000	0.0000	154.9543	1784.1669
160.0000	1.2180	0.0000	600.0000	0.0000	158.1089	1785.2752
160.0000	1.2180	0.0000	600.0000	0.0000	151.0785	1786.3061
160.0000	1.2180	0.0000	600.0000	0.0000	158.1197	1787.4101
160.0000	1.2180	0.0000	600.0000	0.0000	159.2404	1788.5119
160.0000	1.2180	0.0000	600.0000	0.0000	149.5095	1789.5133
160.0000	1.2180	0.0000	600.0000	0.0000	157.7633	1790.6004
160.0000	1.2180	0.0000	600.0000	0.0000	158.0537	1791.7130
160.0000	1.2180	0.0000	600.0000	0.0000	151.9508	1792.7438
160.0000	0.2935	0.0000	211.6053	0.0000	161.0186	1793.8647
160.0000	1.2180	0.0000	600.0000	0.0000	155.4995	1794.9443
160.0000	1.2180	0.0000	600.0000	0.0000	147.5130	1795.9464
160.0000	1.2180	0.0000	600.0000	0.0000	157.0145	1797.0473
160.0000	1.2180	0.0000	600.0000	0.0000	157.1764	1798.1285
160.0000	1.2180	0.0000	600.0000	0.0000	153.2089	1799.1635
160.0000	-0.4205	0.0000	-139.1282	0.0000	1632.6321	1800.078
160.0000	1.2180	0.0000	600.0000	0.0000	154.1815	1801.3666
160.0000	1.2180	0.0000	600.0000	0.0000	148.9173	1802.3748
160.0000	1.2180	0.0000	600.0000	0.0000	158.9884	1803.4870
160.0000	1.2180	0.0000	600.0000	0.0000	154.4122	1804.5535
160.0000	1.2180	0.0000	600.0000	0.0000	152.4904	1805.5963
160.0000	-0.8254	0.0000	-474.5883	0.0000	161.0441	1806.7333
160.0000	1.2180	0.0000	600.0000	0.0000	153.3802	1807.7725
160.0000	1.2180	0.0000	600.0000	0.0000	150.9765	1808.7923
160.0000	1.0800	0.0000	600.0000	0.0000	160.6062	1809.9278
160.0000	1.2180	0.0000	600.0000	0.0000	153.5447	1810.9805
160.0000	1.2180	0.0000	600.0000	0.0000	153.9617	1812.0347
160.0000	-1.0731	0.0000	-596.5987	0.0000	161.5171	1813.1738
160.0000	1.2180	0.0000	600.0000	0.0000	149.5038	1814.1968
160.0000	1.2180	0.0000	600.0000	0.0000	152.6294	1815.2285
160.0000	0.9419	0.0000	532.0000	0.0000	161.1373	1816.3507
160.0000	1.2180	0.0000	600.0000	0.0000	153.3068	1817.4063
160.0000	1.2180	0.0000	600.0000	0.0000	156.0736	1818.4752
160.0000	-0.8854	0.0000	-503.1822	0.0000	161.2586	1819.6083
160.0000	1.2180	0.0000	600.0000	0.0000	149.0455	1820.6193
160.0000	1.2180	0.0000	600.0000	0.0000	151.8419	1821.6655
160.0000	1.2180	0.0000	600.0000	0.0000	158.4499	1822.7861
160.0000	1.2180	0.0000	600.0000	0.0000	153.2799	1823.8208
160.0000	1.2180	0.0000	600.0000	0.0000	158.5563	1824.9056
160.0000	0.2745	0.0000	133.5088	0.0000	160.7427	1826.0419
160.0000	1.2180	0.0000	600.0000	0.0000	149.0950	1827.0437
160.0000	1.2180	0.0000	600.0000	0.0000	154.6363	1828.1093
160.0000	1.2180	0.0000	600.0000	0.0000	158.5895	1829.2188
160.0000	1.2180	0.0000	600.0000	0.0000	151.3319	1830.2496
160.0000	1.2180	0.0000	600.0000	0.0000	158.3418	1831.3494
160.0000	1.2180	0.0000	600.0000	0.0000	157.7239	1832.4547
160.0000	1.2180	0.0000	600.0000	0.0000	149.7937	1833.4553
160.0000	1.2180	0.0000	600.0000	0.0000	157.4963	1834.5363
160.0000	1.2180	0.0000	600.0000	0.0000	158.4372	1835.6378
160.0000	1.2180	0.0000	600.0000	0.0000	152.0328	1836.6796
160.0000	1.0435	0.0000	582.0281	0.0000	160.9757	1837.7956
160.0000	1.2180	0.0000	600.0000	0.0000	156.3773	1838.8829
160.0000	1.2180	0.0000	600.0000	0.0000	147.6692	1839.8830
160.0000	1.2180	0.0000	600.0000	0.0000	157.3101	1840.9805
160.0000	1.2180	0.0000	600.0000	0.0000	155.4855	1842.0666
160.0000	1.2180	0.0000	600.0000	0.0000	150.6611	1843.1002
160.0000	-0.4324	0.0000	-146.0000	0.0000	163.1283	1844.2276
160.0000	1.2180	0.0000	600.0000	0.0000	155.6200	1845.2941
160.0000	1.2180	0.0000	600.0000	0.0000	149.5653	1846.2993
160.0000	1.0800	0.0000	600.0000	0.0000	160.2226	1847.4102
160.0000	1.2180	0.0000	600.0000	0.0000	155.6450	1848.4948
160.0000	1.2180	0.0000	600.0000	0.0000	153.3302	1849.5372
160.0000	-1.2180	0.0000	-600.0000	0.0000	162.3516	1850.6723
160.0000	1.2180	0.0000	600.0000	0.0000	152.5834	1851.7185
160.0000	1.2180	0.0000	600.0000	0.0000	148.7951	1852.7320
160.0000	1.2180	0.0000	600.0000	0.0000	158.8003	1853.8510
160.0000	1.2180	0.0000	600.0000	0.0000	152.5638	1854.9088
160.0000	1.2180	0.0000	600.0000	0.0000	155.1658	1855.9595
160.0000	-1.2180	0.0000	-555.9785	0.0000	163.1743	1857.0977
160.0000	1.2180	0.0000	600.0000	0.0000	151.9769	1858.1416
160.0000	1.2180	0.0000	600.0000	0.0000	151.2843	1859.1713
160.0000	0.8559	0.0000	488.6379	0.0000	160.4789	1860.2957
160.0000	1.2180	0.0000	600.0000	0.0000	153.1755	1861.3422
160.0000	1.2180	0.0000	600.0000	0.0000	154.9250	1862.4061
160.0000	-0.7123	0.0000	-417.9090	0.0000	161.0988	1863.5408
160.0000	1.2180	0.0000	600.0000	0.0000	148.7466	1864.5551
160.0000	1.2180	0.0000	600.0000	0.0000	153.7676	1865.5975
160.0000	0.6972	0.0000	410.4513	0.0000	161.0778	1866.7185
160.0000	1.2180	0.0000	600.0000	0.0000	153.2352	1867.7547
160.0000	1.2180	0.0000	600.0000	0.0000	157.6845	1868.8323
160.0000	-0.0854	0.0000	-58.0001	0.0000	161.0998	1869.9729
160.0000	1.2180	0.0000	600.0000	0.0000	149.2600	1870.9776
160.0000	1.2180	0.0000	600.0000	0.0000	153.9098	1872.0352
160.0000	1.2180	0.0000	600.0000	0.0000	159.2196	1873.1505
160.0000	1.2180	0.0000	600.0000	0.0000	151.2894	1874.1813
160.0000	1.2180	0.0000	600.0000	0.0000	157.7187	1875.2755
160.0000	1.2180	0.0000	600.0000	0.0000	158.1558	1876.3872
160.0000	1.2180	0.0000	600.0000	0.0000	150.0706	1877.3889
160.0000	1.2180	0.0000	600.0000	0.0000	157.1066	1878.4653
160.0000	1.2180	0.0000	600.0000	0.0000	159.1641	1879.5717
160.0000	1.2180	0.0000	600.0000	0.0000	152.3853	1880.6152
160.0000	0.7740	0.0000	358.9473	0.0000	160.4317	1881.7270
160.0000	1.2180	0.0000	600.0000	0.0000	157.1109	1882.8195
160.0000	1.2180	0.0000	600.0000	0.0000	147.6562	1883.8182
160.0000	1.2180	0.0000	600.0000	0.0000	156.6461	1884.9123
160.0000	1.2180	0.0000	600.0000	0.0000	155.7127	1886.0018
160.0000	1.2180	0.0000	600.0000	0.0000	153.0197	1887.0322
160.0000	0.2255	0.0000	178.0728	0.0000	162.2472	1888.1558
160.0000	1.2180	0.0000	600.0000	0.0000	155.8961	1889.2446
160.0000	1.2180	0.0000	600.0000	0.0000	149.0520	1890.2506
160.0000	1.2180	0.0000	600.0000	0.0000	158.5638	1891.3576
160.0000	1.2180	0.0000	600.0000	0.0000	154.9719	1892.4326
160.0000	1.2180	0.0000	600.0000	0.0000	151.4366	1893.4708
160.0000	-1.1582	0.0000	-502.5374	0.0000	163.6480	1894.6040
160.0000	1.2180	0.0000	600.0000	0.0000	154.4963	1895.6571
160.0000	1.2180	0.0000	600.0000	0.0000	150.2606	1896.6687
160.0000	1.0800	0.0000	600.0000	0.0000	160.3728	1897.8007
160.0000	1.2180	0.0000	600.0000	0.0000	154.2661	1898.8615
160.0000	1.2180	0.0000	600.0000	0.0000	153.4393	1899.9093
160.0000	-1.0800	0.0000	-600.0000	0.0000	161.8968	1901.0482
160.0000	1.2180	0.0000	600.0000	0.0000	150.7477	1902.0805
160.0000	1.2180	0.0000	600.0000	0.0000	151.7456	1903.1049
160.0000	0.9419	0.0000	532.0000	0.0000	161.1301	1904.2274
160.0000	1.2180	0.0000	600.0000	0.0000	154.0404	1905.2900
160.0000	1.2180	0.000.0000	155.100	600.0000	865	1906.3504
160.0000	-1.0087	0.0000	-563.8848	0.0000	161.3132	1907.4875
160.0000	1.2180	0.0000	600.0000	0.0000	149.6891	1908.5048
160.0000	1.2180	0.0000	600.0000	0.0000	150.5685	1909.5427
160.0000	1.2180	0.0000	600.0000	0.0000	158.5811	1910.6632
160.0000	1.2180	0.0000	600.0000	0.0000	153.5260	1911.7001
160.0000	1.2180	0.0000	600.0000	0.0000	157.1809	1912.7731
160.0000	-0.5046	0.0000	-316.5707	0.0000	161.5053	1913.9168
160.0000	1.2180	0.0000	600.0000	0.0000	149.0032	1914.9223
160.0000	1.2180	0.0000	600.0000	0.0000	152.9543	1915.9765
160.0000	1.2180	0.0000	600.0000	0.0000	158.6352	1917.0928
160.0000	1.2180	0.0000	600.0000	0.0000	150.4690	1918.1234
160.0000	1.2180	0.0000	600.0000	0.0000	158.8874	1919.2109
160.0000	0.8065	0.0000	414.7231	0.0000	160.2296	1920.3288
160.0000	1.2180	0.0000	600.0000	0.0000	149.1864	1921.3450
160.0000	1.2180	0.0000	600.0000	0.0000	155.8447	1922.4173
160.0000	1.2180	0.0000	600.0000	0.0000	158.4170	1923.5233
160.0000	1.2180	0.0000	600.0000	0.0000	151.6690	1924.5538
160.0000	1.2180	0.0000	600.0000	0.0000	158.9401	1925.6610
160.0000	1.2180	0.0000	600.0000	0.0000	156.5045	1926.7585
160.0000	1.2180	0.0000	000	149.4366	1927.7572600.0000	0.0
160.0000	1.2180	0.0000	600.0000	0.0000	158.2504	1928.8450
160.0000	1.2180	0.0000	600.0000	0.0000	158.2314	1929.9400
160.0000	1.2180	0.0000	600.0000	0.0000	152.8147	1930.9715
160.0000	0.7003	0.0000	412.9816	0.0000	161.6549	1932.1052
160.0000	1.2180	0.0000	600.0000	0.0000	156.0022	1933.1832
160.0000	1.2180	0.0000	600.0000	0.0000	148.2622	1934.1856
160.0000	1.2180	0.0000	600.0000	0.0000	158.3190	1935.2878
160.0000	1.2180	0.0000	600.0000	0.0000	155.3029	1936.3677
160.0000	1.2180	0.0000	600.0000	0.0000	151.3936	1937.4044
160.0000	-0.5014	0.0000	-315.0017	0.0000	160.6925	1938.5368
160.0000	1.2180	0.0000	600.0000	0.0000	154.9545	1939.5941
160.0000	1.2180	0.0000	600.0000	0.0000	150.0771	1940.6042
160.0000	1.2180	0.0000	600.0000	0.0000	159.8816	1941.7316
160.0000	1.2180	0.0000	600.0000	0.0000	154.5655	1942.7951
160.0000	1.2180	0.0000	600.0000	0.0000	153.1245	1943.8402
160.0000	-0.9932	0.0000	-556.2640	0.0000	161.9518	1944.9764
160.0000	1.2180	0.0000	600.0000	0.0000	151.2139	1946.0161
160.0000	1.2180	0.0000	600.0000	0.0000	151.5990	1947.0366
160.0000	0.7043	0.0000	414.9306	0.0000	161.4101	1948.1583
160.0000	1.2180	0.0000	600.0000	0.0000	154.2745	1949.2106
160.0000	1.2180	0.0000	600.0000	0.0000	154.8530	1950.2813
160.0000	-1.0800	0.0000	-600.0000	0.0000	162.0775	1951.4188
160.0000	1.2180	0.0000	600.0000	0.0000	150.5303	1952.4423
160.0000	1.2180	0.0000	600.0000	0.0000	150.5085	1953.4750
160.0000	1.2180	0.0000	600.0000	0.0000	159.1987	1954.5971
160.0000	1.2180	0.0000	600.0000	0.0000	151.1906	1955.6372
160.0000	1.2180	0.0000	600.0000	0.0000	156.9109	1956.7060
160.0000	-0.5456	0.0000	-200.7664	0.0000	162.1508	1957.8542
160.0000	1.2180	0.0000	600.0000	0.0000	150.0065	1958.8647
160.0000	1.2180	0.0000	600.0000	0.0000	153.2027	1959.9144
160.0000	0.9554	0.0000	403.6646	0.0000	159.5946	1961.0334
160.0000	1.2180	0.0000	600.0000	0.0000	151.7661	1962.0681
160.0000	1.2180	0.0000	600.0000	0.0000	156.4550	1963.1511
160.0000	0.1246	0.0000	-6.6316	0.0000	158.7601	1964.2724
160.0000	1.2180	0.0000	600.0000	0.0000	150.1959	1965.2760
160.0000	1.2180	0.0000	600.0000	0.0000	156.0366	1966.3425
160.0000	1.2180	0.0000	600.0000	0.0000	159.7083	1967.4534
160.0000	1.2180	0.0000	600.0000	0.0000	152.3319	1968.4985
160.0000	1.2180	0.0000	600.0000	0.0000	159.3696	1969.6014
160.0000	1.2180	0.0000	600.0000	0.0000	157.9141	1970.7036
160.0000	1.2180	0.0000	600.0000	0.0000	147.7406	1971.7037
160.0000	1.2180	0.0000	600.0000	0.0000	155.3390	1972.7871
160.0000	1.2180	0.0000	600.0000	0.0000	156.0325	1973.8847
160.0000	1.2180	0.0000	600.0000	0.0000	152.9532	1974.9144
160.0000	0.6679	0.0000	397.0000	0.0000	161.9120	1976.0323
160.0000	1.2180	0.0000	600.0000	0.0000	156.9372	1977.1298
160.0000	1.2180	0.0000	600.0000	0.0000	148.4048	1978.1319
160.0000	1.2180	0.0000	600.0000	0.0000	158.2727	1979.2333
160.0000	1.2180	0.0000	600.0000	0.0000	155.8329	1980.3155
160.0000	1.2180	0.0000	600.0000	0.0000	151.0151	1981.3494
160.0000	-0.4094	0.0000	-133.6513	0.0000	163.3199	1982.4785
160.0000	1.2180	0.0000	600.0000	0.0000	155.2030	1983.5411
160.0000	1.2180	0.0000	600.0000	0.0000	149.7070	1984.5639
160.0000	1.2180	0.0000	600.0000	0.0000	159.5595	1985.6760
160.0000	1.2180	0.0000	600.0000	0.0000	154.9974	1986.7445
160.0000	1.2180	0.0000	600.0000	0.0000	152.5914	1987.7863
160.0000	-0.9658	0.0000	-543.7819	0.0000	161.5842	1988.9230
160.0000	1.2180	0.0000	600.0000	0.0000	153.9112	1989.9661
160.0000	1.2180	0.0000	600.0000	0.0000	150.9642	1990.9840
160.0000	1.0800	0.0000	600.0000	0.0000	160.6416	1992.1180
160.0000	1.2180	0.0000	600.0000	0.0000	153.6728	1993.1706
160.0000	1.2180	0.0000	600.0000	0.0000	153.9800	1994.2257
160.0000	-0.9165	0.0000	-519.4791	0.0000	161.3295	1995.3631
160.0000	1.2180	0.0000	600.0000	0.0000	152.4436	1996.3897
160.0000	1.2180	0.0000	600.0000	0.0000	152.1210	1997.4187
160.0000	0.9456	0.0000	533.8152	0.0000	160.8941	1998.5415
160.0000	1.2180	0.0000	600.0000	0.0000	153.0483	1999.5992
160.0000	1.2180	0.0000	600.0000	0.0000	155.1569	2000.6638
160.0000	-0.3877	0.0000	-259.0001	0.0000	160.8352	2001.7969
160.0000	1.2180	0.0000	600.0000	0.0000	151.2018	2002.8087
160.0000	1.2180	0.0000	600.0000	0.0000	153.7060	2003.8525
160.0000	1.0800	0.0000	600.0000	0.0000	160.6699	2004.9727
160.0000	1.2180	0.0000	600.0000	0.0000	151.9532	2006.0189
160.0000	1.2180	0.0000	600.0000	0.0000	156.6134	2007.1008
160.0000	0.2011	0.0000	31.0739	0.0000	159.4470	2008.2244
160.0000	1.2180	0.0000	600.0000	0.0000	150.6276	2009.2287
160.0000	1.2180	0.0000	600.0000	0.0000	155.4146	2010.2891
160.0000	1.2180	0.0000	600.0000	0.0000	159.5859	2011.4158
160.0000	1.2180	0.0000	600.0000	0.0000	151.6696	2012.4444
160.0000	1.2180	0.0000	600.0000	0.0000	158.5546	2013.5419
160.0000	1.2180	0.0000	600.0000	0.0000	157.6903	2014.6483
160.0000	1.2180	0.0000	600.0000	0.0000	149.9050	2015.6496
160.0000	1.2180	0.0000	600.0000	0.0000	157.3437	2016.7287
160.0000	1.2180	0.0000	600.0000	0.0000	158.5227	2017.8447
160.0000	1.2180	0.0000	600.0000	0.0000	151.9864	2018.8752
160.0000	0.6638	0.0000	259.0001	0.0000	160.3155	2019.9885
160.0000	1.2180	0.0000	600.0000	0.0000	156.2116	2021.0749
160.0000	1.2180	0.0000	600.0000	0.0000	147.7328	2022.0759
160.0000	1.2180	0.0000	600.0000	0.0000	155.9281	2023.1688
160.0000	1.2180	0.0000	600.0000	0.0000	157.2505	2024.2557
160.0000	1.2180	0.0000	600.0000	0.0000	152.2617	2025.3006
160.0000	-0.3159	0.0000	-87.6331	0.0000	161.5153	2026.4270
160.0000	1.2180	0.0000	600.0000	0.0000	154.7541	2027.4951
160.0000	1.2180	0.0000	600.0000	0.0000	147.9367	2028.4993
160.0000	1.2180	0.0000	600.0000	0.0000	158.1233	2029.6072
160.0000	1.2180	0.0000	600.0000	0.0000	154.0933	2030.6799
160.0000	1.2180	0.0000	600.0000	0.0000	153.6870	2031.7188
160.0000	-0.9643	0.0000	-407.0005	0.0000	163.1184	2032.8536
160.0000	1.2180	0.0000	600.0000	0.0000	153.1601	2033.9155
160.0000	1.2180	0.0000	600.0000	0.0000	149.2051	2034.9279
160.0000	1.2180	0.0000	553.7363	0.0000	159.3812	2036.0454
160.0000	1.2180	0.0000	600.0000	0.0000	153.5898	2037.1042
160.0000	1.2180	0.0000	600.0000	0.0000	152.3484	2038.1512
160.0000	-1.2180	0.0000	-600.0000	0.0000	163.6944	2039.2886
160.0000	1.2180	0.0000	600.0000	0.0000	152.4206	2040.3203
160.0000	1.2180	0.0000	600.0000	0.0000	150.8749	2041.3587
160.0000	1.0254	0.0000	532.0001	0.0000	160.1870	2042.4820
160.0000	1.2180	0.0000	600.0000	0.0000	152.7571	2043.5270
160.0000	1.2180	0.0000	600.0000	0.0000	154.3639	2044.5882
160.0000	-0.6279	0.0000	-377.2904	0.0000	161.0411	2045.7244
160.0000	1.2180	0.0000	600.0000	0.0000	149.0609	2046.7407
160.0000	1.2180	0.0000	600.0000	0.0000	153.3411	2047.7792
160.0000	0.8896	0.0000	506.2247	0.0000	161.0963	2048.9006
160.0000	1.2180	0.0000	600.0000	0.0000	152.8390	2049.9514
160.0000	1.2180	0.0000	600.0000	0.0000	156.5578	2051.0270
160.0000	-0.0638	0.0000	-99.4078	0.0000	160.4407	2052.1542
160.0000	1.2180	0.0000	600.0000	0.0000	148.4464	2053.1611
160.0000	1.2180	0.0000	600.0000	0.0000	152.4913	2054.2163
160.0000	1.2180	0.0000	600.0000	0.0000	158.2474	2055.3325
160.0000	1.2180	0.0000	600.0000	0.0000	152.9486	2056.3635
160.0000	1.2180	0.0000	600.0000	0.0000	159.1838	2057.4548
160.0000	1.0201	0.0000	485.9356	0.0000	160.0157	2058.5834
160.0000	1.2180	0.0000	600.0000	0.0000	148.6479	2059.5839
160.0000	1.2180	0.0000	600.0000	0.0000	155.2868	2060.6594
160.0000	1.2180	0.0000	600.0000	0.0000	157.9584	2061.7646
160.0000	1.2180	0.0000	600.0000	0.0000	151.1108	2062.7939
160.0000	1.2180	0.0000	600.0000	0.0000	158.2493	2063.9006
160.0000	1.2180	0.0000	600.0000	0.0000	159.0065	2064.9990
160.0000	1.2180	0.0000	600.0000	0.0000	149.5610	2066.0000
160.0000	1.2180	0.0000	600.0000	0.0000	158.3013	2067.0891
160.0000	1.2180	0.0000	600.0000	0.0000	157.8758	2068.1838
160.0000	1.2180	0.0000	600.0000	0.0000	152.2806	2069.2292
160.0000	0.1562	0.0000	126.0000	0.0000	161.0301	2070.3522
160.0000	1.2180	0.0000	600.0000	0.0000	155.5268	2071.4282
160.0000	1.2180	0.0000	600.0000	0.0000	148.1682	2072.4313
160.0000	1.2180	0.0000	600.0000	0.0000	158.1876	2073.5363
160.0000	1.2180	0.0000	600.0000	0.0000	154.7017	2074.6154
160.0000	1.2180	0.0000	600.0000	0.0000	153.7245	2075.6520
160.0000	-0.7768	0.0000	-314.6697	0.0000	163.3423	2076.7854
160.0000	1.2180	0.0000	600.0000	0.0000	154.8061	2077.8425
160.0000	1.2180	0.0000	600.0000	0.0000	150.1438	2078.8542
160.0000	1.0820	0.0000	600.0000	0.0000	160.6949	2079.9714
160.0000	1.2180	0.0000	600.0000	0.0000	155.2733	2081.0505
160.0000	1.2180	0.0000	600.0000	0.0000	153.8874	2082.0981
160.0000000	-600.0000	0.0000	10	-1.2180	0.62.3966	2083.2368
160.0000	1.2180	0.0000	600.0000	0.0000	151.1727	2084.2712
160.0000	1.2180	0.0000	600.0000	0.0000	149.3327	2085.2927
160.0000	1.2180	0.0000	600.0000	0.0000	159.2752	2086.4128
160.0000	1.2180	0.0000	600.0000	0.0000	152.1872	2087.4626
160.0000	1.2180	0.0000	600.0000	0.0000	155.9018	2088.5187
160.0000	-0.9531	0.0000	-401.5018	0.0000	162.7542	2089.6550
160.0000	1.2180	0.0000	600.0000	0.0000	151.2372	2090.6923
160.0000	1.2180	0.0000	600.0000	0.0000	152.0785	2091.7290
160.0000	0.8731	0.0000	498.1191	0.0000	160.4291	2092.8522
160.0000	1.2180	0.0000	600.0000	0.0000	152.4559	2093.8925
160.0000	1.2180	0.0000	600.0000	0.0000	155.5222	2094.9655
160.0000	-0.7157	0.0000	-420.5778	0.0000	160.0207	2096.0974
160.0000	1.2180	0.0000	600.0000	0.0000	150.3641	2097.1054
160.0000	1.2180	0.0000	600.0000	0.0000	153.9382	2098.1555
160.0000	1.1293	0.0000	600.0000	0.0000	160.0873	2099.2888
160.0000	1.2180	0.0000	600.0000	0.0000	152.0992	2100.3212
160.0000	1.2180	0.0000	600.0000	0.0000	157.5069	2101.4086
160.0000	0.7115	0.0000	283.4858	0.0000	159.1528	2102.5263
160.0000	1.2180	0.0000	600.0000	0.0000	147.5393	2103.5283
160.0000	1.2180	0.0000	600.0000	0.0000	156.4442	2104.5949
160.0000	1.2180	0.0000	600.0000	0.0000	159.7966	2105.7038
160.0000	1.2180	0.0000	600.0000	0.0000	152.0448	2106.7463
160.0000	1.2180	0.0000	600.0000	0.0000	159.6540	2107.8510
160.0000	1.2180	0.0000	600.0000	0.0000	157.8797	2108.9521
160.0000	1.2180	0.0000	600.0000	0.0000	147.8696	2109.9506
160.0000	1.2180	0.0000	600.0000	0.0000	155.5283	2111.0363
160.0000	1.2180	0.0000	600.0000	0.0000	158.6707	2112.1335
160.0000	1.2180	0.0000	600.0000	0.0000	153.0454	2113.1652
160.0000	0.6699	0.0000	397.0000	0.0000	161.5224	2114.2973
160.0000	1.2180	0.0000	600.0000	0.0000	156.2826	2115.3779
160.0000	1.2180	0.0000	600.0000	0.0000	148.4183	2116.3789
160.0000	1.2180	0.0000	600.0000	0.0000	158.1824	2117.4807
160.0000	1.2180	0.0000	600.0000	0.0000	155.5742	2118.5620
160.0000	1.2180	0.0000	600.0000	0.0000	150.9134	2119.5959
160.0000	-0.0851	0.0000	-108.9354	0.0000	160.4496	2120.7258
160.0000	1.2180	0.0000	600.0000	0.0000	155.0379	2121.7868
160.0000	1.2180	0.0000	600.0000	0.0000	149.6388	2122.8085
160.0000	1.2180	0.0000	600.0000	0.0000	159.8447	2123.9064
160.0000	1.2180	0.0000	600.0000	0.0000	155.1199	2124.9895
160.0000	1.2180	0.0000	600.0000	0.0000	152.8510	2126.0314
160.0000	-1.0800	0.0000	-600.0000	0.0000	162.0499	2127.1691
160.0000	1.2180	0.0000	600.0000	0.0000	151.4418	2128.2109
160.0000	1.2180	0.0000	600.0000	0.0000	151.5354	2129.2282
160.0000	1.2180	0.0000	532.0000	0.0000	158.4609	2130.3469
160.0000	1.2180	0.0000	600.0000	0.0000	154.6002	2131.4008
160.0000	1.2180	0.0000	600.0000	0.0000	154.8564	2132.4692
160.0000	-0.9419	0.0000	-396.0000	0.0000	162.6861	2133.6069
160.0000	1.2180	0.0000	600.0000	0.0000	150.8847	2134.6306
160.0000	1.2180	0.0000	600.0000	0.0000	150.4326	2135.6586
160.0000	1.2180	0.0000	594.3602	0.0000	159.3391	2136.7807
160.0000	1.2180	0.0000	600.0000	0.0000	151.5549	2137.8227
160.0000	1.2180	0.0000	600.0000	0.0000	156.6896	2138.8881
160.0000	-0.6457	0.0000	-250.0552	0.0000	162.2971	2140.0224
160.0000	1.2180	0.0000	600.0000	0.0000	150.1291	2141.0483
160.0000	1.2180	0.0000	600.0000	0.0000	152.8926	2142.0964
160.0000	0.9305	0.0000	391.3588	0.0000	159.6420	2143.2170
160.0000	1.2180	0.0000	600.0000	0.0000	151.7959	2144.2536
160.0000	1.2180	0.0000	600.0000	0.0000	156.2450	2145.3347
160.0000	0.1151	0.0000	-11.2804	0.0000	158.8315	2146.4582
160.0000	1.2180	0.0000	600.0000	0.0000	150.0180	2147.4631
160.0000	1.2180	0.0000	600.0000	0.0000	155.5477	2148.5275
160.0000	1.2180	0.0000	600.0000	0.0000	159.6726	2149.6406
160.0000	1.2180	0.0000	600.0000	0.0000	152.0866	2150.6853
160.0000	1.2180	0.0000	600.0000	0.0000	158.7325	2151.7851
160.0000	1.2180	0.0000	600.0000	0.0000	157.8458	2152.8913
160.0000	1.2180	0.0000	600.0000	0.0000	147.2745	2153.8903
160.0000	1.2180	0.0000	600.0000	0.0000	157.7191	2154.9711
160.0000	1.2180	0.0000	600.0000	0.0000	158.6782	2156.0715
160.0000	1.2180	0.0000	600.0000	0.0000	152.2913	2157.1145
160.0000	0.5416	0.0000	263.0000	0.0000	160.6583	2158.2297
160.0000	1.2180	0.0000	600.0000	0.0000	156.5233	2159.3161
160.0000	1.2180	0.0000	600.0000	0.0000	147.9882	2160.3151
160.0000	1.2180	0.0000	600.0000	0.0000	156.6987	2161.4096
160.0000	1.2180	0.0000	600.0000	0.0000	155.3735	2162.4958
160.0000	1.2180	0.0000	600.0000	0.0000	153.1466	2163.5273
160.0000	0.1198	0.0000	127.0000	0.0000	162.4943	2164.6535
160.0000	1.2180	0.0000	600.0000	0.0000	154.9930	2165.7343
160.0000	1.2180	0.0000	600.0000	0.0000	148.5688	2166.7399
160.0000	1.2180	0.0000	600.0000	0.0000	158.5197	2167.8481
160.0000	1.2180	0.0000	600.0000	0.0000	154.0083	2168.9199
160.0000	1.2180	0.0000	600.0000	0.0000	154.1807	2169.9599
160.0000	-0.8874	0.0000	-369.1395	0.0000	163.4733	2171.0944
160.0000	1.2180	0.0000	600.0000	0.0000	153.7013	2172.1560
160.0000	1.2180	0.0000	600.0000	0.0000	150.0734	2173.1704
160.0000	1.2180	0.0000	600.0000	0.0000	159.9576	2174.2878
160.0000	1.2180	0.0000	600.0000	0.0000	153.7366	2175.3452
160.0000	1.2180	0.0000	600.0000	0.0000	152.8758	2176.3940
160.0000	-0.9419	0.0000	-532.0000	0.0000	161.0178	2177.5322
160.0000	1.2180	0.0000	600.0000	0.0000	152.3237	2178.5610
160.0000	1.2180	0.0000	600.0000	0.0000	151.5159	2179.5861
160.0000	1.0245	0.0000	572.7020	0.0000	160.8203	2180.7080
160.0000	1.2180	0.0000	600.0000	0.0000	153.2133	2181.7683
160.0000	1.2180	0.0000	600.0000	0.0000	155.2221	2182.8305
160.0000	-1.0800	0.0000	-600.0000	0.0000	161.6974	2183.9672
160.0000	1.2180	0.0000	600.0000	0.0000	149.6210	2184.9831
160.0000	1.2180	0.0000	600.0000	0.0000	151.3340	2186.0258
160.0000	1.2180	0.0000	600.0000	0.0000	158.9753	2187.1484
160.0000	1.2180	0.0000	600.0000	0.0000	153.6281	2188.1857
160.0000	1.2180	0.0000	600.0000	0.0000	157.7761	2189.2624
160.0000	-0.0567	0.0000	40.0665	0.0000	161.5367	2190.4045
160.0000	1.2180	0.0000	600.0000	0.0000	149.8452	2191.4108
160.0000	1.2180	0.0000	600.0000	0.0000	153.7878	2192.4670
160.0000	1.2180	0.0000	600.0000	0.0000	159.1047	2193.5825
160.0000	1.2180	0.0000	600.0000	0.0000	151.3751	2194.6135
160.0000	1.2180	0.0000	600.0000	0.0000	157.3098	2195.7060
160.0000	0.7264	0.0000	424.8160	0.0000	160.6502	2196.8205
160.0000	1.2180	0.0000	600.0000	0.0000	149.2595	2197.8183
160.0000	1.2180	0.0000	600.0000	0.0000	156.3285	2198.9067
160.0000	1.2180	0.0000	600.0000	0.0000	158.5157	2200.0107
160.0000	1.2180	0.0000	600.0000	0.0000	151.4121	2201.0388
160.0000	1.2180	0.0000	600.0000	0.0000	159.2405	2202.1467
160.0000	1.2180	0.0000	600.0000	0.0000	156.5304	2203.2416
160.0000	1.2180	0.0000	600.0000	0.0000	149.6141	2204.2402
160.0000	1.2180	0.0000	600.0000	0.0000	158.4859	2205.3298
160.0000	1.2180	0.0000	600.0000	0.0000	158.0022	2206.4235
160.0000	1.2180	0.0000	600.0000	0.0000	152.3891	2207.4689
160.0000	0.5752	0.0000	351.3373	0.0000	161.4195	2208.5915
160.0000	1.2180	0.0000	600.0000	0.0000	155.3408	2209.6645
160.0000	1.2180	0.0000	600.0000	0.0000	148.2770	2210.6682
160.0000	1.2180	0.0000	600.0000	0.0000	157.9661	2211.7722
160.0000	1.2180	0.0000	600.0000	0.0000	154.7792	2212.8500
160.0000	1.2180	0.0000	600.0000	0.0000	151.1246	2213.8857
160.0000	-0.6981	0.0000	-275.8744	0.0000	163.4608	2215.0192
160.0000	1.2180	0.0000	600.0000	0.0000	154.2137	2216.0871
160.0000	1.2180	0.0000	600.0000	0.0000	149.1741	2217.0974
160.0000	1.0435	0.0000	446.0502	0.0000	159.6408	2218.2138
160.0000	1.2180	0.0000	600.0000	0.0000	154.0670	2219.2756
160.0000	1.2180	0.0000	600.0000	0.0000	152.3137	2220.3195
160.0000	-1.2180	0.0000	-600.0000	0.0000	163.8586	2221.4577
160.0000	1.2180	0.0000	600.0000	0.0000	152.6390	2222.4919
160.0000	1.2180	0.0000	600.0000	0.0000	150.3639	2223.5266
160.0000	1.1637	0.0000	505.2546	0.0000	159.4765	2224.6450
160.0000	1.2180	0.0000	600.0000	0.0000	152.5553	2225.6953
160.0000	1.2180	0.0000	600.0000	0.0000	155.7914	2226.7500
160.0000	-1.2180	0.0000	-590.7058	0.0000	163.0736	2227.8881
160.0000	1.2180	0.0000	600.0000	0.0000	151.1157	2228.9221
160.0000	1.2180	0.0000	600.0000	0.0000	151.8601	2229.9580
160.0000	0.7916	0.0000	321.9361	0.0000	159.8338	2231.0800
160.0000	1.2180	0.0000	600.0000	0.0000	151.8165	2232.1181
160.0000	1.2180	0.0000	600.0000	0.0000	154.9962	2233.1889
160.0000	-0.7531	0.0000	-303.0047	0.0000	162.2596	2234.3193
160.0000	1.2180	0.0000	600.0000	0.0000	150.0985	2235.3425
160.0000	1.2180	0.0000	600.0000	0.0000	153.2524	2236.3930
160.0000	1.1292	0.0000	489.2637	0.0000	159.2920	2237.5107
160.0000	1.2180	0.0000	600.0000	0.0000	151.5493	2238.5419
160.0000	1.2180	0.0000	600.0000	0.0000	156.7479	2239.6301
160.0000	0.3458	0.0000	238.3239	0.0000	161.1814	2240.7487
160.0000	1.2180	0.0000	600.0000	0.0000	149.3995	2241.7495
Target: 180.000
180.0000	1.2180	0.0000	600.0000	0.0000	154.5291	2242.8342
180.0000	1.2180	0.0000	600.0000	0.0000	158.1614	2243.9440
180.0000	1.2180	0.0000	600.0000	0.0000	150.7861	2244.9743
180.0000	1.2180	0.0000	600.0000	0.0000	161.3055	2246.0808
180.0000	1.2180	0.0000	600.0000	0.0000	160.3235	2247.1909
180.0000	1.2180	0.0000	600.0000	0.0000	152.0800	2248.2292
180.0000	1.2180	0.0000	600.0000	0.0000	161.1040	2249.3442
180.0000	1.2180	0.0000	600.0000	0.0000	159.9669	2250.4572
180.0000	1.2180	0.0000	600.0000	0.0000	155.2512	2251.5146
180.0000	1.2180	0.0000	600.0000	0.0000	164.1815	2252.6672
180.0000	1.2180	0.0000	600.0000	0.0000	160.6564	2253.7656
180.0000	1.2180	0.0000	600.0000	0.0000	156.2891	2254.8195
180.0000	1.2180	0.0000	600.0000	0.0000	166.7543	2255.9987
180.0000	1.2180	0.0000	600.0000	0.0000	160.0933	2257.0979
180.0000	1.2180	0.0000	600.0000	0.0000	160.7245	2258.1979
180.0000	1.2180	0.0000	600.0000	0.0000	167.6058	2259.3811
180.0000	1.2180	0.0000	600.0000	0.0000	159.8585	2260.4558
180.0000	1.2180	0.0000	600.0000	0.0000	164.2203	2261.5725
180.0000	1.2180	0.0000	600.0000	0.0000	168.9624	2262.7495
180.0000	1.2180	0.0000	600.0000	0.0000	161.2027	2263.8557
180.0000	1.2180	0.0000	600.0000	0.0000	169.4759	2265.0285
180.0000	1.2180	0.0000	600.0000	0.0000	166.2786	2266.1850
180.0000	1.2180	0.0000	600.0000	0.0000	159.3678	2267.2673
180.0000	1.2180	0.0000	600.0000	0.0000	169.8967	2268.4599
180.0000	1.2180	0.0000	600.0000	0.0000	166.9577	2269.6005
180.0000	1.2180	0.0000	600.0000	0.0000	166.7324	2270.7312
180.0000	1.2180	0.0000	600.0000	0.0000	173.7209	2271.9643
180.0000	1.2180	0.0000	600.0000	0.0000	162.8131	2273.0681
180.0000	1.2180	0.0000	600.0000	0.0000	168.1839	2274.2243
180.0000	1.2180	0.0000	600.0000	0.0000	171.5772	2275.4277
180.0000	1.2180	0.0000	600.0000	0.0000	164.5731	2276.5476
180.0000	1.2180	0.0000	600.0000	0.0000	173.7709	2277.7639
180.0000	1.2180	0.0000	600.0000	0.0000	169.8504	2278.9287
180.0000	1.2180	0.0000	600.0000	0.0000	166.4355	2280.0515
180.0000	1.2180	0.0000	600.0000	0.0000	176.8241	2281.2844
180.0000	1.2180	0.0000	600.0000	0.0000	168.3199	2282.4450
180.0000	1.2180	0.0000	600.0000	0.0000	173.0025	2283.6350
180.0000	1.2180	0.0000	600.0000	0.0000	174.4413	2284.8576
180.0000	1.2180	0.0000	600.0000	0.0000	164.7715	2285.9777
180.0000	1.2180	0.0000	600.0000	0.0000	175.0468	2287.2019
180.0000	1.2180	0.0000	600.0000	0.0000	170.3634	2288.3898
180.0000	1.2180	0.0000	600.0000	0.0000	172.4091	2289.5556
180.0000	1.2180	0.0000	600.0000	0.0000	179.9884	2290.8132
180.0000	1.2180	0.0000	600.0000	0.0000	168.7032	2291.9682
180.0000	1.2180	0.0000	600.0000	0.0000	175.0462	2293.1701
180.0000	1.2180	0.0000	600.0000	0.0000	176.3337	2294.4001
180.0000	1.2180	0.0000	600.0000	0.0000	170.4967	2295.5585
180.0000	0.4835	0.0000	170.1884	0.0000	180.4064	2296.8229
180.0000	1.2180	0.0000	600.0000	0.0000	170.0671	2297.9902
180.0000	1.2180	0.0000	600.0000	0.0000	170.7599	2299.1630
180.0000	1.2180	0.0000	600.0000	0.0000	177.1440	2300.4179
180.0000	1.2180	0.0000	600.0000	0.0000	171.5058	2301.5751
180.0000	1.0820	0.0000	600.0000	0.0000	180.8795	2302.8410
180.0000	1.2180	0.0000	600.0000	0.0000	174.0316	2304.0415
180.0000	1.2180	0.0000	600.0000	0.0000	169.4149	2305.1882
180.0000	1.2180	0.0000	554.0938	0.0000	179.2402	2306.4475
180.0000	1.2180	0.0000	600.0000	0.0000	170.8182	2307.6157
180.0000	1.2180	0.0000	600.0000	0.0000	176.2974	2308.8347
180.0000	1.2180	0.0000	600.0000	0.0000	178.5031	2310.0712
180.0000	1.2180	0.0000	600.0000	0.0000	168.9391	2311.2021
180.0000	1.2180	0.0000	600.0000	0.0000	179.7636	2312.4489
180.0000	1.2180	0.0000	600.0000	0.0000	172.9056	2313.6542
180.0000	1.2180	0.0000	600.0000	0.0000	174.0598	2314.8457
180.0000	0.7380	0.0000	295.5255	0.0000	178.9324	2316.1054
180.0000	1.2180	0.0000	600.0000	0.0000	166.5002	2317.2382
180.0000	1.2180	0.0000	600.0000	0.0000	175.2279	2318.4604
180.0000	1.2180	0.0000	600.0000	0.0000	176.0881	2319.6762
180.0000	1.2180	0.0000	600.0000	0.0000	172.7313	2320.8603
180.0000	-0.7598	0.0000	-442.2807	0.0000	181.3127	2322.1301
180.0000	1.2180	0.0000	600.0000	0.0000	169.1028	2323.2795
180.0000	1.2180	0.0000	600.0000	0.0000	172.6623	2324.4687
180.0000	1.2180	0.0000	600.0000	0.0000	176.0872	2325.7102
180.0000	1.2180	0.0000	600.0000	0.0000	172.1279	2326.8664
180.0000	0.5339	0.0000	331.0001	0.0000	181.7583	2328.1245
180.0000	1.2180	0.0000	600.0000	0.0000	172.2242	2329.3203
180.0000	1.2180	0.0000	600.0000	0.0000	170.7807	2330.4807
180.0000	1.2180	0.0000	600.0000	0.0000	178.7483	2331.7382
180.0000	1.2180	0.0000	600.0000	0.0000	169.6000	2332.8979
180.0000	1.0800	0.0000	600.0000	0.0000	180.6734	2334.1354
180.0000	1.2180	0.0000	600.0000	0.0000	175.8985	2335.3513
180.0000	1.2180	0.0000	600.0000	0.0000	169.8203	2336.4921
180.0000	1.0800	0.0000	600.0000	0.0000	180.3598	2337.7487
180.0000	1.2180	0.0000	600.0000	0.0000	172.0101	2338.9406
180.0000	1.2180	0.0000	600.0000	0.0000	175.8485	2340.1520
180.0000	1.2180	0.0000	600.0000	0.0000	177.3246	2341.3989
180.0000	1.2180	0.0000	600.0000	0.0000	166.7665	2342.5305
180.0000	1.2180	0.0000	600.0000	0.0000	176.9806	2343.7717
180.0000	1.2180	0.0000	600.0000	0.0000	175.0063	2344.9724
180.0000	1.2180	0.0000	600.0000	0.0000	174.7227	2346.1557
180.0000	0.1255	0.0000	-6.1618	0.0000	180.7112	2347.4384
180.0000	1.2180	0.0000	600.0000	0.0000	168.5161	2348.5778
180.0000	1.2180	0.0000	600.0000	0.0000	175.7010	2349.7910
180.0000	1.2180	0.0000	600.0000	0.0000	174.9990	2351.0166
180.0000	1.2180	0.0000	600.0000	0.0000	170.1774	2352.1813
180.0000	-0.4169	0.0000	-137.3485	0.0000	183.0043	2353.4514
180.0000	1.2180	0.0000	600.0000	0.0000	171.0517	2354.6115
180.0000	1.2180	0.0000	600.0000	0.0000	173.6655	2355.8107
180.0000	1.2180	0.0000	600.0000	0.0000	178.8809	2357.0585
180.0000	1.2180	0.0000	600.0000	0.0000	170.8681	2358.2155
180.0000	0.6860	0.0000	269.9551	0.0000	180.3030	2359.4714
180.0000	1.2180	0.0000	600.0000	0.0000	172.2242	2360.6623
180.0000	1.2180	0.0000	600.0000	0.0000	169.1229	2361.8173
180.0000	1.1722	0.0000	509.4213	0.0000	178.0709	2363.0771
180.0000	1.2180	0.0000	600.0000	0.0000	172.0117	2364.2407
180.0000	1.2180	0.0000	600.0000	0.0000	179.2228	2365.4702
180.0000	1.2180	0.0000	600.0000	0.0000	176.5732	2366.7124
180.0000	1.2180	0.0000	600.0000	0.0000	168.8220	2367.8486
180.0000	1.2180	0.0000	600.0000	0.0000	179.5445	2369.1030
180.0000	1.2180	0.0000	600.0000	0.0000	172.1080	2370.2827
180.0000	1.2180	0.0000	600.0000	0.0000	174.4947	2371.4848
180.0000	1.2180	0.0000	600.0000	0.0000	177.6665	2372.7390
180.0000	1.2180	0.0000	600.0000	0.0000	169.4483	2373.8706
180.0000	1.2180	0.0000	600.0000	0.0000	175.8199	2375.1020
180.0000	1.2180	0.0000	600.0000	0.0000	175.2473	2376.3088
180.0000	1.2180	0.0000	600.0000	0.0000	173.3032	2377.4831
180.0000	0.2143	0.0000	173.5733	0.0000	181.5862	2378.7702
180.0000	1.2180	0.0000	600.0000	0.0000	168.8908	2379.9145
180.0000	1.2180	0.0000	600.0000	0.0000	174.6721	2381.1179
180.0000	1.2180	0.0000	600.0000	0.0000	176.0919	2382.3535
180.0000	1.2180	0.0000	600.0000	0.0000	170.1175	2383.5151
180.0000	0.0215	0.0000	-56.4230	0.0000	179.9669	2384.7836
180.0000	1.2180	0.0000	600.0000	0.0000	172.0300	2385.9506
180.0000	1.2180	0.0000	600.0000	0.0000	172.9337	2387.1215
180.0000	1.2180	0.0000	600.0000	0.0000	179.2671	2388.3745
180.0000	1.2180	0.0000	600.0000	0.0000	171.0325	2389.5483
180.0000	0.9460	0.0000	397.0000	0.0000	179.7956	2390.7961
180.0000	1.2180	0.0000	600.0000	0.0000	173.3440	2391.9973
180.0000	1.2180	0.0000	600.0000	0.0000	168.6578	2393.1430
180.0000	1.2180	0.0000	600.0000	0.0000	178.7668	2394.4040
180.0000	1.2180	0.0000	600.0000	0.0000	172.6457	2395.5708
180.0000	1.2180	0.0000	600.0000	0.0000	178.2452	2396.8093
180.0000	1.2180	0.0000	600.0000	0.0000	177.2091	2398.0427
180.0000	1.2180	0.0000	600.0000	0.0000	168.2102	2399.1755
180.0000	1.2180	0.0000	600.0000	0.0000	178.9589	2400.4226
180.0000	1.2180	0.0000	600.0000	0.0000	172.2134	2401.6108
180.0000	1.2180	0.0000	600.0000	0.0000	173.1560	2402.8022
180.0000	0.5523	0.0000	339.0522	0.0000	181.2077	2404.0627
180.0000	1.2180	0.0000	600.0000	0.0000	169.4584	2405.1987
180.0000	1.2180	0.0000	600.0000	0.0000	177.9211	2406.4206
180.0000	1.2180	0.0000	600.0000	0.0000	175.5126	2407.6545
180.0000	1.2180	0.0000	600.0000	0.0000	172.0424	2408.8242
180.0000	-0.1552	0.0000	-144.4626	0.0000	180.6184	2410.0959
180.0000	1.2180	0.0000	600.0000	0.0000	171.0672	2411.2453
180.0000	1.2180	0.0000	600.0000	0.0000	174.9789	2412.4345
180.0000	1.2180	0.0000	600.0000	0.0000	178.2355	2413.6931
180.0000	1.2180	0.0000	600.0000	0.0000	171.4105	2414.8493
180.0000	0.1087	0.0000	107.7870	0.0000	181.0731	2416.1115
180.0000	1.2	2417.2883
180	0.0000	6000	171.342300.0000	0.0180.0000	1.2180	0.0000	600.0000	0.0000	169.9387	2418.4472
180.0000	1.2180	0.0000	600.0000	0.0000	177.9636	2419.7028
180.0000	1.2180	0.0000	600.0000	0.0000	169.0554	2420.8605
180.0000	1.0820	0.0000	600.0000	0.0000	180.2659	2422.0971
180.0000	1.2180	0.0000	600.0000	0.0000	175.6532	2423.3266
180.0000	1.2180	0.0000	600.0000	0.0000	169.5722	2424.4682
180.0000	1.1668	0.0000	600.0000	0.0000	180.0504	2425.7241
180.0000	1.2180	0.0000	600.0000	0.0000	171.7535	2426.8996
180.0000	1.2180	0.0000	600.0000	0.0000	175.8275	2428.1098
180.0000	1.2180	0.0000	600.0000	0.0000	177.5403	2429.3566
180.0000	1.2180	0.0000	600.0000	0.0000	166.6271	2430.4887
180.0000	1.2180	0.0000	600.0000	0.0000	176.9713	2431.7272
180.0000	1.2180	0.0000	600.0000	0.0000	175.0842	2432.9272
180.0000	1.2180	0.0000	600.0000	0.0000	174.6280	2434.1093
180.0000	-0.0444	0.0000	-5.3952	0.0000	181.1577	2435.3923
180.0000	1.2180	0.0000	600.0000	0.0000	168.6438	2436.5297
180.0000	1.2180	0.0000	600.0000	0.0000	175.3228	2437.7397
180.0000	1.2180	0.0000	600.0000	0.0000	175.3249	2438.9645
180.0000	1.2180	0.0000	600.0000	0.0000	169.9168	2440.1259
180.0000	-0.3814	0.0000	-119.8934	0.0000	183.0579	2441.3952
180.0000	1.2180	0.0000	600.0000	0.0000	171.3278	2442.5546
180.0000	1.2180	0.0000	600.0000	0.0000	173.4532	2443.7326
180.0000	1.2180	0.0000	600.0000	0.0000	178.9055	2445.0009
180.0000	1.2180	0.0000	600.0000	0.0000	170.9541	2446.1574
180.0000	0.8606	0.0000	355.9536	0.0000	180.0916	2447.4116
180.0000	1.2180	0.0000	600.0000	0.0000	172.2699	2448.6047
180.0000	1.2180	0.0000	600.0000	0.0000	168.6675	2449.7543
180.0000	1.2180	0.0000	600.0000	0.0000	177.9407	2451.0141
180.0000	1.2180	0.0000	600.0000	0.0000	171.8817	2452.1777
180.0000	1.2180	0.0000	600.0000	0.0000	178.2184	2453.4201
180.0000	1.2180	0.0000	600.0000	0.0000	176.2309	2454.6474
180.0000	1.2180	0.0000	600.0000	0.0000	168.1511	2455.7829
180.0000	1.2180	0.0000	600.0000	0.0000	179.0871	2457.0349
180.0000	1.2180	0.0000	600.0000	0.0000	171.5501	2458.2180
180.0000	1.2180	0.0000	600.0000	0.0000	173.6754	2459.4157
180.0000	1.0779	0.0000	600.0000	0.0000	180.4384	2460.6740
180.0000	1.2180	0.0000	600.0000	0.0000	168.6537	2461.8054
180.0000	1.2180	0.0000	600.0000	0.0000	178.4448	2463.0344
180.0000	1.2180	0.0000	600.0000	0.0000	174.9773	2464.2604
180.0000	1.2180	0.0000	600.0000	0.0000	172.6720	2465.4338
180.0000	-0.3955	0.0000	-262.8314	0.0000	180.8882	2466.7041
180.0000	1.2180	0.0000	600.0000	0.0000	168.2846	2467.8496
180.0000	1.2180	0.0000	600.0000	0.0000	173.1951	2469.0454
180.0000	1.2180	0.0000	600.0000	0.0000	175.5392	2470.2817
180.0000	1.2180	0.0000	600.0000	0.0000	172.0418	2471.4406
180.0000	0.5181	0.0000	323.2067	0.0000	181.7596	2472.7219
180.0000	1.2180	0.0000	600.0000	0.0000	171.3736	2473.8942
180.0000	1.2180	0.0000	600.0000	0.0000	171.2280	2475.0615
180.0000	1.2180	0.0000	600.0000	0.0000	178.4095	2476.3176
180.0000	1.2180	0.0000	600.0000	0.0000	169.5208	2477.4760
180.0000	0.9419	0.0000	532.0000	0.0000	181.5541	2478.7211
180.0000	1.2180	0.0000	600.0000	0.0000	175.1324	2479.9257
180.0000	1.2180	0.0000	600.0000	0.0000	170.0115	2481.0854
180.0000	1.0800	0.0000	600.0000	0.0000	180.2797	2482.3442
180.0000	1.2180	0.0000	600.0000	0.0000	171.5461	2483.5126
180.0000	1.2180	0.0000	600.0000	0.0000	176.31
127	2484.730780.0000	1.2180	0.0000	600.0000	0.0000	176.1600	2485.9689
180.0000	1.2180	0.0000	600.0000	0.0000	169.1721	2487.1003
180.0000	1.0820	0.0000	600.0000	0.0000	180.2449	2488.3459
180.0000	1.2180	0.0000	600.0000	0.0000	173.8395	2489.5380
180.0000	1.2180	0.0000	600.0000	0.0000	174.6159	2490.7434
180.0000	0.6089	0.0000	231.9530	0.0000	179.7798	2492.0065
180.0000	1.2180	0.0000	600.0000	0.0000	167.8180	2493.1423
180.0000	1.2180	0.0000	600.0000	0.0000	176.0051	2494.3627
180.0000	1.2180	0.0000	600.0000	0.0000	174.3279	2495.5825
180.0000	1.2180	0.0000	600.0000	0.0000	173.5124	2496.7502
180.0000	-0.4872	0.0000	-173.0114	0.0000	182.5891	2498.0214
180.0000	1.2180	0.0000	600.0000	0.0000	170.5357	2499.1752
180.0000	1.2180	0.0000	600.0000	0.0000	174.3435	2500.3813
180.0000	1.2180	0.0000	600.0000	0.0000	178.3507	2501.6101
180.0000	1.2180	0.0000	600.0000	0.0000	171.5474	2502.7849
180.0000	0.5690	0.0000	348.2933	0.0000	181.5592	2504.0476
180.0000	1.2180	0.0000	600.0000	0.0000	172.0044	2505.2270
180.0000	1.2180	0.0000	600.0000	0.0000	170.0024	2506.3874
180.0000	1.2180	0.0000	600.0000	0.0000	178.4515	2507.6445
180.0000	1.2180	0.0000	600.0000	0.0000	169.5175	2508.8037
180.0000	1.0820	0.0000	600.0000	0.0000	180.4794	2510.0393
180.0000	1.2180	0.0000	600.0000	0.0000	176.0993	2511.2570
180.0000	1.2180	0.0000	600.0000	0.0000	169.2669	2512.4116
180.0000	1.0800	0.0000	600.0000	0.0000	180.2248	2513.6677
180.0000	1.2180	0.0000	600.0000	0.0000	172.0418	2514.8427
180.0000	1.2180	0.0000	600.0000	0.0000	175.5774	2516.0507
180.0000	1.2180	0.0000	600.0000	0.0000	177.6629	2517.2998
180.0000	1.2180	0.0000	600.0000	0.0000	167.0525	2518.4321
180.0000	1.2180	0.0000	600.0000	0.0000	177.2496	2519.6696
180.0000	1.2180	0.0000	600.0000	0.0000	172.4178	2520.8728
180.0000	1.2180	0.0000	600.0000	0.0000	174.8497	2522.0532
180.0000	0.0990	0.0000	116.7475	0.0000	181.9857	2523.3232
180.0000	1.2180	0.0000	600.0000	0.0000	169.4094	2524.4782
180.0000	1.2180	0.0000	600.0000	0.0000	175.8616	2525.6901
180.0000	1.2180	0.0000	600.0000	0.0000	176.2715	2526.9196
180.0000	1.2180	0.0000	600.0000	0.0000	170.9734	2528.0832
180.0000	0.1846	0.0000	22.9411	0.0000	180.3564	2529.3518
180.0000	1.2180	0.0000	600.0000	0.0000	169.5638	2530.5158
180.0000	1.2180	0.0000	600.0000	0.0000	170.9949	2531.6943
180.0000	1.2180	0.0000	600.0000	0.0000	179.8179	2532.9453
180.0000	1.2180	0.0000	600.0000	0.0000	171.7235	2534.1032
180.0000	0.9419	0.0000	532.0000	0.0000	181.3123	2535.3730
180.0000	1.2180	0.0000	600.0000	0.0000	173.2364	2536.5654
180.0000	1.2180	0.0000	600.0000	0.0000	169.3483	2537.7148
180.0000	1.2180	0.0000	600.0000	0.0000	178.9445	2538.9726
180.0000	1.2180	0.0000	600.0000	0.0000	170.0604	2540.1376
180.0000	1.2180	0.0000	600.0000	0.0000	179.2979	2541.3610
180.0000	1.2180	0.0000	600.0000	0.0000	177.1041	2542.5908
180.0000	1.2180	0.0000	600.0000	0.0000	168.9960	2543.7248
180.0000	1.0820	0.0000	600.0000	0.0000	180.4432	2544.9777
180.0000	1.2180	0.0000	600.0000	0.0000	172.9908	2546.1772
180.0000	1.2180	0.0000	600.0000	0.0000	174.9350	2547.3735
180.0000	1.0529	0.0000	450.6540	0.0000	179.3312	2548.6333
180.0000	1.2180	0.0000	600.0000	0.0000	167.4539	2549.7648
180.0000	1.2180	0.0000	600.0000	0.0000	177.1228	2550.9951
180.0000	1.2180	0.0000	600.0000	0.0000	174.0399	2552.2070
180.0000	1.2180	0.0000	600.0000	0.0000	171.1927	2553.3801
180.0000	-0.2593	0.0000	-194.7324	0.0000	179.7668	2554.6520
180.0000	1.2180	0.0000	600.0000	0.0000	170.4519	2555.7988
180.0000	1.2180	0.0000	600.0000	0.0000	175.6791	2556.9965
180.0000	1.2180	0.0000	600.0000	0.0000	178.0554	2558.2351
180.0000	1.2180	0.0000	600.0000	0.0000	171.7869	2559.4106
180.0000	0.2744	0.0000	203.1780	0.0000	181.6286	2560.6760
180.0000	1.2180	0.0000	600.0000	0.0000	171.0692	2561.8469
180.0000	1.2180	0.0000	600.0000	0.0000	170.8419	2563.0139
180.0000	1.2180	0.0000	600.0000	0.0000	178.0176	2564.2683
180.0000	1.2180	0.0000	600.0000	0.0000	169.0669	2565.4245
180.0000	1.0800	0.0000	600.0000	0.0000	180.5688	2566.6669
180.0000	1.2180	0.0000	600.0000	0.0000	174.9019	2567.8901
180.0000	1.2180	0.0000	600.0000	0.0000	169.4898	2569.0358
180.0000	1.1901	0.0000	600.0000	0.0000	180.0275	2570.2961
180.0000	1.2180	0.0000	600.0000	0.0000	171.2550	2571.4667
180.0000	1.2180	0.0000	600.0000	0.0000	176.3608	2572.6845
180.0000	1.2180	0.0000	600.0000	0.0000	176.4618	2573.9255
180.0000	1.2180	0.0000	600.0000	0.0000	166.8854	2575.0568
180.0000	1.2180	0.0000	600.0000	0.0000	177.5649	2576.3000
180.0000	1.2180	0.0000	600.0000	0.0000	171.8247	2577.4938
180.0000	1.2180	0.0000	600.0000	0.0000	172.1287	2578.6801
180.0000	0.3339	0.0000	231.4884	0.0000	181.5002	2579.9453
180.0000	1.2180	0.0000	600.0000	0.0000	169.2073	2581.0817
180.0000	1.2180	0.0000	600.0000	0.0000	177.4783	2582.3002
180.0000	1.2180	0.0000	600.0000	0.0000	176.3395	2583.5239
180.0000	1.2180	0.0000	600.0000	0.0000	172.0776	2584.7082
180.0000	-0.8434	0.0000	-483.4634	0.0000	181.6204	2585.9802
180.0000	1.2180	0.0000	600.0000	0.0000	169.2425	2587.1335
180.0000	1.2180	0.0000	600.0000	0.0000	172.8173	2588.3188
180.0000	1.2180	0.0000	600.0000	0.0000	176.8019	2589.5632
180.0000	1.2180	0.0000	600.0000	0.0000	169.5885	2590.7194
180.0000	1.2180	0.0000	589.6343	0.0000	179.2785	2591.9765
180.0000	1.2180	0.0000	600.0000	0.0000	173.6683	2593.1630
180.0000	1.2180	0.0000	600.0000	0.0000	172.1137	2594.3225
180.0000	1.0820	0.0000	600.0000	0.0000	180.6497	2595.5810
180.0000	1.2180	0.0000	600.0000	0.0000	171.7091	2596.7434
180.0000	1.2180	0.0000	600.0000	0.0000	179.2185	2597.9963
180.0000	1.2180	0.0000	600.0000	0.0000	175.9171	2599.2150
180.0000	1.2180	0.0000	600.0000	0.0000	168.8181	2600.3547
180.0000	1.2180	0.0000	600.0000	0.0000	179.1964	2601.6101
180.0000	1.2180	0.0000	600.0000	0.0000	171.3824	2602.7888
180.0000	1.2180	0.0000	600.0000	0.0000	174.4814	2603.9948
180.0000	1.1029	0.0000	600.0000	0.0000	180.0437	2605.2465
180.0000	1.2180	0.0000	600.0000	0.0000	168.5622	2606.3925
180.0000	1.2180	0.0000	600.0000	0.0000	178.6677	2607.6315
180.0000	1.2180	0.0000	600.0000	0.0000	173.8727	2608.8332
180.0000	1.2180	0.0000	600.0000	0.0000	172.7019	2610.0134
180.0000	-0.1075	0.0000	-119.9504	0.0000	179.7635	2611.2829
180.0000	1.2180	0.0000	600.0000	0.0000	169.9342	2612.4223
180.0000	1.2180	0.0000	600.0000	0.0000	176.2389	2613.6269
180.0000	1.2180	0.0000	600.0000	0.0000	176.9335	2614.8571
180.0000	1.2180	0.0000	600.0000	0.0000	171.4291	2616.0329
180.0000	-0.1956	0.0000	-147.3648	0.0000	181.3572	2617.3007
180.0000	1.2180	0.0000	600.0000	0.0000	170.1856	2618.4631
180.0000	1.2180	0.0000	600.0000	0.0000	171.7983	2619.6374
180.0000	1.2180	0.0000	600.0000	0.0000	177.9741	2620.8898
180.0000	1.2180	0.0000	600.0000	0.0000	169.8404	2622.0463
180.0000	1.2180	0.0000	533.0000	0.0000	178.7174	2623.2966
180.0000	1.2180	0.0000	600.0000	0.0000	174.8100	2624.4946
180.0000	1.2180	0.0000	600.0000	0.0000	170.7259	2625.6440
180.0000	1.0800	0.0000	600.0000	0.0000	180.2788	2626.9204
180.0000	1.2180	0.0000	600.0000	0.0000	171.4975	2628.0856
180.0000	1.2180	0.0000	600.0000	0.0000	177.6229	2629.3115
180.0000	1.2180	0.0000	600.0000	0.0000	176.4748	2630.5427
180.0000	1.2180	0.0000	600.0000	0.0000	167.2599	2631.6767
180.0000	1.2180	0.0000	600.0000	0.0000	178.1224	2632.9270
180.0000	1.2180	0.0000	600.0000	0.0000	171.0744	2634.1135
180.0000	1.2180	0.0000	600.0000	0.0000	176.1999	2635.3085
180.0000	0.8771	0.0000	500.0769	0.0000	180.2855	2636.5852
180.0000	1.2180	0.0000	600.0000	0.0000	168.6561	2637.7175
180.0000	1.2180	0.0000	600.0000	0.0000	177.6510	2638.9443
180.0000	1.2180	0.0000	600.0000	0.0000	174.7174	2640.1567
180.0000	1.2180	0.0000	600.0000	0.0000	171.7904	2641.3291
180.0000	0.0001	0.0000	-67.9312	0.0000	180.5857	2642.5991
180.0000	1.2180	0.0000	600.0000	0.0000	168.0611	2643.7453
180.0000	1.2180	0.0000	600.0000	0.0000	172.6534	2644.9404
180.0000	1.2180	0.0000	600.0000	0.0000	178.7286	2646.1813
180.0000	1.2180	0.0000	600.0000	0.0000	171.8748	2647.3388
180.0000	0.3858	0.0000	258.0385	0.0000	181.9151	2648.6191
180.0000	1.2180	0.0000	600.0000	0.0000	171.7337	2649.7927
180.0000	1.2180	0.0000	600.0000	0.0000	171.0509	2650.9575
180.008.7117	2652.2145
180.0000	1.2180	0.0000	600.00007926	2653.37	0.0000	169.25
00	1.2180	0.0000	600.0000	0.0000	17180.0000	1.2180	0.0000	600.0000	0.0000	177.9014	2654.6145
180.0000	1.2180	0.0000	600.0000	0.0000	175.7845	2655.8239
180.0000	1.2180	0.0000	600.0000	0.0000	169.9962	2656.9648
180.0000	1.0800	0.0000	600.0000	0.0000	180.5904	2658.2219
180.0000	1.2180	0.0000	600.0000	0.0000	171.9552	2659.4096
180.0000	1.2180	0.0000	600.0000	0.0000	176.5075	2660.6218
180.0000	1.2180	0.0000	600.0000	0.0000	177.3885	2661.8659
180.0000	1.2180	0.0000	600.0000	0.0000	167.5783	2662.9987
180.0000	1.2180	0.0000	600.0000	0.0000	178.0636	2664.2416
180.0000	1.2180	0.0000	600.0000	0.0000	172.5011	2665.4389
180.0000	1.2180	0.0000	600.0000	0.0000	172.3004	2666.6250
180.0000	0.2256	0.0000	179.1303	0.0000	181.6168	2667.8913
180.0000	1.2180	0.0000	600.0000	0.0000	168.9628	2669.0268
180.0000	1.2180	0.0000	600.0000	0.0000	176.8355	2670.2587
180.0000	1.2180	0.0000	600.0000	0.0000	175.6416	2671.4816
180.0000	1.2180	0.0000	600.0000	0.0000	171.6233	2672.6467
180.0000	-0.2727	0.0000	-202.3458	0.0000	180.9709	2673.9160
180.0000	1.2180	0.0000	600.0000	0.0000	168.9265	2675.0722
180.0000	1.2180	0.0000	600.0000	0.0000	171.3310	2676.2551
180.0000	1.2180	0.0000	600.0000	0.0000	178.9515	2677.5007
180.0000	1.2180	0.0000	600.0000	0.0000	171.5883	2678.6579
180.0000	0.9419	0.0000	532.0000	0.0000	181.5892	2679.9311
180.0000	1.2180	0.0000	600.0000	0.0000	172.7393	2681.1166
180.0000	1.2180	0.0000	600.0000	0.0000	170.0226	2682.2705
180.0000	1.2180	0.0000	600.0000	0.0000	178.8285	2683.5268
180.0000	1.2180	0.0000	600.0000	0.0000	169.8430	2684.6884
180.0000	1.2180	0.0000	600.0000	0.0000	176.5874	2685.9174
180.0000	1.2180	0.0000	600.0000	0.0000	177.1351	2687.1413
180.0000	1.2180	0.0000	600.0000	0.0000	169.6151	2688.2790
180.0000	1.0800	0.0000	600.0000	0.0000	180.7234	2689.5344
180.0000	1.2180	0.0000	600.0000	0.0000	173.1061	2690.7331
180.0000	1.2180	0.0000	600.0000	0.0000	176.0081	2691.9372
180.0000	1.1873	0.0000	517.8579	0.0000	178.8844	2693.1921
180.0000	1.2180	0.0000	600.0000	0.0000	167.3446	2694.3210
180.0000	1.2180	0.0000	600.0000	0.0000	176.9765	2695.5537
180.0000	1.2180	0.0000	600.0000	0.0000	173.1115	2696.7583
180.0000	1.2180	0.0000	600.0000	0.0000	171.2230	2697.9340
180.0000	0.0479	0.0000	91.6083	0.0000	181.7140	2699.2019
180.0000	1.2180	0.0000	600.0000	0.0000	170.0184	2700.3488
Target: 200.000
200.0000	1.2180	0.0000	600.0000	0.0000	174.3989	2701.5700
200.0000	1.2180	0.0000	600.0000	0.0000	175.7048	2702.8056
200.0000	1.2180	0.0000	600.0000	0.0000	172.9670	2703.9672
200.0000	1.2180	0.0000	600.0000	0.0000	182.8280	2705.2373
200.0000	1.2180	0.0000	600.0000	0.0000	172.3739	2706.4289
200.0000	1.2180	0.0000	600.0000	0.0000	174.1114	2707.6171
000	0.0000	1200.0.8801
200.0000	1.2180	0.0000	600.000079.9945	2708.0000	600.0	0.0000	172.485
200.0000	1.2180	0.0000	600.0000	0.0000	181.8094	2711.3144
200.0000	1.2180	0.0000	600.0000	0.0000	174.5958	2712.5222
200.0000	1.2180	0.0000	600.0000	0.0000	171.7570	2713.6987
200.0000	1.2180	0.0000	600.0000	0.0000	180.7007	2714.9785
200.0000	1.2180	0.0000	600.0000	0.0000	174.9059	2716.15000	1.2180	00573	2710.091
200.0000	1.2180	0.0000	600.0000	0.0000	183.4189	2717.4187
200.0000	1.2180	0.0000	600.0000	0.0000	179.0717	2718.6562
200.0000	1.2180	0.0000	600.0000	0.0000	174.0787	2719.8439
200.0000	1.2180	0.0000	600.0000	0.0000	184.4163	2721.1320
200.0000	1.2180	0.0000	600.0000	0.0000	175.2182	2722.3266
200.0000	1.2180	0.0000	600.0000	0.0000	181.5774	2723.5810
200.0000	1.2180	0.0000	600.0000	0.0000	180.3560	2724.8403
200.0000	1.2180	0.0000	600.0000	0.0000	172.6244	2726.0124
200.0000	1.2180	0.0000	600.0000	0.0000	183.5653	2727.3051
200.0000	1.2180	0.0000	600.0000	0.0000	178.3600	2728.5146
200.0000	1.2180	0.0000	600.0000	0.0000	183.5184	2729.7641
200.0000	1.2180	0.0000	600.0000	0.0000	183.5855	2731.0407
200.0000	1.2180	0.0000	600.0000	0.0000	174.9921	2732.2326
200.0000	1.2180	0.0000	600.0000	0.0000	186.3941	2733.5119
200.0000	1.2180	0.0000	600.0000	0.0000	178.4398	2734.7507
200.0000	1.2180	0.0000	600.0000	0.0000	182.6394	2736.0012
200.0000	1.2180	0.0000	600.0000	0.0000	183.6319	2737.2888
200.0000	1.2180	0.0000	600.0000	0.0000	174.3476	2738.4709
200.0000	1.2180	0.0000	600.0000	0.0000	185.5236	2739.7707
200.0000	1.2180	0.0000	600.0000	0.0000	177.8745	2741.0009
200.0000	1.2180	0.0000	600.0000	0.0000	184.6563	2742.2534
200.0000	1.2180	0.0000	600.0000	0.0000	185.8937	2743.5495
200.0000	1.2180	0.0000	600.0000	0.0000	176.2291	2744.7526
200.0000	1.2180	0.0000	600.0000	0.0000	187.7127	2746.0583
200.0000	1.2180	0.0000	600.0000	0.0000	179.7925	2747.2924
200.0000	1.2180	0.0000	600.0000	0.0000	183.6846	2748.5539
200.0000	1.2180	0.0000	600.0000	0.0000	184.9780	2749.8532
200.0000	1.2180	0.0000	600.0000	0.0000	175.6394	2751.0451
200.0000	1.2180	0.0000	600.0000	0.0000	186.7591	2752.3566
200.0000	1.2180	0.0000	600.0000	0.0000	182.1728	2753.5944
200.0000	1.2180	0.0000	600.0000	0.0000	186.3637	2754.8623
200.0000	1.2180	0.0000	600.0000	0.0000	186.8526	2756.1796
200.0000	1.2180	0.0000	600.0000	0.0000	177.8324	2757.3784
200.0000	1.2180	0.0000	600.0000	0.0000	189.3751	2758.6962
200.0000	1.2180	0.0000	600.0000	0.0000	181.0678	2759.9345
200.0000	1.2180	0.0000	600.0000	0.0000	186.2537	2761.2148
200.0000	1.2180	0.0000	600.0000	0.0000	185.4478	2762.5131
200.0000	1.2180	0.0000	600.0000	0.0000	177.4884	2763.7172
200.0000	1.2180	0.0000	600.0000	0.0000	188.2388	2765.0427
200.0000	1.2180	0.0000	600.0000	0.0000	182.7886	2766.2805
200.0000	1.2180	0.0000	600.0000	0.0000	189.2278	2767.5722
200.0000	1.2180	0.0000	600.0000	0.0000	186.4979	2768.8664
200.0000	1.2180	0.0000	600.0000	0.0000	179.8334	2770.0944
200.0000	1.2180	0.0000	600.0000	0.0000	190.4083	2771.4274
200.0000	1.2180	0.0000	600.0000	0.0000	180.9070	2772.6630
200.0000	1.2180	0.0000	600.0000	0.0000	188.4707	2773.9699
200.0000	1.2180	0.0000	600.0000	0.0000	183.6176	2775.2531
200.0000	1.2180	0.0000	600.0000	0.0000	182.0821	2776.4765
200.0000	1.2180	0.0000	600.0000	0.0000	191.4435	2777.8144
200.0000	1.2180	0.0000	600.0000	0.0000	181.5494	2779.0639
200.0000	1.2180	0.0000	600.0000	0.0000	190.6242	2780.3874
200.0000	1.2180	0.0000	600.0000	0.0000	182.9626	2781.6564
200.0000	1.2180	0.0000	600.0000	0.0000	181.0873	2782.8974
200.0000	1.2180	0.0000	600.0000	0.0000	191.6841	2784.2316
200.0000	1.2180	0.0000	600.0000	0.0000	183.2445	2785.4667
200.0000	1.2180	0.0000	600.0000	0.0000	193.1963	2786.8205
200.0000	1.2180	0.0000	600.0000	0.0000	183.1586	2788.0764
200.0000	1.2180	0.0000	600.0000	0.0000	184.3054	2789.3344
200.0000	1.2180	0.0000	600.0000	0.0000	188.9423	2790.6640
200.0000	1.2180	0.0000	600.0000	0.0000	181.9245	2791.9033
200.0000	1.2180	0.0000	600.0000	0.0000	194.8081	2793.2509
200.0000	1.2180	0.0000	600.0000	0.0000	183.2066	2794.4934
200.0000	1.2180	0.0000	600.0000	0.0000	187.6033	2795.7910
200.0000	1.2180	0.0000	600.0000	0.0000	188.9928	2797.1086
200.0000	1.2180	0.0000	600.0000	0.0000	184.0237	2798.3569
200.0000	1.2180	0.0000	600.0000	0.0000	192.8315	2799.7121
200.0000	1.2180	0.0000	600.0000	0.0000	180.3809	2800.9404
200.0000	1.2180	0.0000	600.0000	0.0000	188.1250	2802.2456
200.0000	1.2180	0.0000	600.0000	0.0000	188.9338	2803.5473
200.0000	1.2180	0.0000	600.0000	0.0000	186.6872	2804.8090
200.0000	1.2180	0.0000	600.0000	0.0000	193.2941	2806.1801
200.0000	1.2180	0.0000	600.0000	0.0000	181.2308	2807.4030
200.0000	1.2180	0.0000	600.0000	0.0000	191.6787	2808.7314
200.0000	1.2180	0.0000	600.0000	0.0000	185.5481	2810.0136
200.0000	1.2180	0.0000	600.0000	0.0000	186.8548	2811.2983
200.0000	1.2180	0.0000	600.0000	0.0000	192.7410	2812.6396
200.0000	1.2180	0.0000	600.0000	0.0000	182.6143	2813.8627
200.0000	1.2180	0.0000	600.0000	0.0000	193.7431	2815.2255
200.0000	1.2180	0.0000	600.0000	0.0000	184.8609	2816.4916
200.0000	1.2180	0.0000	600.0000	0.0000	190.0617	2817.8020
200.0000	1.2180	0.0000	600.0000	0.0000	187.9457	2819.1203
200.0000	1.2180	0.0000	600.0000	0.0000	184.2995	2820.3549
200.0000	1.2180	0.0000	600.0000	0.0000	194.8080	2821.7104
200.0000	1.2180	0.0000	600.0000	0.0000	184.6677	2822.9812
200.0000	1.2180	0.0000	600.0000	0.0000	193.3283	2824.3178
200.0000	1.2180	0.0000	600.0000	0.0000	186.5213	2825.6103
200.0000	1.2180	0.0000	600.0000	0.0000	183.8101	2826.8640
200.0000	1.2180	0.0000	600.0000	0.0000	191.3755	2828.2170
200.0000	1.2180	0.0000	600.0000	0.0000	185.8650	2829.4667
200.0000	1.2180	0.0000	600.0000	0.0000	196.1382	2830.8234
200.0000	1.2180	0.0000	600.0000	0.0000	185.3619	2832.1074
200.0000	1.2180	0.0000	600.0000	0.0000	187.4649	2833.3879
200.0000	1.2180	0.0000	600.0000	0.0000	190.4824	2834.7275
200.0000	1.2180	0.0000	600.0000	0.0000	184.4174	2835.9846
200.0000	1.2180	0.0000	600.0000	0.0000	197.0185	2837.3513
200.0000	1.2180	0.0000	600.0000	0.0000	184.1649	2838.6130
200.0000	1.2180	0.0000	600.0000	0.0000	191.5274	2839.9257
200.0000	1.2180	0.0000	600.0000	0.0000	189.2677	2841.2412
200.0000	1.2180	0.0000	600.0000	0.0000	186.9929	2842.5156
200.0000	1.2180	0.0000	600.0000	0.0000	193.2111	2843.8784
200.0000	1.2180	0.0000	600.0000	0.0000	184.2621	2845.1130
200.0000	1.2180	0.0000	600.0000	0.0000	194.8643	2846.4533
200.0000	1.2180	0.0000	600.0000	0.0000	187.9551	2847.7614
200.0000	1.2180	0.0000	600.0000	0.0000	190.6924	2849.0629
200.0000	1.2180	0.0000	600.0000	0.0000	191.9858	2850.4062
200.0000	1.2180	0.0000	600.0000	0.0000	182.8624	2851.6428
200.0000	1.2180	0.0000	600.0000	0.0000	194.0198	2853.0029
200.0000	1.2180	0.0000	600.0000	0.0000	184.6145	2854.2712
200.0000	1.2180	0.0000	600.0000	0.0000	194.5153	2855.6020
200.0000	1.2180	0.0000	600.0000	0.0000	190.0194	2856.9353
200.0000	1.2180	0.0000	600.0000	0.000858.1875
0.0000	600.00	185.1385	294.5698	2859.5520
200.000000	1.2180	000	0.0000	1200.00	1.2180	0.0000	600.0000	0.0000	185.1882	2860.8093
200.0000	1.2180	0.0000	600.0000	0.0000	194.3574	2862.1662
200.0000	1.2180	0.0000	600.0000	0.0000	185.3587	2863.4506
200.0000	1.2180	0.0000	600.0000	0.0000	189.6838	2864.7294
200.0000	1.2180	0.0000	600.0000	0.0000	194.1660	2866.0810
200.0000	1.2180	0.0000	600.0000	0.0000	187.0579	2867.3408
200.0000	1.2180	0.0000	600.0000	0.0000	196.7917	2868.7331
200.0000	1.2180	0.0000	600.0000	0.0000	184.3466	2869.9860
200.0000	1.2180	0.0000	600.0000	0.0000	190.6901	2871.3007
200.0000	1.2180	0.0000	600.0000	0.0000	189.5777	2872.6269
200.0000	1.2180	0.0000	600.0000	0.0000	186.4710	2873.9045
200.0000	1.2180	0.0000	600.0000	0.0000	196.7893	2875.2761
200.0000	1.2180	0.0000	600.0000	0.0000	184.6645	2876.5153
200.0000	1.2180	0.0000	600.0000	0.0000	194.8410	2877.8603
200.0000	1.2180	0.0000	600.0000	0.0000	188.6070	2879.1757
200.0000	1.2180	0.0000	600.0000	0.0000	191.3226	2880.4831
200.0000	1.2180	0.0000	600.0000	0.0000	192.1622	2881.8322
200.0000	1.2180	0.0000	600.0000	0.0000	182.8837	2883.0739
200.0000	1.2180	0.0000	600.0000	0.0000	193.8967	2884.4399
200.0000	1.2180	0.0000	600.0000	0.0000	187.8040	2885.7128
200.0000	1.2180	0.0000	600.0000	0.0000	194.9975	2887.0695
200.0000	1.2180	0.0000	600.0000	0.0000	189.7171	2888.3842
200.0000	1.2180	0.0000	600.0000	0.0000	185.7375	2889.6455
200.0000	1.2180	0.0000	600.0000	0.0000	194.0913	2891.0126
200.0000	1.2180	0.0000	600.0000	0.0000	184.7332	2892.2749
200.0000	1.2180	0.0000	600.0000	0.0000	198.0461	2893.6411
200.0000	1.2180	0.0000	600.0000	0.0000	187.4482	2894.9377
200.0000	1.2180	0.0000	600.0000	0.0000	189.9339	2896.2316
200.0000	1.2180	0.0000	600.0000	0.0000	192.7074	2897.5793
200.0000	1.2180	0.0000	600.0000	0.0000	186.9348	2898.8479
200.0000	1.2180	0.0000	600.0000	0.0000	195.9596	2900.2258
200.0000	1.2180	0.0000	600.0000	0.0000	183.3645	2901.4772
200.0000	1.2180	0.0000	600.0000	0.0000	191.0769	2902.8076
200.0000	1.2180	0.0000	600.0000	0.0000	191.6868	2904.1279
200.0000	1.2180	0.0000	600.0000	0.0000	190.6678	2905.4353
200.0000	1.2180	0.0000	600.0000	0.0000	195.3310	2906.8032
200.0000	1.2180	0.0000	600.0000	0.0000	183.5862	2908.0437
200.0000	1.2180	0.0000	600.0000	0.0000	194.8063	2909.4042
200.0000	1.2180	0.0000	600.0000	0.0000	185.9672	2910.6914
200.0000	1.2180	0.0000	600.0000	0.0000	194.3295	2912.0161
200.0000	1.2180	0.0000	600.0000	0.0000	192.3236	2913.3728
200.0000	1.2180	0.0000	600.0000	0.0000	185.5572	2914.6242
200.0000	1.2180	0.0000	600.0000	0.0000	195.5290	2915.9956
200.0000	1.2180	0.0000	600.0000	0.0000	185.6563	2917.2648
200.0000	1.2180	0.0000	600.0000	0.0000	194.2834	2918.6218
200.0000	1.2180	0.0000	600.0000	0.0000	189.8277	2919.9221
200.0000	1.2180	0.0000	600.0000	0.0000	189.2820	2921.2004
200.0000	1.2180	0.0000	600.0000	0.0000	194.8552	2922.5808
200.0000	1.2180	0.0000	600.0000	0.0000	187.1937	2923.8469
200.0000	1.2180	0.0000	600.0000	0.0000	197.2784	2925.2255
200.0000	1.2180	0.0000	600.0000	0.0000	185.3707	2926.4902
200.0000	1.2180	0.0000	600.0000	0.0000	191.2466	2927.8061
200.0000	1.2180	0.0000	600.0000	0.0000	190.8119	2929.1418
200.0000	1.2180	0.0000	600.0000	0.0000	187.3483	2930.4238
200.0000	1.2180	0.0000	600.0000	0.0000	197.9990	2931.8020
200.0000	1.2180	0.0000	600.0000	0.0000	185.2939	2933.0468
200.0000	1.2180	0.0000	600.0000	0.0000	195.8810	2934.3974
200.0000	1.2180	0.0000	600.0000	0.0000	189.0694	2935.7182
200.0000	1.2180	0.0000	600.0000	0.0000	191.3600	2937.0314
200.0000	1.2180	0.0000	600.0000	0.0000	192.4546	2938.3852
200.0000	1.2180	0.0000	600.0000	0.0000	183.4320	2939.6325
200.0000	1.2180	0.0000	600.0000	0.0000	194.4857	2941.0048
200.0000	1.2180	0.0000	600.0000	0.0000	188.3684	2942.2822
200.0000	1.2180	0.0000	600.0000	0.0000	196.0469	2943.6469
200.0000	1.2180	0.0000	600.0000	0.0000	190.0958	2944.9631
200.0000	1.2180	0.0000	600.0000	0.0000	187.1534	29200.0000	1.2180	0.0000	600.0046.2319
00	0.0000	194.9244	2947.6027
200.0000	1.2180	0.0000	600.0000	0.0000	186.4039	2948.8703
200.0000	1.2180	0.0000	600.0000	0.0000	196.4691	2950.2446
200.0000	1.2180	0.0000	600.0000	0.0000	185.2235	2951.5224
200.0000	1.2180	0.0000	600.0000	0.0000	189.0225	2952.8256
200.0000	1.2180	0.0000	600.0000	0.0000	190.9818	2954.1752
200.0000	1.2180	0.0000	600.0000	0.0000	189.5889	2955.4511
200.0000	1.2180	0.0000	600.0000	0.0000	198.3238	2956.8342
200.0000	1.2180	0.0000	600.0000	0.0000	185.4084	2958.1032
200.0000	1.2180	0.0000	600.0000	0.0000	195.0746	2959.4462
200.0000	1.2180	0.0000	600.0000	0.0000	189.5403	2960.7604
200.0000	1.2180	0.0000	600.0000	0.0000	190.6687	2962.0649
200.0000	1.2180	0.0000	600.0000	0.0000	194.1054	2963.4304
200.0000	1.2180	0.0000	600.0000	0.0000	183.5158	2964.6752
200.0000	1.2180	0.0000	600.0000	0.0000	194.5376	2966.0458
200.0000	1.2180	0.0000	600.0000	0.0000	188.7220	2967.3291
200.0000	1.2180	0.0000	600.0000	0.0000	195.4520	2968.6865
200.0000	1.2180	0.0000	600.0000	0.0000	191.5613	2970.0161
200.0000	1.2180	0.0000	600.0000	0.0000	186.5149	2971.2790
200.0000	1.2180	0.0000	600.0000	0.0000	195.7263	2972.6535
200.0000	1.2180	0.0000	600.0000	0.0000	186.3456	2973.9221
200.0000	1.2180	0.0000	600.0000	0.0000	195.9041	2975.2922
200.0000	1.2180	0.0000	600.0000	0.0000	186.0892	2976.5815
200.0000	1.2180	0.0000	600.0000	0.0000	191.2722	2977.8759
200.0000	1.2180	0.0000	600.0000	0.0000	194.9926	2979.2343
200.0000	1.2180	0.0000	600.0000	0.0000	189.2830	2980.5083
200.0000	1.2180	0.0000	600.0000	0.0000	198.6576	2981.9099
200.0000	1.2180	0.0000	600.0000	0.0000	185.7735	2983.1667
200.0000	1.2180	0.0000	600.0000	0.0000	193.9789	2984.5019
200.0000	1.2180	0.0000	600.0000	0.0000	190.6659	2985.8259
200.0000	1.2180	0.0000	600.0000	0.0000	189.9373	2987.1240
200.0000	1.2180	0.0000	600.0000	0.0000	194.4135	2988.4965
200.0000	1.2180	0.0000	600.0000	0.0000	186.6461	2989.7429
200.0000	1.2180	0.0000	600.0000	0.0000	197.5999	2991.1083
200.0000	1.2180	0.0000	600.0000	0.0000	189.2243	2992.4001
200.0000	1.2180	0.0000	600.0000	0.0000	194.9644	2993.7519
200.0000	1.2180	0.0000	600.0000	0.0000	192.1041	2995.0905
200.0000	1.2180	0.0000	600.0000	0.0000	185.7625	2996.3476
200.0000	1.2180	0.0000	600.0000	0.0000	195.6221	2997.7246
200.0000	1.2180	0.0000	600.0000	0.0000	185.8601	2998.9978
200.0000	1.2180	0.0000	600.0000	0.0000	198.6000	3000.3630
200.0000	1.2180	0.0000	600.0000	0.0000	189.2909	3001.6779
200.0000	1.2180	0.0000	600.0000	0.0000	189.9519	3002.9685
200.0000	1.2180	0.0000	600.0000	0.0000	194.3963	3004.3303
200.0000	1.2180	0.0000	600.0000	0.0000	187.4631	3005.6018
200.0000	1.2180	0.0000	600.0000	0.0000	197.1089	3006.9870
200.0000	1.2180	0.0000	600.0000	0.0000	184.6231	3008.2475
200.0000	1.2180	0.0000	600.0000	0.0000	191.8331	3009.5795
200.0000	1.2180	0.0000	600.0000	0.0000	192.2999	3010.9094
200.0000	1.2180	0.0000	600.0000	0.0000	191.0611	3012.2028
200.0000	1.2180	0.0000	600.0000	0.0003013.5976
200.0000	1.2180	0.0000	600.0000	0.0000	185.0363	3014.8452
200.0000	1.2180	0.0000	600.0000	0.0000	196.3407	3016.2102
200.000	196.6287	00	1.2180	0.0000	600.0000	0.0000	188.0221	3017.504200.0000	1.2180	0.0000	600.0000	0.0000	192.0765	3018.8352
8
200.0000	1.2180	0.0000	600.0000	0.0000	194.0088	3020.1789
200.0000	1.2180	0.0000	600.0000	0.0000	187.1724	3021.4528
200.0000	1.2180	0.0000	600.0000	0.0000	197.1331	3022.8315
200.0000	1.2180	0.0000	600.0000	0.0000	187.4592	3024.1044
200.0000	1.2180	0.0000	600.0000	0.0000	196.3593	3025.4680
200.0000	1.2180	0.0000	600.0000	0.0000	187.9186	3026.7692
200.0000	1.2180	0.0000	600.0000	0.0000	191.1833	3028.0566
200.0000	1.2180	0.0000	600.0000	0.0000	195.7329	3029.4211
200.0000	1.2180	0.0000	600.0000	0.0000	188.8029	3030.6940
200.0000	1.2180	0.0000	600.0000	0.0000	198.5710	3032.0964
200.0000	1.2180	0.0000	600.0000	0.0000	186.1243	3033.3610
200.0000	1.2180	0.0000	600.0000	0.0000	193.4643	3034.6879
200.0000	1.2180	0.0000	600.0000	0.0000	191.5823	3036.0214
200.0000	1.2180	0.0000	600.0000	0.0000	189.2289	3037.3139
200.0000	1.2180	0.0000	600.0000	0.0000	195.4046	3038.6933
200.0000	1.2180	0.0000	600.0000	0.0000	183.1797	3039.9399
200.0000	1.2180	0.0000	600.0000	0.0000	197.8389	3041.3044
200.0000	1.2180	0.0000	600.0000	0.0000	189.5266	3042.6018
200.0000	1.2180	0.0000	600.0000	0.0000	194.0322	3043.9472
200.0000	1.2180	0.0000	600.0000	0.0000	192.9755	3045.2944
200.0000	1.2180	0.0000	600.0000	0.0000	185.6399	3046.5515
200.0000	1.2180	0.0000	600.0000	0.0000	195.9405	3047.9289
200.0000	1.2180	0.0000	600.0000	0.0000	186.1007	3049.2028
200.0000	1.2180	0.0000	600.0000	0.0000	198.2874	3050.5664
200.0000	1.2180	0.0000	600.0000	0.0000	190.1383	3051.8728
200.0000	1.2180	0.0000	600.0000	0.0000	189.9640	3053.1748
200.0000	1.2180	0.0000	600.0000	0.0000	195.5771	3054.5419
200.0000	1.2180	0.0000	600.0000	0.0000	187.5021	3055.8125
200.0000	1.2180	0.0000	600.0000	0.0000	197.6090	3057.1970
200.0000	1.2180	0.0000	600.0000	0.0000	185.4760	3058.4655
200.0000	1.2180	0.0000	600.0000	0.0000	191.3761	3059.7910
200.0000	1.2180	0.0000	600.0000	0.0000	193.3017	3061.1281
200.0000	1.2180	0.0000	600.0000	0.0000	190.7980	3062.4375
200.0000	1.2180	0.0000	600.0000	0.0000	196.6519	3063.8161
200.0000	1.2180	0.0000	600.0000	0.0000	184.4895	3065.0654
200.0000	1.2180	0.0000	600.0000	0.0000	195.0887	3066.4270
200.0000	1.2180	0.0000	600.0000	0.0000	187.6966	3067.7280
200.0000	1.2180	0.0000	600.0000	0.0000	195.3050	3069.0541
200.0000	1.2180	0.0000	600.0000	0.0000	194.1029	3070.4040
200.0000	1.2180	0.0000	600.0000	0.0000	186.8114	3071.6777
200.0000	1.2180	0.0000	600.0000	0.0000	197.1279	3073.0568
200.0000	1.2180	0.0000	600.0000	0.0000	187.3312	3074.3315
200.0000	1.2180	0.0000	600.0000	0.0000	196.4608	3075.6928
200.0000	1.2180	0.0000	600.0000	0.0000	188.8613	3077.0002
200.0000	1.2180	0.0000	600.0000	0.0000	188.0937	3078.2856
200.0000	1.2180	0.0000	600.0000	0.0000	193.6974	3079.6540
200.0000	1.2180	0.0000	600.0000	0.0000	189.3219	3080.9252
200.0000	1.2180	0.0000	600.0000	0.0000	199.5794	3082.3100
200.0000	1.2180	0.0000	600.0000	0.0000	187.4034	3083.5798
200.0000	1.2180	0.0000	600.0000	0.0000	193.6211	3084.9020
200.0000	1.2180	0.0000	600.0000	0.0000	192.6794	3086.2597
200.0000	1.2180	0.0000	600.0000	0.0000	189.7283	3087.5485
200.0000	1.2180	0.0000	600.0000	0.0000	196.2272	3088.9311
200.0000	1.2180	0.0000	600.0000	0.0000	184.1050	3090.1806
200.0000	1.2180	0.0000	600.0000	0.0000	194.5022	3091.5419
200.0000	1.2180	0.0000	600.0000	0.0000	187.7762	3092.8447
200.0000	1.2180	0.0000	600.0000	0.0000	194.8470	3094.1677
200.0000	1.2180	0.0000	600.0000	0.0000	194.6182	3095.5212
200.0000	1.2180	0.0000	600.0000	0.0000	186.9467	3096.7751
200.0000	1.2180	0.0000	600.0000	0.0000	197.5407	3098.1718
200.0000	1.2180	0.0000	600.0000	0.0000	187.7800	3099.4484
200.0000	1.2180	0.0000	600.0000	0.0000	196.5178	3100.8090
200.0000	1.2180	0.0000	600.0000	0.0000	189.1277	3102.1176
200.0000	1.2180	0.0000	600.0000	0.0000	187.7319	3103.4003
200.0000	1.2180	0.0000	600.0000	0.0000	194.1732	3104.7714
200.0000	1.2180	0.0000	600.0000	0.0000	186.1377	3106.0434
200.0000	1.2180	0.0000	600.0000	0.0000	196.3339	3107.4272
200.0000	1.2180	0.0000	600.0000	0.0000	187.6434	3108.6979
200.0000	1.2180	0.0000	600.0000	0.0000	194.0523	3110.0202
200.0000	1.2180	0.0000	600.0000	0.0000	192.8983	3111.3603
200.0000	1.2180	0.0000	600.0000	0.0000	190.1653	3112.6667
200.0000	1.2180	0.0000	600.0000	0.0000	197.0001	3114.0485
200.0000	1.2180	0.0000	600.0000	0.0000	184.9160	3115.2998
200.0000	1.2180	0.0000	600.0000	0.0000	195.5427	3116.6594
200.0000	1.2180	0.0000	600.0000	0.0000	188.7947	3117.9633
200.0000	1.2180	0.0000	600.0000	0.0000	192.0656	3119.2863
200.0000	1.2180	0.0000	600.0000	0.0000	192.0367	3120.6403
200.0000	1.2180	0.0000	600.0000	0.0000	187.2861	3121.8940
200.0000	1.2180	0.0000	600.0000	0.0000	198.1122	3123.2734
200.0000	1.2180	0.0000	600.0000	0.0000	188.2178	3124.5683
200.0000	1.2180	0.0000	600.0000	0.0000	196.5854	3125.9270
200.0000	1.2180	0.0000	600.0000	0.0000	189.4889	3127.2390
200.0000	1.2180	0.0000	600.0000	0.0000	187.9386	3128.5205
200.0000	1.2180	0.0000	600.0000	0.0000	194.1516	3129.8903
200.0000	1.2180	0.0000	600.0000	0.0000	186.1265	3131.1623
200.0000	1.2180	0.0000	600.0000	0.0000	199.6751	3132.5456
200.0000	1.2180	0.0000	600.0000	0.0000	188.0501	3133.8205
200.0000	1.2180	0.0000	600.0000	0.0000	193.9615	3135.1401
200.0000	1.2180	0.0000	600.0000	0.0000	193.2604	3136.4982
200.0000	1.2180	0.0000	600.0000	0.0000	190.1385	3137.7873
200.0000	1.2180	0.0000	600.0000	0.0000	197.1166	3139.1701
200.0000	1.2180	0.0000	600.0000	0.0000	184.7996	3140.4204
200.0000	1.2180	0.0000	600.0000	0.0000	195.5846	3141.7788
200.0000	1.2180	0.0000	600.0000	0.0000	188.6408	3143.0830
200.0000	1.2180	0.0000	600.0000	0.0000	191.7901	3144.4052
200.0000	1.2180	0.0000	600.0000	0.0000	192.5819	3145.7609
200.0000	1.2180	0.0000	600.0000	0.0000	184.1464	3147.0141
200.0000	1.2180	0.0000	600.0000	0.0000	195.3447	3148.3933
200.0000	1.2180	0.0000	600.0000	0.0000	186.1223	3149.6721
200.0000	1.2180	0.0000	600.0000	0.0000	197.8121	3151.0283
200.0000	1.2180	0.0000	600.0000	0.0000	191.0629	3152.3439
200.0000	1.2180	0.0000	600.0000	0.0000	189.5042	3153.6225
200.0000	1.2180	0.0000	600.0000	0.0000	196.2435	3154.9946
200.0000	1.2180	0.0000	600.0000	0.0000	188.2114	3156.2856
200.0000	1.2180	0.0000	600.0000	0.0000	198.2676	3157.6684
200.0000	1.2180	0.0000	600.0000	0.0000	186.4293	3158.9423
200.0000	1.2180	0.0000	600.0000	0.0000	191.4485	3160.2604
200.0000	1.2180	0.0000	600.0000	0.0000	191.9120	3161.6035
200.0000	1.2180	0.0000	600.0000	0.0000	188.0713	3162.8901
Target: 220.000
220.0000	1.2180	0.0000	600.0000	0.0000	197.7685	3164.2937
220.0000	1.2180	0.0000	600.0000	0.0000	189.7815	3166.3698
220.0000	1.2180	0.0000	600.0000	0.0000	192.7330	3167.7155
220.0000	1.2180	0.0000	600.0000	0.0000	185.8209	3168.9750
220.0000	1.2180	0.0000	600.0000	0.0000	195.5429	3170.3469
220.0000	1.2180	0.0000	600.0000	0.0000	183.0462	3171.5954
220.0000	1.2180	0.0000	600.0000	0.0000	189.9280	3172.9116
220.0000	1.2180	0.0000	600.0000	0.0000	188.4262	3174.2331
220.0000	1.2180	0.0000	600.0000	0.0000	189.3146	3175.5095
220.0000	1.2180	0.0000	600.0000	0.0000	195.9554	3176.8776
220.0000	1.2180	0.0000	600.0000	0.0000	183.8376	3178.1320
220.0000	1.2180	0.0000	600.0000	0.0000	194.3162	3179.4785
220.0000	1.2180	0.0000	600.0000	0.0000	187.4969	3180.7714
220.0000	1.2180	0.0000	600.0000	0.0000	190.4661	3182.0776
220.0000	1.2180	0.0000	600.0000	0.0000	191.5192	3183.4250
220.0000	1.2180	0.0000	600.0000	0.0000	185.4275	3184.6630
220.0000	1.2180	0.0000	600.0000	0.0000	196.2791	3186.0270
220.0000	1.2180	0.0000	600.0000	0.0000	187.0428	3187.3156
220.0000	1.2180	0.0000	600.0000	0.0000	194.3172	3188.6538
220.0000	1.2180	0.0000	600.0000	0.0000	189.3372	3189.9692
220.0000	1.2180	0.0000	600.0000	0.0000	185.2551	3191.2263
220.0000	1.2180	0.0000	600.0000	0.0000	193.7878	3192.5922
220.0000	1.2180	0.0000	600.0000	0.0000	184.9316	3193.8535
220.0000	1.2180	0.0000	600.0000	0.0000	198.0595	3195.2167
220.0000	1.2180	0.0000	600.0000	0.0000	187.7494	3196.4965
220.0000	1.2180	0.0000	600.0000	0.0000	189.7544	3197.8024
220.0000	1.2180	0.0000	600.0000	0.0000	193.2341	3199.1523
220.0000	1.2180	0.0000	600.0000	0.0000	186.6637	3200.4187
220.0000	1.2180	0.0000	600.0000	0.0000	196.0488	3201.7954
220.0000	1.2180	0.0000	600.0000	0.0000	183.0862	3203.0463
220.0000	1.2180	0.0000	600.0000	0.0000	190.6571	3204.3725
220.0000	1.2180	0.0000	600.0000	0.0000	191.2284	3205.6936
220.0000	1.2180	0.0000	600.0000	0.0000	189.9030	3206.9985
220.0000	1.2180	0.0000	600.0000	0.0000	195.2370	3208.3662
220.0000	1.2180	0.0000	600.0000	0.0000	183.7056	3209.6074
220.0000	1.2180	0.0000	600.0000	0.0000	194.5127	3210.9628
220.0000	1.2180	0.0000	600.0000	0.0000	186.9214	3212.2541
220.0000	1.2180	0.0000	600.0000	0.0000	194.1790	3213.5712
220.0000	1.2180	0.0000	600.0000	0.0000	193.1626	3214.9147
220.0000	1.2180	0.0000	600.0000	0.0000	185.2064	3216.1799
220.0000	1.2180	0.0000	600.0000	0.0000	195.6393	3217.5505
220.0000	1.2180	0.0000	600.0000	0.0000	186.0281	3218.8203
220.0000	1.2180	0.0000	600.0000	0.0000	194.3265	3220.1716
220.0000	1.2180	0.0000	600.0000	0.0000	190.1951	3221.4758
220.0000	1.2180	0.0000	600.0000	0.0000	188.7514	3222.7487
220.0000	1.2180	0.0000	600.0000	0.0000	195.4216	3224.1147
220.0000	1.2180	0.0000	600.0000	0.0000	187.0574	3225.3957
220.0000	1.2180	0.0000	600.0000	0.0000	196.8543	3226.7717
220.0000	1.2180	0.0000	600.0000	0.0000	185.3511	3228.0405
220.0000	1.2180	0.0000	600.0000	0.0000	189.5965	3229.3486
220.0000	1.2180	0.0000	600.0000	0.0000	193.3791	3230.6894
220.0000	1.2180	0.0000	600.0000	0.0000	189.1356	3231.9655
220.0000	1.2180	0.0000	600.0000	0.0000	196.7092	3233.3630
220.0000	1.2180	0.0000	600.0000	0.0000	184.3036	3234.6091
220.0000	1.2180	0.0000	600.0000	0.0000	194.2801	3235.9567
220.0000	1.2180	0.0000	600.0000	0.0000	188.6393	3237.2622
220.0000	1.2180	0.0000	600.0000	0.0000	189.9627	3238.5676
220.0000	1.2180	0.0000	600.0000	0.0000	195.5971	3239.9277
220.0000	1.2180	0.0000	600.0000	0.0000	186.0182	3241.1726
220.0000	1.2180	0.0000	600.0000	0.0000	197.2970	3242.5412
220.0000	1.2180	0.0000	600.0000	0.0000	188.0658	3243.8383
220.0000	1.2180	0.0000	600.0000	0.0000	195.0833	3245.1806
220.0000	1.2180	0.0000	600.0000	0.0000	190.4963	3246.5024
220.0000	1.2180	0.0000	600.0000	0.0000	186.1996	3247.7656
220.0000	1.2180	0.0000	600.0000	0.0000	194.7327	3249.1374
220.0000	1.2180	0.0000	600.0000	0.0000	185.5486	3250.4052
220.0000	1.2180	0.0000	600.0000	0.0000	195.7322	3251.7763
220.0000	1.2180	0.0000	600.0000	0.0000	188.5590	3253.0595
220.0000	1.2180	0.0000	600.0000	0.0000	190.8645	3254.3549
220.0000	1.2180	0.0000	600.0000	0.0000	193.9898	3255.7265
220.0000	1.2180	0.0000	600.0000	0.0000	188.0104	3256.9995
220.0000	1.2180	0.0000	600.0000	0.0000	197.2607	3258.3815
220.0000	1.2180	0.0000	600.0000	0.0000	184.3465	3259.6364
220.0000	1.2180	0.0000	600.0000	0.0000	192.6376	3260.9709
220.0000	1.2180	0.0000	600.0000	0.0000	188.8717	3262.2917
220.0000	1.2180	0.0000	600.0000	0.0000	191.6297	3263.5878
220.0000	1.2180	0.0000	600.0000	0.0000	196.1078	3264.9770
220.0000	1.2180	0.0000	600.0000	0.0000	184.8459	3266.2202
220.0000	1.2180	0.0000	600.0000	0.0000	195.9669	3267.5869
220.0000	1.2180	0.0000	600.0000	0.0000	187.3873	3268.8754
220.0000	1.2180	0.0000	600.0000	0.0000	192.4528	3270.2077
220.0000	1.2180	0.0000	600.0000	0.0000	193.1576	3271.5441
220.0000	1.2180	0.0000	600.0000	0.0000	187.2842	3272.8203
220.0000	1.2180	0.0000	600.0000	0.0000	196.7710	3274.1770
220.0000	1.2180	0.0000	600.0000	0.0000	187.5323	3275.4648
220.0000	1.2180	0.0000	600.0000	0.0000	196.5773	3276.8303
220.0000	1.2180	0.0000	600.0000	0.0000	187.4644	3278.1259
220.0000	1.2180	0.0000	600.0000	0.0000	187.7803	3279.4135
220.0000	1.2180	0.0000	600.0000	0.0000	192.3236	3280.7758
220.0000	1.2180	0.0000	600.0000	0.0000	188.8677	3282.0456
220.0000	1.2180	0.0000	600.0000	0.0000	198.4951	3283.4472
220.0000	1.2180	0.0000	600.0000	0.0000	185.5575	3284.7082
220.0000	1.2180	0.0000	600.0000	0.0000	193.1421	3286.0368
220.0000	1.2180	0.0000	600.0000	0.0000	190.6467	3287.3654
220.0000	1.2180	0.0000	600.0000	0.0000	188.7703	3288.6574
220.0000	1.2180	0.0000	600.0000	0.0000	194.5295	3290.0329
220.0000	1.2180	0.0000	600.0000	0.0000	182.9624	3291.2785
220.0000	1.2180	0.0000	600.0000	0.0000	197.4454	3292.6411
220.0000	1.2180	0.0000	600.0000	0.0000	189.5504	3293.9372
220.0000	1.2180	0.0000	600.0000	0.0000	194.2218	3295.2807
220.0000	1.2180	0.0000	600.0000	0.0000	193.0044	3296.6264
220.0000	1.2180	0.0000	600.0000	0.0000	185.5999	3297.8803
220.0000	1.2180	0.0000	600.0000	0.0000	195.5212	3299.2573
220.0000	1.2180	0.0000	600.0000	0.0000	186.0174	3300.5300
220.0000	1.2180	0.0000	600.0000	0.0000	198.1492	3301.8903
220.0000	1.2180	0.0000	600.0000	0.0000	190.0710	3303.1965
220.0000	1.2180	0.0000	600.0000	0.0000	189.4847	3304.4968
220.0000	1.2180	0.0000	600.0000	0.0000	195.2244	3305.8620
220.0000	1.2180	0.0000	600.0000	0.0000	187.8924	3307.1323
220.0000	1.2180	0.0000	600.0000	0.0000	197.7487	3308.5158
220.0000	1.2180	0.0000	600.0000	0.0000	185.6295	3309.7817
220.0000	1.2180	0.0000	600.0000	0.0000	191.8396	3311.1052
220.0000	1.2180	0.0000	600.0000	0.0000	190.9141	3312.4409
220.0000	1.2180	0.0000	600.0000	0.0000	187.5902	3313.7275
220.0000	1.2180	0.0000	600.0000	0.0000	198.3482	3315.1101
220.0000	1.2180	0.0000	600.0000	0.0000	185.7102	3316.3745
220.0000	1.2180	0.0000	600.0000	0.0000	196.4103	3317.7336
220.0000	1.2180	0.0000	600.0000	0.0000	189.0739	3319.0351
220.0000	1.2180	0.0000	600.0000	0.0000	192.2067	3320.3544
220.0000	1.2180	0.0000	600.0000	0.0000	192.0799	3321.7070
220.0000	1.2180	0.0000	600.0000	0.0000	187.1194	3322.9587
220.0000	1.2180	0.0000	600.0000	0.0000	198.2663	3324.3366
220.0000	1.2180	0.0000	600.0000	0.0000	188.4578	3325.6137
220.0000	1.2180	0.0000	600.0000	0.0000	197.2020	3326.9885
220.0000	1.2180	0.0000	600.0000	0.0000	189.8341	3328.2980
220.0000	1.2180	0.0000	600.0000	0.0000	188.1613	3329.5771
220.0000	1.2180	0.0000	600.0000	0.0000	194.4435	3330.9470
220.0000	1.2180	0.0000	600.0000	0.0000	186.4211	3332.2177
220.0000	1.2180	0.0000	600.0000	0.0000	196.5730	3333.5988
220.0000	1.2180	0.0000	600.0000	0.0000	187.7314	3334.8706
220.0000	1.2180	0.0000	600.0000	0.0000	193.7472	3336.1884
220.0000	1.2180	0.0000	600.0000	0.0000	193.4543	3337.5312
220.0000	1.2180	0.0000	600.0000	0.0000	190.0376	3338.8334
220.0000	1.2180	0.0000	600.0000	0.0000	197.1410	3340.2163
220.0000	1.2180	0.0000	600.0000	0.0000	184.6972	3341.4672
220.0000	1.2180	0.0000	600.0000	0.0000	195.3931	3342.8222
220.0000	1.2180	0.0000	600.0000	0.0000	188.6658	3344.1284
220.0000	1.2180	0.0000	600.0000	0.0000	191.3789	3345.4460
220.0000	1.2180	0.0000	600.0000	0.0000	195.6410	3346.8029
220.0000	1.2180	0.0000	600.0000	0.0000	186.6360	3348.0534
220.0000	1.2180	0.0000	600.0000	0.0000	197.7407	3349.4306
220.0000	1.2180	0.0000	600.0000	0.0000	187.9888	3350.7275
220.0000	1.2180	0.0000	600.0000	0.0000	195.7458	3352.0812
220.0000	1.2180	0.0000	600.0000	0.0000	189.1994	3353.3972
220.0000	1.2180	0.0000	600.0000	0.0000	186.6909	3354.6730
220.0000	1.2180	0.0000	600.0000	0.0000	193.8017	3356.0463
220.0000	1.2180	0.0000	600.0000	0.0000	189.1957	3357.3176
220.0000	1.2180	0.0000	600.0000	0.0000	199.1700	3358.6967
220.0000	1.2180	0.0000	600.0000	0.0000	187.2844	3359.9895
220.0000	1.2180	0.0000	600.0000	0.0000	191.8665	3361.3051
220.0000	1.2180	0.0000	600.0000	0.0000	192.3725	3362.6496
220.0000	1.2180	0.0000	600.0000	0.0000	188.4633	3363.9340
220.0000	1.2180	0.0000	600.0000	0.0000	196.0554	3365.3181
220.0000	1.2180	0.0000	600.0000	0.0000	186.5661	3366.5683
220.0000	1.2180	0.0000	600.0000	0.0000	197.0410	3367.9228
220.0000	1.2180	0.0000	600.0000	0.0000	190.7489	3369.2331
220.0000	1.2180	0.0000	600.0000	0.0000	192.8799	3370.5659
220.0000	1.2180	0.0000	600.0000	0.0000	194.1192	3371.9250
220.0000	1.2180	0.0000	600.0000	0.0000	185.0648	3373.1774
220.0000	1.2180	0.0000	600.0000	0.0000	195.8610	3374.5529
220.0000	1.2180	0.0000	600.0000	0.0000	186.2571	3375.8334
220.0000	1.2180	0.0000	600.0000	0.0000	197.2628	3377.1857
220.0000	1.2180	0.0000	600.0000	0.0000	191.0091	3378.5214
220.0000	1.2180	0.0000	600.0000	0.0000	188.1704	3379.7973
220.0000	1.2180	0.0000	600.0000	0.0000	195.5074	3381.1708
220.0000	1.2180	0.0000	600.0000	0.0000	186.7779	3382.4416
220.0000	1.2180	0.0000	600.0000	0.0000	196.4479	3383.8212
220.0000	1.2180	0.0000	600.0000	0.0000	188.3195	3385.0976
220.0000	1.2180	0.0000	600.0000	0.0000	192.9968	3386.4113
220.0000	1.2180	0.0000	600.0000	0.0000	193.9127	3387.7602
220.0000	1.2180	0.0000	600.0000	0.0000	189.4046	3389.0605
220.0000	1.2180	0.0000	600.0000	0.0000	197.2917	3390.4462
220.0000	1.2180	0.0000	600.0000	0.0000	184.4251	3391.6972
220.0000	1.2180	0.0000	600.0000	0.0000	194.7379	3393.0512
220.0000	1.2180	0.0000	600.0000	0.0000	188.5895	3394.3613
220.0000	1.2180	0.0000	600.0000	0.0000	194.1355	3395.6755
220.0000	1.2180	0.0000	600.0000	0.0000	195.1342	3397.0539
220.0000	1.2180	0.0000	600.0000	0.0000	185.6123	3398.3051
220.0000	1.2180	0.0000	600.0000	0.0000	196.9585	3399.6818
220.0000	1.2180	0.0000	600.0000	0.0000	187.1584	3400.9638
220.0000	1.2180	0.0000	600.0000	0.0000	194.7527	3402.3166
220.0000	1.2180	0.0000	600.0000	0.0000	192.0849	3403.6364
220.0000	1.2180	0.0000	600.0000	0.0000	189.0667	3404.9094
220.0000	1.2180	0.0000	600.0000	0.0000	196.3543	3406.3017
220.0000	1.2180	0.0000	600.0000	0.0000	187.7218	3407.5732
220.0000	1.2180	0.0000	600.0000	0.0000	198.1031	3408.9533
220.0000	1.2180	0.0000	600.0000	0.0000	186.4531	3410.2321
220.0000	1.2180	0.0000	600.0000	0.0000	191.0639	3411.5449
220.0000	1.2180	0.0000	600.0000	0.0000	191.9156	3412.8933
220.0000	1.2180	0.0000	600.0000	0.0000	190.8485	3414.1762
220.0000	1.2180	0.0000	600.0000	0.0000	198.2857	3415.5612
220.0000	1.2180	0.0000	600.0000	0.0000	185.8383	3416.8317
220.0000	1.2180	0.0000	600.0000	0.0000	195.8681	3418.1853
220.0000	1.2180	0.0000	600.0000	0.0000	190.1128	3419.4960
220.0000	1.2180	0.0000	600.0000	0.0000	191.7366	3420.8110
220.0000	1.2180	0.0000	600.0000	0.0000	193.5356	3422.1728
220.0000	1.2180	0.0000	600.0000	0.0000	187.0262	3423.4238
220.0000	1.2180	0.0000	600.0000	0.0000	198.5155	3424.8020
220.0000	1.2180	0.0000	600.0000	0.0000	188.6431	3426.1000
220.0000	1.2180	0.0000	600.0000	0.0000	196.2021	3427.4538
220.0000	1.2180	0.0000	600.0000	0.0000	190.1756	3428.7731
220.0000	1.2180	0.0000	600.0000	0.0000	186.9702	3430.0473
220.0000	1.2180	0.0000	600.0000	0.0000	194.8446	3431.4223
220.0000	1.2180	0.0000	600.0000	0.0000	186.1316	3432.6923
220.0000	1.2180	0.0000	600.0000	0.0000	199.8158	3434.0742
220.0000	1.2180	0.0000	600.0000	0.0000	188.1185	3435.3540
220.0000	1.2180	0.0000	600.0000	0.0000	192.1907	3436.6845
220.0000	1.2180	0.0000	600.0000	0.0000	193.3455	3438.0314
220.0000	1.2180	0.0000	600.0000	0.0000	189.3143	3439.3156
220.0000	1.2180	0.0000	600.0000	0.0000	197.2515	3440.7009
220.0000	1.2180	0.0000	600.0000	0.0000	184.8966	3441.9538
220.0000	1.2180	0.0000	600.0000	0.0000	195.1021	3443.3056
220.0000	1.2180	0.0000	600.0000	0.0000	189.4208	3444.6184
220.0000	1.2180	0.0000	600.0000	0.0000	190.9775	3445.9326
220.0000	1.2180	0.0000	600.0000	0.0000	196.1364	3447.2963
220.0000	1.2180	0.0000	600.0000	0.0000	186.5701	3448.5468
220.0000	1.2180	0.0000	600.0000	0.0000	197.8466	3449.9423
220.0000	1.2180	0.0000	600.0000	0.0000	188.2126	3451.2241
220.0000	1.2180	0.0000	600.0000	0.0000	195.9443	3452.5771
220.0000	1.2180	0.0000	600.0000	0.0000	189.4916	3453.8977
220.0000	1.2180	0.0000	600.0000	0.0000	190.1256	3455.1726
220.0000	1.2180	0.0000	600.0000	0.0000	197.3426	3456.5471
220.0000	1.2180	0.0000	600.0000	0.0000	188.7071	3457.8186
220.0000	1.2180	0.0000	600.0000	0.0000	198.9194	3459.1984
220.0000	1.2180	0.0000	600.0000	0.0000	187.6091	3460.4953
220.0000	1.2180	0.0000	600.0000	0.0000	192.1251	3461.8088
220.0000	1.2180	0.0000	600.0000	0.0000	192.9144	3463.1577
220.0000	1.2180	0.0000	600.0000	0.0000	189.1386	3464.4418
220.0000	1.2180	0.0000	600.0000	0.0000	196.6338	3465.8276
220.0000	1.2180	0.0000	600.0000	0.0000	183.9092	3467.0800
220.0000	1.2180	0.0000	600.0000	0.0000	193.7190	3468.4323
220.0000	1.2180	0.0000	600.0000	0.0000	191.4181	3469.7448
220.0000	1.2180	0.0000	600.0000	0.0000	193.5836	3471.0588
220.0000	1.2180	0.0000	600.0000	0.0000	195.2895	3472.4394
220.0000	1.2180	0.0000	600.0000	0.0000	186.1860	3473.6918
220.0000	1.2180	0.0000	600.0000	0.0000	197.0803	3475.0683
220.0000	1.2180	0.0000	600.0000	0.0000	187.7526	3476.3503
220.0000	1.2180	0.0000	600.0000	0.0000	195.2433	3477.7041
220.0000	1.2180	0.0000	600.0000	0.0000	189.5366	3479.0249
220.0000	1.2180	0.0000	600.0000	0.0000	189.9470	3480.2995
220.0000	1.2180	0.0000	600.0000	0.0000	197.1443	3481.6743
220.0000	1.2180	0.0000	600.0000	0.0000	188.5028	3482.9453
220.0000	1.2180	0.0000	600.0000	0.0000	198.7323	3484.3447
220.0000	1.2180	0.0000	600.0000	0.0000	187.3518	3485.6240
220.0000	1.2180	0.0000	600.0000	0.0000	191.5015	3486.9362
220.0000	1.2180	0.0000	600.0000	0.0000	192.5363	3488.2854
220.0000	1.2180	0.0000	600.0000	0.0000	188.4916	3489.5683
220.0000	1.2180	0.0000	600.0000	0.0000	196.3528	3490.9550
220.0000	1.2180	0.0000	600.0000	0.0000	186.5272	3492.2075
220.0000	1.2180	0.0000	600.0000	0.0000	197.1493	3493.5612
220.0000	1.2180	0.0000	600.0000	0.0000	191.1862	3494.8747
220.0000	1.2180	0.0000	600.0000	0.0000	193.1363	3496.2077
220.0000	1.2180	0.0000	600.0000	0.0000	194.6431	3497.5686
220.0000	1.2180	0.0000	600.0000	0.0000	185.4802	3498.8208
220.0000	1.2180	0.0000	600.0000	0.0000	196.6197	3500.1979
220.0000	1.2180	0.0000	600.0000	0.0000	187.0953	3501.4804
220.0000	1.2180	0.0000	600.0000	0.0000	197.8794	3502.8317
220.0000	1.2180	0.0000	600.0000	0.0000	191.7377	3504.1545
220.0000	1.2180	0.0000	600.0000	0.0000	188.9672	3505.4475
220.0000	1.2180	0.0000	600.0000	0.0000	196.3625	3506.8205
220.0000	1.2180	0.0000	600.0000	0.0000	187.9359	3508.0932
220.0000	1.2180	0.0000	600.0000	0.0000	197.7329	3509.4743
220.0000	1.2180	0.0000	600.0000	0.0000	186.2349	3510.7524
220.0000	1.2180	0.0000	600.0000	0.0000	190.1705	3512.0659
220.0000	1.2180	0.0000	600.0000	0.0000	194.6750	3513.4157
220.0000	1.2180	0.0000	600.0000	0.0000	190.3618	3514.6979
220.0000	1.2180	0.0000	600.0000	0.0000	198.2081	3516.1015
220.0000	1.2180	0.0000	600.0000	0.0000	185.4965	3517.3559
220.0000	1.2180	0.0000	600.0000	0.0000	195.9998	3518.7097
220.0000	1.2180	0.0000	600.0000	0.0000	189.7380	3520.0212
220.0000	1.2180	0.0000	600.0000	0.0000	191.2886	3521.3349
220.0000	1.2180	0.0000	600.0000	0.0000	193.2336	3522.6979
220.0000	1.2180	0.0000	600.0000	0.0000	187.2751	3523.9504
220.0000	1.2180	0.0000	600.0000	0.0000	198.5803	3525.3276
220.0000	1.2180	0.0000	600.0000	0.0000	189.1911	3526.6115
220.0000	1.2180	0.0000	600.0000	0.0000	196.4464	3527.9807
220.0000	1.2180	0.0000	600.0000	0.0000	190.5088	3529.1.2180	0.00220.0000	3010
00	600.0000	0.0000	187.7778	3530.5764
220.0000	1.2180	0.0000	600.0000	0.0000	195.1736	3531.9514
220.0000	1.2180	0.0000	600.0000	0.0000	186.3828	3533.2226
220.0000	1.2180	0.0000	600.0000	0.0000	196.3433	3534.6032
220.0000	1.2180	0.0000	600.0000	0.0000	188.5180	3535.8840
220.0000	1.2180	0.0000	600.0000	0.0000	192.8919	3537.1960
220.0000	1.2180	0.0000	600.0000	0.0000	193.9004	3538.5458
220.0000	1.2180	0.0000	600.0000	0.0000	189.4210	3539.8479
220.0000	1.2180	0.0000	600.0000	0.0000	197.4560	3541.2333
220.0000	1.2180	0.0000	600.0000	0.0000	184.8219	3542.4863
220.0000	1.2180	0.0000	600.0000	0.0000	195.1398	3543.8413
220.0000	1.2180	0.0000	600.0000	0.0000	189.1068	3545.1528
220.0000	1.2180	0.0000	600.0000	0.0000	190.8208	3546.4665
220.0000	1.2180	0.0000	600.0000	0.0000	196.2608	3547.8308
220.0000	1.2180	0.0000	600.0000	0.0000	187.1226	3549.0820
220.0000	1.2180	0.0000	600.0000	0.0000	198.1766	3550.4597
220.0000	1.2180	0.0000	600.0000	0.0000	188.8294	3551.7597
220.0000	1.2180	0.0000	600.0000	0.0000	196.5811	3553.1130
220.0000	1.2180	0.0000	600.0000	0.0000	190.5148	3554.4333
220.0000	1.2180	0.0000	600.0000	0.0000	187.9715	3555.7092
220.0000	1.2180	0.0000	600.0000	0.0000	195.2423	3557.0837
220.0000	1.2180	0.0000	600.0000	0.0000	186.7054	3558.3562
220.0000	1.2180	0.0000	600.0000	0.0000	196.5256	3559.7360
220.0000	1.2180	0.0000	600.0000	0.0000	188.7818	3561.0163
220.0000	1.2180	0.0000	600.0000	0.0000	192.8859	3562.3276
220.0000	1.2180	0.0000	600.0000	0.0000	194.2522	3563.6799
220.0000	1.2180	0.0000	600.0000	0.0000	190.0634	3564.9807
220.0000	1.2180	0.0000	600.0000	0.0000	197.7236	3566.3669
220.0000	1.2180	0.0000	600.0000	0.0000	184.9877	3567.6191
220.0000	1.2180	0.0000	600.0000	0.0000	195.0032	3568.9738
220.0000	1.2180	0.0000	600.0000	0.0000	189.3975	3570.2858
220.0000	1.2180	0.0000	600.0000	0.0000	191.1907	3571.6005
220.0000	1.2180	0.0000	600.0000	0.0000	193.2709	3572.9633
220.0000	1.2180	0.0000	600.0000	0.0000	187.1086	3574.2160
220.0000	1.2180	0.0000	600.0000	0.0000	198.3517	3575.5939
.0000	0.0000	188.6510	3576.8935
220.0000	1.2180	0.0000	1.218000	0.0000	195.9119	3578.2465
220.0000	600.00.0000	1.2180	0.0	0.0000	190.1892	3579.50	0.0000	600220.0000	1000	600.0000673
22.2180	0.0000	600.0000	0.0000	187.2069	3580.8422
220.0000	1.2180	0.0000	600.0000	0.0000	194.4588	3582.2182
220.0000	1.2180	0.0000	600.0000	0.0000	185.9074	3583.4904
220.0000	1.2180	0.0000	600.0000	0.0000	199.4483	3584.8698
220.0000	1.2180	0.0000	600.0000	0.0000	187.9150	3586.1672
220.0000	1.2180	0.0000	600.0000	0.0000	192.5676	3587.4826
220.0000	1.2180	0.0000	600.0000	0.0000	192.8307	3588.8303
220.0000	1.2180	0.0000	600.0000	0.0000	188.7697	3590.1142
220.0000	1.2180	0.0000	600.0000	0.0000	197.0333	3591.5009
220.0000	1.2180	0.0000	600.0000	0.0000	183.9338	3592.7536
220.0000	1.2180	0.0000	600.0000	0.0000	194.2014	3594.1086
220.0000	1.2180	0.0000	600.0000	0.0000	188.4044	3595.4201
220.0000	1.2180	0.0000	600.0000	0.0000	193.6915	3596.7341
220.0000	1.2180	0.0000	600.0000	0.0000	195.1491	3598.1154
220.0000	1.2180	0.0000	600.0000	0.0000	186.0785	3599.3691
220.0000	1.2180	0.0000	600.0000	0.0000	196.7784	3600.7458
220.0000	1.2180	0.0000	600.0000	0.0000	187.1963	3602.0270
220.0000	1.2180	0.0000	600.0000	0.0000	194.5432	3603.3815
220.0000	1.2180	0.0000	600.0000	0.0000	191.9980	3604.7026
220.0000	1.2180	0.0000	600.0000	0.0000	189.2219	3605.9965
220.0000	1.2180	0.0000	600.0000	0.0000	195.9269	3607.3703
220.0000	1.2180	0.0000	600.0000	0.0000	187.2121	3608.6416
220.0000	1.2180	0.0000	600.0000	0.0000	197.5599	3610.0244
220.0000	1.2180	0.0000	600.0000	0.0000	186.0130	3611.3022
220.0000	1.2180	0.0000	600.0000	0.0000	190.3922	3612.6162
220.0000	1.2180	0.0000	600.0000	0.0000	194.3053	3613.9645
220.0000	1.2180	0.0000	600.0000	0.0000	190.5780	3615.2495
220.0000	1.2180	0.0000	600.0000	0.0000	197.9650	3616.6530
220.0000	1.2180	0.0000	600.0000	0.0000	185.2534	3617.9060
220.0000	1.2180	0.0000	600.0000	0.0000	195.3926	3619.2602
220.0000	1.2180	0.0000	600.0000	0.0000	189.0450	3620.5712
220.0000	1.2180	0.0000	600.0000	0.0000	194.8008	3621.8891
220.0000	1.2180	0.0000	600.0000	0.0000	195.7893	3623.2497
220.0000	1.2180	0.0000	600.0000	0.0000	186.6542	3624.5202
220.0000	1.2180	0.0000	600.0000	0.0000	197.7400	3625.8981
220.0000	1.2180	0.0000	600.0000	0.0000	188.0262	3627.1794
220.0000	1.2180	0.0000	600.0000	0.0000	196.3386	3628.5354
220.0000	1.2180	0.0000	600.0000	0.0000	189.9382	3629.8535
220.0000	1.2180	0.0000	600.0000	0.0000	187.1394	3631.1308
220.0000	1.2180	0.0000	600.0000	0.0000	194.1076	3632.5048
220.0000	1.2180	0.0000	600.0000	0.0000	188.9840	3633.7770
220.0000	1.2180	0.0000	600.0000	0.0000	199.2075	3635.1591
220.0000	1.2180	0.0000	600.0000	0.0000	187.2937	3636.4531
220.0000	1.2180	0.0000	600.0000	0.0000	192.2436	3637.7727
220.0000	1.2180	0.0000	600.0000	0.0000	192.9718	3639.1179
220.0000	1.2180	0.0000	600.0000	0.0000	189.2328	3640.4050
220.0000	1.2180	0.0000	600.0000	0.0000	196.5689	3641.7890
220.0000	1.2180	0.0000	600.0000	0.0000	184.3264	3643.0415
220.0000	1.2180	0.0000	600.0000	0.0000	194.5809	3644.3979
220.0000	1.2180	0.0000	600.0000	0.0000	191.3762	3645.7075
220.0000	1.2180	0.0000	600.0000	0.0000	194.4467	3647.0261
220.0000	1.2180	0.0000	600.0000	0.0000	195.1404	3648.3859
220.0000	1.2180	0.0000	600.0000	0.0000	186.2194	3649.6574
220.0000	1.2180	0.0000	600.0000	0.0000	197.2471	3651.0361
220.0000	1.2180	0.0000	600.0000	0.0000	187.3847	3652.3154
220.0000	1.2180	0.0000	600.0000	0.0000	195.8308	3653.6735
220.0000	1.2180	0.0000	600.0000	0.0000	189.4037	3654.9897
220.0000	1.2180	0.0000	600.0000	0.0000	186.8179	3656.2690
220.0000	1.2180	0.0000	600.0000	0.0000	194.1145	3657.6425
220.0000	1.2180	0.0000	600.0000	0.0000	189.0154	3658.9140
220.0000	1.2180	0.0000	600.0000	0.0000	199.3337	3660.2980
220.0000	1.2180	0.0000	600.0000	0.0000	187.2723	3661.5910
220.0000	1.2180	0.0000	600.0000	0.0000	192.1422	3662.9091
220.0000	1.2180	0.0000	600.0000	0.0000	192.4754	3664.2541
220.0000	1.2180	0.0000	600.0000	0.0000	188.8821	3665.5419
Target: 240.000
240.0000	1.2180	0.0000	600.0000	0.0000	197.9495	3666.9440
240.0000	1.2180	0.0000	600.0000	0.0000	185.5243	3668.1960
240.0000	1.2180	0.0000	600.0000	0.0000	196.0324	3669.5549
240.0000	1.2180	0.0000	600.0000	0.0000	189.2628	3670.8610
240.0000	1.2180	0.0000	600.0000	0.0000	192.0684	3672.1828
240.0000	1.2180	0.0000	600.0000	0.0000	192.5985	3673.5405
240.0000	1.2180	0.0000	600.0000	0.0000	187.2632	3674.7944
240.0000	1.2180	0.0000	600.0000	0.0000	198.0674	3676.1926
240.0000	1.2180	0.0000	600.0000	0.0000	188.2720	3677.4711
240.0000	1.2180	0.0000	600.0000	0.0000	196.3423	3678.8308
240.0000	1.2180	0.0000	600.0000	0.0000	189.0765	3680.1437
240.0000	1.2180	0.0000	600.0000	0.0000	187.3982	3681.4255
240.0000	1.2180	0.0000	600.0000	0.0000	193.6860	3682.7968
240.0000	1.2180	0.0000	600.0000	0.0000	189.1413	3684.0700
240.0000	1.2180	0.0000	600.0000	0.0000	199.5129	3685.4541
240.0000	1.2180	0.0000	600.0000	0.0000	187.4461	3686.7465
240.0000	1.2180	0.0000	600.0000	0.0000	192.8479	3688.0661
240.0000	1.2180	0.0000	600.0000	0.0000	192.8117	3689.4099
240.0000	1.2180	0.0000	600.0000	0.0000	189.7018	3690.6979
240.0000	1.2180	0.0000	600.0000	0.0000	196.5835	3692.0820
240.0000	1.2180	0.0000	600.0000	0.0000	184.6898	3693.3344
240.0000	1.2180	0.0000	600.0000	0.0000	194.6037	3694.6926
240.0000	1.2180	0.0000	600.0000	0.0000	190.9663	3695.9990
240.0000	1.2180	0.0000	600.0000	0.0000	194.0170	3697.3391
240.0000	1.2180	0.0000	600.0000	0.0000	194.0631	3698.6950
240.0000	1.2180	0.0000	600.0000	0.0000	185.5641	3699.9501
240.0000	1.2180	0.0000	600.0000	0.0000	196.5566	3701.3300
240.0000	1.2180	0.0000	600.0000	0.0000	186.9858	3702.6079
240.0000	1.2180	0.0000	600.0000	0.0000	194.9643	3703.9692
240.0000	1.2180	0.0000	600.0000	0.0000	191.3248	3705.2824
240.0000	1.2180	0.0000	600.0000	0.0000	189.8948	3706.5625
240.0000	1.2180	0.0000	600.0000	0.0000	196.2268	3707.9521
240.0000	1.2180	0.0000	600.0000	0.0000	188.2069	3709.2250
240.0000	1.2180	0.0000	600.0000	0.0000	198.2129	3710.6103
240.0000	1.2180	0.0000	600.0000	0.0000	186.3604	3711.8818
240.0000	1.2180	0.0000	600.0000	0.0000	191.3253	3713.2045
240.0000	1.2180	0.0000	600.0000	0.0000	190.7221	3714.5461
240.0000	1.2180	0.0000	600.0000	0.0000	191.2209	3715.8354
240.0000	1.2180	0.0000	600.0000	0.0000	198.0190	3717.2189
240.0000	1.2180	0.0000	600.0000	0.0000	185.6854	3718.4875
240.0000	1.2180	0.0000	600.0000	0.0000	196.6251	3719.8486
240.0000	1.2180	0.0000	600.0000	0.0000	189.4680	3721.1525
240.0000	1.2180	0.0000	600.0000	0.0000	192.8575	3722.4768
240.0000	1.2180	0.0000	600.0000	0.0000	193.0501	3723.8315
240.0000	1.2180	0.0000	600.0000	0.0000	184.7702	3725.0869
240.0000	1.2180	0.0000	600.0000	0.0000	195.7353	3726.4663
240.0000	1.2180	0.0000	600.0000	0.0000	189.2772	3727.7441
240.0000	1.2180	0.0000	600.0000	0.0000	198.1586	3729.1047
240.0000	1.2180	0.0000	600.0000	0.0000	190.6881	3730.4177
240.0000	1.2180	0.0000	600.0000	0.0000	189.7322	3731.7177
240.0000	1.2180	0.0000	600.0000	0.0000	195.9899	3733.0883
240.0000	1.2180	0.0000	600.0000	0.0000	187.7716	3734.3613
240.0000	1.2180	0.0000	600.0000	0.0000	197.7819	3735.7460
240.0000	1.2180	0.0000	600.0000	0.0000	186.0974	3737.0180
240.0000	1.2180	0.0000	600.0000	0.0000	191.9433	3738.3415
240.0000	1.2180	0.0000	600.0000	0.0000	191.1231	3739.6823
240.0000	1.2180	0.0000	600.0000	0.0000	191.1421	3740.9704
240.0000	1.2180	0.0000	600.0000	0.0000	198.0529	3742.3547
240.0000	1.2180	0.0000	600.0000	0.0000	185.8285	3743.6237
240.0000	1.2180	0.0000	600.0000	0.0000	196.3550	3744.9848
240.0000	1.2180	0.0000	600.0000	0.0000	189.5481	3746.2890
240.0000	1.2180	0.0000	600.0000	0.0000	192.6059	3747.6130
240.0000	1.2180	0.0000	600.0000	0.0000	192.4498	3748.9682
240.0000	1.2180	0.0000	600.0000	0.0000	187.5720	3750.2231
240.0000	1.2180	0.0000	600.0000	0.0000	198.2866	3751.6020
240.0000	1.2180	0.0000	600.0000	0.0000	188.2616	3752.8974
240.0000	1.2180	0.0000	600.0000	0.0000	196.6146	3754.2592
240.0000	1.2180	0.0000	600.0000	0.0000	189.2675	3755.5698
240.0000	1.2180	0.0000	600.0000	0.0000	188.2240	3756.8532
240.0000	1.2180	0.0000	600.0000	0.0000	194.2569	3758.2224
240.0000	1.2180	0.0000	600.0000	0.0000	186.1572	3759.4956
240.0000	1.2180	0.0000	600.0000	0.0000	199.5659	3760.8808
240.0000	1.2180	0.0000	600.0000	0.0000	187.1693	3762.1696
240.0000	1.2180	0.0000	600.0000	0.0000	193.0780	3763.4946
240.0000	1.2180	0.0000	600.0000	0.0000	192.1077	3764.8337
240.0000	1.2180	0.0000	600.0000	0.0000	189.0193	3766.1247
240.0000	1.2180	0.0000	600.0000	0.0000	198.4495	3767.5068
240.0000	1.2180	0.0000	600.0000	0.0000	186.1383	3768.7749
240.0000	1.2180	0.0000	600.0000	0.0000	197.2182	3770.1379
240.0000	1.2180	0.0000	600.0000	0.0000	189.7104	3771.4401
240.0000	1.2180	0.0000	600.0000	0.0000	193.3924	3772.7670
240.0000	1.2180	0.0000	600.0000	0.0000	192.6466	3774.1181
240.0000	1.2180	0.0000	600.0000	0.0000	184.9729	3775.3730
240.0000	1.2180	0.0000	600.0000	0.0000	195.7715	3776.7548
240.0000	1.2180	0.0000	600.0000	0.0000	189.3032	3778.0317
240.0000	1.2180	0.0000	600.0000	0.0000	198.1491	3779.3940
240.0000	1.2180	0.0000	600.0000	0.0000	189.8209	3780.7204
240.0000	1.2180	0.0000	600.0000	0.0000	188.9221	3782.0058
240.0000	1.2180	0.0000	600.0000	0.0000	194.7272	3783.3750
240.0000	1.2180	0.0000	600.0000	0.0000	186.8225	3784.6479
240.0000	1.2180	0.0000	600.0000	0.0000	196.7101	3786.0336
240.0000	1.2180	0.0000	600.0000	0.0000	187.9021	3787.3039
240.0000	1.2180	0.0000	600.0000	0.0000	194.3799	3788.6296
240.0000	1.2180	0.0000	600.0000	0.0000	192.8006	3789.9853
240.0000	1.2180	0.0000	600.0000	0.0000	190.0949	3791.2778
240.0000	1.2180	0.0000	600.0000	0.0000	196.4883	3792.6601
240.0000	1.2180	0.0000	600.0000	0.0000	184.2947	3793.9096
240.0000	1.2180	0.0000	600.0000	0.0000	195.3045	3795.2734
240.0000	1.2180	0.0000	600.0000	0.0000	190.8963	3796.5749
240.0000	1.2180	0.0000	600.0000	0.0000	194.8387	3797.9206
240.0000	1.2180	0.0000	600.0000	0.0000	193.3402	3799.2697
240.0000	1.2180	0.0000	600.0000	0.0000	185.8832	3800.5263
240.0000	1.2180	0.0000	600.0000	0.0000	196.2575	3801.9069
240.0000	1.2180	0.0000	600.0000	0.0000	186.5520	3803.1840
240.0000	1.2180	0.0000	600.0000	0.0000	195.5328	3804.5473
240.0000	1.2180	0.0000	600.0000	0.0000	190.5408	3805.8547
240.0000	1.2180	0.0000	600.0000	0.0000	190.5172	3807.1401
240.0000	1.2180	0.0000	600.0000	0.0000	195.6666	3808.5266
240.0000	1.2180	0.0000	600.0000	0.0000	188.3109	3809.8012
240.0000	1.2180	0.0000	600.0000	0.0000	198.0296	3811.1877
240.0000	1.2180	0.0000	600.0000	0.0000	185.6965	3812.4543
240.0000	1.2180	0.0000	600.0000	0.0000	192.1967	3813.7819
240.0000	1.2180	0.0000	600.0000	0.0000	190.6186	3815.1201
240.0000	1.2180	0.0000	600.0000	0.0000	191.7241	3816.4128
240.0000	1.2180	0.0000	600.0000	0.0000	197.3915	3817.8105
240.0000	1.2180	0.0000	600.0000	0.0000	185.5038	3819.0612
240.0000	1.2180	0.0000	600.0000	0.0000	196.6850	3820.4257
240.0000	1.2180	0.0000	600.0000	0.0000	189.2268	3821.7260
240.0000	1.2180	0.0000	600.0000	0.0000	192.6047	3823.0549
240.0000	1.2180	0.0000	600.0000	0.0000	191.8302	3824.4040
240.0000	1.2180	0.0000	600.0000	0.0000	187.7589	3825.6606
240.0000	1.2180	0.0000	600.0000	0.0000	198.2396	3827.0412
240.0000	1.2180	0.0000	600.0000	0.0000	188.0375	3828.3337
240.0000	1.2180	0.0000	600.0000	0.0000	197.3323	3829.6997
240.0000	1.2180	0.0000	600.0000	0.0000	188.8703	3831.0046
240.0000	1.2180	0.0000	600.0000	0.0000	188.5928	3832.2915
240.0000	1.2180	0.0000	600.0000	0.0000	194.0450	3833.6604
240.0000	1.2180	0.0000	600.0000	0.0000	186.2050	3834.9333
240.0000	1.2180	0.0000	600.0000	0.0000	199.7280	3836.3195
240.0000	1.2180	0.0000	600.0000	0.0000	187.5012	3837.5886
240.0000	1.2180	0.0000	600.0000	0.0000	194.1627	3838.9338
240.0000	1.2180	0.0000	600.0000	0.0000	192.3619	3840.2695
240.0000	1.2180	0.0000	600.0000	0.0000	190.2322	3841.5639
240.0000	1.2180	0.0000	600.0000	0.0000	196.1349	3842.9438
240.0000	1.2180	0.0000	600.0000	0.0000	184.7652	3844.1923
240.0000	1.2180	0.0000	600.0000	0.0000	195.4079	3845.5588
240.0000	1.2180	0.0000	600.0000	0.0000	187.7225	3846.8569
240.0000	1.2180	0.0000	600.0000	0.0000	195.5824	3848.1865
240.0000	1.2180	0.0000	600.0000	0.0000	194.1646	3849.5351
240.0000	1.2180	0.0000	600.0000	0.0000	187.3355	3850.7934
240.0000	1.2180	0.0000	600.0000	0.0000	197.2324	3852.1909
240.0000	1.2180	0.0000	600.0000	0.0000	187.3756	3853.4655
240.0000	1.2180	0.0000	600.0000	0.0000	196.6056	3854.8312
240.0000	1.2180	0.0000	600.0000	0.0000	188.2723	3856.1359
240.0000	1.2180	0.0000	600.0000	0.0000	187.9848	3857.4252
240.0000	1.2180	0.0000	600.0000	0.0000	193.3172	3858.7919
240.0000	1.2180	0.0000	600.0000	0.0000	186.2067	3860.0651
240.0000	1.2180	0.0000	600.0000	0.0000	199.7356	3861.4519
240.0000	1.2180	0.0000	600.0000	0.0000	187.1955	3862.7187
240.0000	1.2180	0.0000	600.0000	0.0000	194.2595	3864.0458
240.0000	1.2180	0.0000	600.0000	0.0000	192.5542	3865.3842
240.0000	1.2180	0.0000	600.0000	0.0000	190.7528	3866.6948
240.0000	1.2180	0.0000	600.0000	0.0000	196.8199	3868.0769
240.0000	1.2180	0.0000	600.0000	0.0000	184.8000	3869.3251
240.0000	1.2180	0.0000	600.0000	0.0000	195.9659	3870.6906
240.0000	1.2180	0.0000	600.0000	0.0000	187.9607	3871.9897
240.0000	1.2180	0.0000	600.0000	0.0000	195.6690	3873.3188
240.0000	1.2180	0.0000	600.0000	0.0000	194.2089	3874.6855
240.0000	1.2180	0.0000	600.0000	0.0000	186.9150	3875.9443
240.0000	1.2180	0.0000	600.0000	0.0000	196.8307	3877.3239
240.0000	1.2180	0.0000	600.0000	0.0000	187.1842	3878.5983
240.0000	1.2180	0.0000	600.0000	0.0000	195.9210	3879.9641
240.0000	1.2180	0.0000	600.0000	0.0000	187.6050	3881.2697
240.0000	1.2180	0.0000	600.0000	0.0000	191.0270	3882.5581
240.0000	1.2180	0.0000	600.0000	0.0000	195.9351	3883.9252
240.0000	1.2180	0.0000	600.0000	0.0000	188.6600	3885.2155
240.0000	1.2180	0.0000	600.0000	0.0000	198.5853	3886.6040
240.0000	1.2180	0.0000	600.0000	0.0000	185.5731	3887.8701
240.0000	1.2180	0.0000	600.0000	0.0000	192.4150	3889.2009
240.0000	1.2180	0.0000	600.0000	0.0000	190.5089	3890.5346
240.0000	1.2180	0.0000	600.0000	0.0000	191.8976	3891.8291
240.0000	1.2180	0.0000	600.0000	0.0000	197.1304	3893.2265
240.0000	1.2180	0.0000	600.0000	0.0000	185.0648	3894.4758
240.0000	1.2180	0.0000	600.0000	0.0000	196.7609	3895.8430
240.0000	1.2180	0.0000	600.0000	0.0000	188.2987	3897.1408
240.0000	1.2180	0.0000	600.0000	0.0000	196.0924	3898.4707
240.0000	1.2180	0.0000	600.0000	0.0000	194.1287	3899.8183
240.0000	1.2180	0.0000	600.0000	0.0000	187.0926	3901.0947
240.0000	1.2180	0.0000	600.0000	0.0000	197.2929	3902.4741
240.0000	1.2180	0.0000	600.0000	0.0000	187.4868	3903.7492
240.0000	1.2180	0.0000	600.0000	0.0000	196.7290	3905.1179
240.0000	1.2180	0.0000	600.0000	0.0000	187.7420	3906.4191
240.0000	1.2180	0.0000	600.0000	0.0000	191.4983	3907.7092
240.0000	1.2180	0.0000	600.0000	0.0000	196.2069	3909.0751
240.0000	1.2180	0.0000	600.0000	0.0000	189.1316	3910.3676
240.0000	1.2180	0.0000	600.0000	0.0000	198.3006	3911.7539
240.0000	1.2180	0.0000	600.0000	0.0000	185.4655	3913.0195
240.0000	1.2180	0.0000	600.0000	0.0000	192.4380	3914.3518
240.0000	1.2180	0.0000	600.0000	0.0000	193.1737	3915.6835
240.0000	1.2180	0.0000	600.0000	0.0000	191.8883	3916.9804
240.0000	1.2180	0.0000	600.0000	0.0000	196.5769	3918.3759
240.0000	1.2180	0.0000	600.0000	0.0000	184.5590	3919.6252
240.0000	1.2180	0.0000	600.0000	0.0000	195.9065	3920.9938
240.0000	1.2180	0.0000	600.0000	0.0000	187.5640	3922.2893
240.0000	1.2180	0.0000	600.0000	0.0000	195.7702	3923.6230
240.0000	1.2180	0.0000	600.0000	0.0000	193.4713	3924.9853
240.0000	1.2180	0.0000	600.0000	0.0000	186.6124	3926.2451
240.0000	1.2180	0.0000	600.0000	0.0000	195.9931	3927.6247
240.0000	1.2180	0.0000	600.0000	0.0000	186.6885	3928.8989
240.0000	1.2180	0.0000	600.0000	0.0000	199.5467	3930.2695
240.0000	1.2180	0.0000	600.0000	0.0000	189.8119	3931.5683
240.0000	1.2180	0.0000	600.0000	0.0000	190.6959	3932.8791
240.0000	1.2180	0.0000	600.0000	0.0000	194.6902	3934.2429
240.0000	1.2180	0.0000	600.0000	0.0000	187.8130	3935.5183
240.0000	1.2180	0.0000	600.0000	0.0000	197.5485	3936.9057
240.0000	1.2180	0.0000	600.0000	0.0000	184.8424	3938.1694
240.0000	1.2180	0.0000	600.0000	0.0000	192.4466	3939.5036
240.0000	1.2180	0.0000	600.0000	0.0000	189.7347	3940.8347
240.0000	1.2180	0.0000	600.0000	0.0000	192.4201	3942.1342
240.0000	1.2180	0.0000	600.0000	0.0000	196.8645	3943.5273
240.0000	1.2180	0.0000	600.0000	0.0000	185.2928	3944.7766
240.0000	1.2180	0.0000	600.0000	0.0000	196.2980	3946.1457
240.0000	1.2180	0.0000	600.0000	0.0000	188.2293	3947.4409
240.0000	1.2180	0.0000	600.0000	0.0000	193.6871	3948.7766
240.0000	1.2180	0.0000	600.0000	0.0000	191.1426	3950.1184
240.0000	1.2180	0.0000	600.0000	0.0000	188.1645	3951.3784
240.0000	1.2180	0.0000	600.0000	0.0000	198.1208	3952.7595
240.0000	1.2180	0.0000	600.0000	0.0000	188.2406	3954.0507
240.0000	1.2180	0.0000	600.0000	0.0000	197.5565	3955.4216
240.0000	1.2180	0.0000	600.0000	0.0000	188.6142	3956.7199
240.0000	1.2180	0.0000	600.0000	0.0000	189.7350	3958.0156
240.0000	1.2180	0.0000	600.0000	0.0000	193.3195	3959.3774
240.0000	1.2180	0.0000	600.0000	0.0000	189.9986	3960.6530
240.0000	1.2180	0.0000	600.0000	0.0000	199.5137	3962.0407
240.0000	1.2180	0.0000	600.0000	0.0000	186.7108	3963.3217
240.0000	1.2180	0.0000	600.0000	0.0000	194.3182	3964.6574
240.0000	1.2180	0.0000	600.0000	0.0000	191.1937	3965.9865
240.0000	1.2180	0.0000	600.0000	0.0000	190.0751	3967.2856
240.0000	1.2180	0.0000	600.0000	0.0000	194.5956	3968.6618
240.0000	1.2180	0.0000	600.0000	0.0000	186.3279	3969.9113
240.0000	1.2180	0.0000	600.0000	0.0000	197.6242	3971.2988
240.0000	1.2180	0.0000	600.0000	0.0000	188.9507	3972.5922
240.0000	1.2180	0.0000	600.0000	0.0000	193.9723	3973.9291
240.0000	1.2180	0.0000	600.0000	0.0000	191.1671	3975.2700
240.0000	1.2180	0.0000	600.0000	0.0000	188.5815	3976.5314
240.0000	1.2180	0.0000	600.0000	0.0000	198.0273	3977.9113
240.0000	1.2180	0.0000	600.0000	0.0000	188.0539	3979.2031
240.0000	1.2180	0.0000	600.0000	0.0000	198.2268	3980.5759
240.0000	1.2180	0.0000	600.0000	0.0000	188.1826	3981.8703
240.0000	1.2180	0.0000	600.0000	0.0000	189.2572	3983.1677
240.0000	1.2180	0.0000	600.0000	0.0000	193.1743	3984.5290
240.0000	1.2180	0.0000	600.0000	0.0000	186.7522	3985.8061
240.0000	1.2180	0.0000	600.0000	0.0000	199.5795	3987.1936
240.0000	1.2180	0.0000	600.0000	0.0000	186.8221	3988.4724
240.0000	1.2180	0.0000	600.0000	0.0000	195.1539	3989.7924
240.0000	1.2180	0.0000	600.0000	0.0000	191.5575	3991.1376
240.0000	1.2180	0.0000	600.0000	0.0000	190.3781	3992.4394
240.0000	1.2180	0.0000	600.0000	0.0000	195.1468	3993.8134
240.0000	1.2180	0.0000	600.0000	0.0000	183.9026	3995.0644
240.0000	1.2180	0.0000	600.0000	0.0000	194.8208	3996.4345
240.0000	1.2180	0.0000	600.0000	0.0000	189.8095	3997.7282
240.0000	1.2180	0.0000	600.0000	0.0000	195.1788	3999.0837
240.0000	1.2180	0.0000	600.0000	0.0000	192.0822	4000.4218
240.0000	1.2180	0.0000	600.0000	0.0000	186.1009	4001.6843
240.0000	1.2180	0.0000	600.0000	0.0000	195.7375	4003.0649
240.0000	1.2180	0.0000	600.0000	0.0000	186.2612	4004.3376
240.0000	1.2180	0.0000	600.0000	0.0000	199.4562	4005.7109
240.0000	1.2180	0.0000	600.0000	0.0000	189.4502	4007.0048
240.0000	1.2180	0.0000	600.0000	0.0000	191.1957	4008.3205
240.0000	1.2180	0.0000	600.0000	0.0000	194.8803	4009.6821
240.0000	1.2180	0.0000	600.0000	0.0000	188.6782	4010.9580
240.0000	1.2180	0.0000	600.0000	0.0000	198.1089	4012.3459
240.0000	1.2180	0.0000	600.0000	0.0000	184.6972	4013.6059
240.0000	1.2180	0.0000	600.0000	0.0000	192.7311	4014.9467
240.0000	1.2180	0.0000	600.0000	0.0000	192.5039	4016.2719
240.0000	1.2180	0.0000	600.0000	0.0000	192.1038	4017.5927
240.0000	1.2180	0.0000	600.0000	0.0000	196.0838	4018.9660
240.0000	1.2180	0.0000	600.0000	0.0000	184.5926	4020.2148
240.0000	1.2180	0.0000	600.0000	0.0000	196.1208	4021.5869
240.0000	1.2180	0.0000	600.0000	0.0000	187.2559	4022.8781
240.0000	1.2180	0.0000	600.0000	0.0000	197.1539	4024.2199
240.0000	1.2180	0.0000	600.0000	0.0000	193.3070	4025.5563
240.0000	1.2180	0.0000	600.0000	0.0000	188.2744	4026.8212
240.0000	1.2180	0.0000	600.0000	0.0000	196.9325	4028.2175
240.0000	1.2180	0.0000	600.0000	0.0000	187.8449	4029.4907
240.0000	1.2180	0.0000	600.0000	0.0000	197.5699	4030.8652
240.0000	1.2180	0.0000	600.0000	0.0000	187.8736	4032.1567
240.0000	1.2180	0.0000	600.0000	0.0000	189.3594	4033.4572
240.0000	1.2180	0.0000	600.0000	0.0000	192.7521	4034.8171
240.0000	1.2180	0.0000	600.0000	0.0000	190.1121	4036.0942
240.0000	1.2180	0.0000	600.0000	0.0000	199.1926	4037.4812
240.0000	1.2180	0.0000	600.0000	0.0000	186.5602	4038.7409
240.0000	1.2180	0.0000	600.0000	0.0000	195.5849	4040.0820
240.0000	1.2180	0.0000	600.0000	0.0000	191.5230	4041.4240
240.0000	1.2180	0.0000	600.0000	0.0000	191.3294	4042.7277
240.0000	1.2180	0.0000	600.0000	0.0000	195.4199	4044.1015
240.0000	1.2180	0.0000	600.0000	0.0000	184.5944	4045.3500
240.0000	1.2180	0.0000	600.0000	0.0000	196.1461	4046.7243
240.0000	1.2180	0.0000	600.0000	0.0000	186.8608	4048.0136
240.0000	1.2180	0.0000	600.0000	0.0000	196.4511	4049.3540
240.0000	1.2180	0.0000	600.0000	0.0000	192.9097	4050.6911
240.0000	1.2180	0.0000	600.0000	0.0000	187.3820	4051.9731
240.0000	1.2180	0.0000	600.0000	0.0000	196.3234	4053.3522
240.0000	1.2180	0.0000	600.0000	0.0000	187.1638	4054.6237
240.0000	1.2180	0.0000	600.0000	0.0000	197.0269	4055.9997
240.0000	1.2180	0.0000	600.0000	0.0000	186.9056	4057.2907
240.0000	1.2180	0.0000	600.0000	0.0000	192.6114	4058.5917
240.0000	1.2180	0.0000	600.0000	0.0000	195.3785	4059.9506
240.0000	1.2180	0.0000	600.0000	0.0000	189.8603	4061.2292
240.0000	1.2180	0.0000	600.0000	0.0000	198.8022	4062.6347
240.0000	1.2180	0.0000	600.0000	0.0000	185.5855	4063.8925
240.0000	1.2180	0.0000	600.0000	0.0000	194.5994	4065.2360
240.0000	1.2180	0.0000	600.0000	0.0000	190.6449	4066.5590
240.0000	1.2180	0.0000	600.0000	0.0000	190.0446	4067.8613
240.0000	1.2180	0.0000	600.0000	0.0000	194.1525	4069.2360
240.0000	1.2180	0.0000	600.0000	0.0000	186.8447	4070.4860
240.0000	1.2180	0.0000	600.0000	0.0000	198.4940	4071.8581
240.0000	1.2180	0.0000	600.0000	0.0000	189.4792	4073.1479
240.0000	1.2180	0.0000	600.0000	0.0000	195.6470	4074.5085
240.0000	1.2180	0.0000	600.0000	0.0000	192.2175	4075.8430
240.0000	1.2180	0.0000	600.0000	0.0000	187.0705	4077.1081
240.0000	1.2180	0.0000	600.0000	0.0000	196.6082	4078.4868
240.0000	1.2180	0.0000	600.0000	0.0000	187.2339	4079.7600
240.0000	1.2180	0.0000	600.0000	0.0000	197.0252	4081.1345
240.0000	1.2180	0.0000	600.0000	0.0000	186.9751	4082.4252
240.0000	1.2180	0.0000	600.0000	0.0000	192.4454	4083.7253
240.0000	1.2180	0.0000	600.0000	0.0000	195.4278	4085.0859
240.0000	1.2180	0.0000	600.0000	0.0000	189.6622	4086.3637
240.0000	1.2180	0.0000	600.0000	0.0000	198.7319	4087.7697
240.0000	1.2180	0.0000	600.0000	0.0000	185.7018	4089.0275
240.0000	1.2180	0.0000	600.0000	0.0000	195.1628	4090.3713
240.0000	1.2180	0.0000	600.0000	0.0000	190.7876	4091.6940
240.0000	1.2180	0.0000	600.0000	0.0000	191.3073	4092.9997
240.0000	1.2180	0.0000	600.0000	0.0000	195.0586	4094.3708
240.0000	1.2180	0.0000	600.0000	0.0000	184.2687	4095.6203
240.0000	1.2180	0.0000	600.0000	0.0000	195.6596	4096.9921
240.0000	1.2180	0.0000	600.0000	0.0000	186.8821	4098.2832
240.0000	1.2180	0.0000	600.0000	0.0000	196.1815	4099.6245
240.0000	1.2180	0.0000	600.0000	0.0000	192.6676	4100.9775
240.0000	1.2180	0.0000	600.0000	0.0000	187.6173	4102.2441
240.0000	1.2180	0.0000	600.0000	0.0000	196.9234	4103.6235
240.0000	1.2180	0.0000	600.0000	0.0000	187.2464	4104.8959
240.0000	1.2180	0.0000	600.0000	0.0000	197.3934	4106.2705
240.0000	1.2180	0.0000	600.0000	0.0000	186.9375	4107.5615
240.0000	1.2180	0.0000	600.0000	0.0000	189.0704	4108.8627
240.0000	1.2180	0.0000	600.0000	0.0000	192.3985	4110.2216
240.0000	1.2180	0.0000	600.0000	0.0000	190.0371	4111.4995
240.0000	1.2180	0.0000	600.0000	0.0000	199.0767	4112.8872
240.0000	1.2180	0.0000	600.0000	0.0000	186.2363	4114.1630
240.0000	1.2180	0.0000	600.0000	0.0000	195.0992	4115.5068
240.0000	1.2180	0.0000	600.0000	0.0000	190.7855	4116.8291
240.0000	1.2180	0.0000	600.0000	0.0000	190.5890	4118.1347
240.0000	1.2180	0.0000	600.0000	0.0000	194.3615	4119.5058
240.0000	1.2180	0.0000	600.0000	0.0000	183.6140	4120.7563
240.0000	1.2180	0.0000	600.0000	0.0000	198.3951	4122.1289
240.0000	1.2180	0.0000	600.0000	0.0000	189.6564	4123.4199
240.0000	1.2180	0.0000	600.0000	0.0000	196.0658	4124.7788
240.0000	1.2180	0.0000	600.0000	0.0000	192.3350	4126.1137
240.0000	1.2180	0.0000	600.0000	0.0000	187.2711	4127.3793
240.0000	1.2180	0.0000	600.0000	0.0000	195.6788	4128.7583
240.0000	1.2180	0.0000	600.0000	0.0000	186.7304	4130.0307
240.0000	1.2180	0.0000	600.0000	0.0000	196.2809	4131.4072
240.0000	1.2180	0.0000	600.0000	0.0000	189.6377	4132.6967
240.0000	1.2180	0.0000	600.0000	0.0000	192.0653	4133.9985
240.0000	1.2180	0.0000	600.0000	0.0000	194.5953	4135.3754
240.0000	1.2180	0.0000	600.0000	0.0000	188.6800	4136.6533
240.0000	1.2180	0.0000	600.0000	0.0000	197.8047	4138.0410
240.0000	1.2180	0.0000	600.0000	0.0000	185.1085	4139.2993
240.0000	1.2180	0.0000	600.0000	0.0000	193.5613	4140.6420
240.0000	1.2180	0.0000	600.0000	0.0000	189.3380	4141.9643
240.0000	1.2180	0.0000	600.0000	0.0000	192.7088	4143.2695
240.0000	1.2180	0.0000	600.0000	0.0000	196.2724	4144.6591
240.0000	1.2180	0.0000	600.0000	0.0000	185.8742	4145.9101
240.0000	1.2180	0.0000	600.0000	0.0000	197.2082	4147.2836
240.0000	1.2180	0.0000	600.0000	0.0000	187.9639	4148.5717
240.0000	1.2180	0.0000	600.0000	0.0000	194.2737	4149.9145
240.0000	1.2180	0.0000	600.0000	0.0000	190.6204	4151.2485
240.0000	1.2180	0.0000	600.0000	0.0000	188.9228	4152.5146
240.0000	1.2180	0.0000	600.0000	0.0000	197.4709	4153.8935
240.0000	1.2180	0.0000	600.0000	0.0000	187.9503	4155.1826
240.0000	1.2180	0.0000	600.0000	0.0000	197.9409	4156.5605
240.0000	1.2180	0.0000	600.0000	0.0000	187.4675	4157.8486
240.0000	1.2180	0.0000	600.0000	0.0000	190.5615	4159.1528
240.0000	1.2180	0.0000	600.0000	0.0000	193.2321	4160.5097
240.0000	1.2180	0.0000	600.0000	0.0000	187.5819	4161.7895
240.0000	1.2180	0.0000	600.0000	0.0000	196.2979	4163.1757
240.0000	1.2180	0.0000	600.0000	0.0000	186.9203	4164.4345
240.0000	1.2180	0.0000	600.0000	0.0000	195.7073	4165.7763
240.0000	1.2180	0.0000	600.0000	0.0000	191.1393	4167.1162
240.0000	1.2180	0.0000	600.0000	0.0000	191.4627	4168.4218
240.0000	1.2180	0.0000	600.0000	0.0000	194.9520	4169.7934
240.0000	1.2180	0.0000	600.0000	0.0000	184.3478	4171.0434
240.0000	1.2180	0.0000	600.0000	0.0000	195.6881	4172.4189
240.0000	1.2180	0.0000	600.0000	0.0000	189.8288	4173.7055
240.0000	1.2180	0.0000	600.0000	0.0000	196.2116	4175.0488
240.0000	1.2180	0.0000	600.0000	0.0000	192.2951	4176.3999
240.0000	1.2180	0.0000	600.0000	0.0000	187.5616	4177.6674
240.0000	1.2180	0.0000	600.0000	0.0000	196.1619	4179.0458
240.0000	1.2180	0.0000	600.0000	0.0000	186.8134	4180.3188
240.0000	1.2180	0.0000	600.0000	0.0000	196.7438	4181.6948
240.0000	1.2180	0.0000	600.0000	0.0000	189.5651	4182.9833
240.0000	1.2180	0.0000	600.0000	0.0000	192.1307	4184.2871
240.0000	1.2180	0.0000	600.0000	0.0000	194.1927	4185.6601
240.0000	1.2180	0.0000	600.0000	0.0000	188.7509	4186.9404
240.0000	1.2180	0.0000	600.0000	0.0000	197.6532	4188.3295
240.0000	1.2180	0.0000	600.0000	0.0000	184.6840	4189.5844
240.0000	1.2180	0.0000	600.0000	0.0000	193.9828	4190.9316
240.0000	1.2180	0.0000	600.0000	0.0000	189.4956	4192.2519
240.0000	1.2180	0.0000	600.0000	0.0000	193.3726	4193.5576
240.0000	1.2180	0.0000	600.0000	0.0000	196.3229	4194.9282
240.0000	1.2180	0.0000	600.0000	0.0000	186.2293	4196.1782
240.0000	1.2180	0.0000	600.0000	0.0000	197.6919	4197.5712
240.0000	1.2180	0.0000	600.0000	0.0000	188.6086	4198.8579
240.0000	1.2180	0.0000	600.0000	0.0000	195.4100	4200.2045
240.0000	1.2180	0.0000	600.0000	0.0000	191.0571	4201.5346240.0000	1.218
0	0.0000	600.0000	0.0000	186.2343	4202.8037
240.0000	1.2180	0.0000	600.0000	0.0000	194.8182	4204.1816
240.0000	1.2180	0.0000	600.0000	0.0000	188.6902	4205.4521
240.0000	1.2180	0.0000	600.0000	0.0000	199.0388	4206.8305
240.0000	1.2180	0.0000	600.0000	0.0000	188.2362	4208.1352
240.0000	1.2180	0.0000	600.0000	0.0000	191.2695	4209.4418
240.0000	1.2180	0.0000	600.0000	0.0000	193.3068	4210.7949
240.0000	1.2180	0.0000	600.0000	0.0000	188.4852	4212.0776
240.0000	1.2180	0.0000	600.0000	0.0000	196.7187	4213.4643
240.0000	1.2180	0.0000	600.0000	0.0000	187.1635	4214.7207
240.0000	1.2180	0.0000	600.0000	0.0000	196.4979	4216.0668
240.0000	1.2180	0.0000	600.0000	0.0000	191.5389	4217.3867
240.0000	1.2180	0.0000	600.0000	0.0000	192.6513	4218.7143
240.0000	1.2180	0.0000	600.0000	0.0000	195.4618	4220.0825
240.0000	1.2180	0.0000	600.0000	0.0000	185.4333	4221.3325
240.0000	1.2180	0.0000	600.0000	0.0000	196.3886	4222.7070
240.0000	1.2180	0.0000	600.0000	0.0000	187.4154	4223.9946
240.0000	1.2180	0.0000	600.0000	0.0000	194.0556	4225.3408
240.0000	1.2180	0.0000	600.0000	0.0000	192.9426	4226.6704
240.0000	1.2180	0.0000	600.0000	0.0000	188.6970	4227.9389
240.0000	1.2180	0.0000	600.0000	0.0000	197.3155	4229.3178
240.0000	1.2180	0.0000	600.0000	0.0000	187.8671	4230.6069
240.0000	1.2180	0.0000	600.0000	0.0000	197.9828	4231.9858
240.0000	1.2180	0.0000	600.0000	0.0000	187.1935	4233.2709
240.0000	1.2180	0.0000	600.0000	0.0000	190.1834	4234.5786
240.0000	1.2180	0.0000	600.0000	0.0000	192.2500	4235.9326
240.0000	1.2180	0.0000	600.0000	0.0000	190.4537	4237.2128
240.0000	1.2180	0.0000	600.0000	0.0000	199.1308	4238.6000
240.0000	1.2180	0.0000	600.0000	0.0000	186.3105	4239.8735
240.0000	1.2180	0.0000	600.0000	0.0000	195.8049	4241.2231
240.0000	1.2180	0.0000	600.0000	0.0000	190.4714	4242.5400
240.0000	1.2180	0.0000	600.0000	0.0000	191.4276	4243.8500
240.0000	1.2180	0.0000	600.0000	0.0000	194.3507	4245.2182
240.0000	1.2180	0.0000	600.0000	0.0000	184.5783	4246.4687
240.0000	1.2180	0.0000	600.0000	0.0000	196.0751	4247.8437
240.0000	1.2180	0.0000	600.0000	0.0000	186.6144	4249.1308
240.0000	1.2180	0.0000	600.0000	0.0000	197.1310	4250.4765
240.0000	1.2180	0.0000	600.0000	0.0000	192.2931	4251.8061
240.0000	1.2180	0.0000	600.0000	0.0000	188.3768	4253.0932
240.0000	1.2180	0.0000	600.0000	0.0000	196.7203	4254.4711
240.0000	1.2180	0.0000	600.0000	0.0000	187.5010	4255.7426
240.0000	1.2180	0.0000	600.0000	0.0000	197.6172	4257.1220
240.0000	1.2180	0.0000	600.0000	0.0000	186.6226	4258.4067
240.0000	1.2180	0.0000	600.0000	0.0000	189.9261	4259.7143
240.0000	1.2180	0.0000	600.0000	0.0000	192.1181	4261.0683
240.0000	1.2180	0.0000	600.0000	0.0000	190.7155	4262.3505
240.0000	1.2180	0.0000	600.0000	0.0000	199.0644	4263.7363
240.0000	1.2180	0.0000	600.0000	0.0000	186.7072	4264.9931
240.0000	1.2180	0.0000	600.0000	0.0000	196.3288	4266.3398
240.0000	1.2180	0.0000	600.0000	0.0000	190.9268	4267.6752
240.0000	1.2180	0.0000	600.0000	0.0000	191.4154	4268.9853
240.0000	1.2180	0.0000	600.0000	0.0000	194.1865	4270.3540
240.0000	1.2180	0.0000	600.0000	0.0000	184.0058	4271.6035
240.0000	1.2180	0.0000	600.0000	0.0000	195.1287	4272.9814
240.0000	1.2180	0.0000	600.0000	0.0000	189.5407	4274.2651
240.0000	1.2180	0.0000	600.0000	0.0000	196.5824	4275.6118
240.0000	1.2180	0.0000	600.0000	0.0000	191.8727	4276.9584
240.0000	1.2180	0.0000	600.0000	0.0000	187.9270	4278.2290
240.0000	1.2180	0.0000	600.0000	0.0000	196.4884	4279.6064
240.0000	1.2180	0.0000	600.0000	0.0000	187.2030	4280.8779
240.0000	1.2180	0.0000	600.0000	0.0000	197.2331	4282.2578
240.0000	1.2180	0.0000	600.0000	0.0000	186.2566	4283.5419
240.0000	1.2180	0.0000	600.0000	0.0000	193.2250	4284.8491
240.0000	1.2180	0.0000	600.0000	0.0000	194.9791	4286.2036
Target: 260.000
260.0000	1.2180	0.0000	600.0000	0.0000	188.2852	4287.5019
260.0000	1.2180	0.0000	600.0000	0.0000	196.9601	4288.8896
260.0000	1.2180	0.0000	600.0000	0.0000	184.2321	4290.1450
260.0000	1.2180	0.0000	600.0000	0.0000	193.4364	4291.4941
260.0000	1.2180	0.0000	600.0000	0.0000	191.7440	4292.8110
260.0000	1.2180	0.0000	600.0000	0.0000	193.1009	4294.1406
260.0000	1.2180	0.0000	600.0000	0.0000	194.8185	4295.5048
260.0000	1.2180	0.0000	600.0000	0.0000	185.1951	4296.7573
260.0000	1.2180	0.0000	600.0000	0.0000	196.4049	4298.1342
260.0000	1.2180	0.0000	600.0000	0.0000	187.0183	4299.4179
260.0000	1.2180	0.0000	600.0000	0.0000	193.9585	4300.7666
260.0000	1.2180	0.0000	600.0000	0.0000	192.4524	4302.0937
260.0000	1.2180	0.0000	600.0000	0.0000	188.7354	4303.3642
260.0000	1.2180	0.0000	600.0000	0.0000	196.8070	4304.7607
260.0000	1.2180	0.0000	600.0000	0.0000	187.5892	4306.0312
260.0000	1.2180	0.0000	600.0000	0.0000	198.0301	4307.4121
260.0000	1.2180	0.0000	600.0000	0.0000	186.8805	4308.6938
260.0000	1.2180	0.0000	600.0000	0.0000	190.5422	4310.0039
260.0000	1.2180	0.0000	600.0000	0.0000	192.5275	4311.3559
260.0000	1.2180	0.0000	600.0000	0.0000	190.8928	4312.6381
260.0000	1.2180	0.0000	600.0000	0.0000	198.8549	4314.0253
260.0000	1.2180	0.0000	600.0000	0.0000	186.2551	4315.2983
260.0000	1.2180	0.0000	600.0000	0.0000	196.3497	4316.6499
260.0000	1.2180	0.0000	600.0000	0.0000	190.2697	4317.9633
260.0000	1.2180	0.0000	600.0000	0.0000	191.6979	4319.2783
260.0000	1.2180	0.0000	600.0000	0.0000	193.6469	4320.6420
260.0000	1.2180	0.0000	600.0000	0.0000	187.0552	4321.8925
260.0000	1.2180	0.0000	600.0000	0.0000	198.6593	4323.2705
260.0000	1.2180	0.0000	600.0000	0.0000	189.2035	4324.5556
260.0000	1.2180	0.0000	600.0000	0.0000	196.4190	4325.9243
260.0000	1.2180	0.0000	600.0000	0.0000	190.8043	4327.2465
260.0000	1.2180	0.0000	600.0000	0.0000	187.6668	4328.5205
260.0000	1.2180	0.0000	600.0000	0.0000	195.2556	4329.8959
260.0000	1.2180	0.0000	600.0000	0.0000	186.2922	4331.1684
260.0000	1.2180	0.0000	600.0000	0.0000	199.7374	4332.5488
260.0000	1.2180	0.0000	600.0000	0.0000	188.5729	4333.8300
260.0000	1.2180	0.0000	600.0000	0.0000	193.0595	4335.1411
260.0000	1.2180	0.0000	600.0000	0.0000	194.1985	4336.4926
260.0000	1.2180	0.0000	600.0000	0.0000	189.7541	4337.7949
260.0000	1.2180	0.0000	600.0000	0.0000	197.7044	4339.1806
260.0000	1.2180	0.0000	600.0000	0.0000	185.1533	4340.4350
260.0000	1.2180	0.0000	600.0000	0.0000	194.7511	4341.7875
260.0000	1.2180	0.0000	600.0000	0.0000	188.9584	4343.1010
260.0000	1.2180	0.0000	600.0000	0.0000	194.1388	4344.4145
260.0000	1.2180	0.0000	600.0000	0.0000	195.5622	4345.7778
260.0000	1.2180	0.0000	600.0000	0.0000	186.2071	4347.0483
260.0000	1.2180	0.0000	600.0000	0.0000	197.4224	4348.4257
260.0000	1.2180	0.0000	600.0000	0.0000	187.6949	4349.7080
260.0000	1.2180	0.0000	600.0000	0.0000	195.5927	4351.0610
260.0000	1.2180	0.0000	600.0000	0.0000	189.8082	4352.3837
260.0000	1.2180	0.0000	600.0000	0.0000	186.5675	4353.6572
260.0000	1.2180	0.0000	600.0000	0.0000	197.3790	4355.0332
260.0000	1.2180	0.0000	600.0000	0.0000	188.6550	4356.3051
260.0000	1.2180	0.0000	600.0000	0.0000	199.2692	4357.6865
260.0000	1.2180	0.0000	600.0000	0.0000	187.6121	4358.9838
260.0000	1.2180	0.0000	600.0000	0.0000	191.7222	4360.2973
260.0000	1.2180	0.0000	600.0000	0.0000	193.0093	4361.6469
260.0000	1.2180	0.0000	600.0000	0.0000	188.5830	4362.9316
260.0000	1.2180	0.0000	600.0000	0.0000	196.4528	4364.3164
260.0000	1.2180	0.0000	600.0000	0.0000	183.6681	4365.5708
260.0000	1.2180	0.0000	600.0000	0.0000	193.9899	4366.9243
260.0000	1.2180	0.0000	600.0000	0.0000	191.6963	4368.2373
260.0000	1.2180	0.0000	600.0000	0.0000	193.5972	4369.5502
260.0000	1.2180	0.0000	600.0000	0.0000	195.4401	4370.9326
260.0000	1.2180	0.0000	600.0000	0.0000	185.9537	4372.1850
260.0000	1.2180	0.0000	600.0000	0.0000	197.0328	4373.5625
260.0000	1.2180	0.0000	600.0000	0.0000	187.5726	4374.8452
260.0000	1.2180	0.0000	600.0000	0.0000	194.7491	4376.1972
260.0000	1.2180	0.0000	600.0000	0.0000	192.2116	4377.5200
260.0000	1.2180	0.0000	600.0000	0.0000	189.1164	4378.7939
260.0000	1.2180	0.0000	600.0000	0.0000	196.5667	4380.1875
260.0000	1.2180	0.0000	600.0000	0.0000	187.6815	4381.4589
260.0000	1.2180	0.0000	600.0000	0.0000	198.1950	4382.8413
260.0000	1.2180	0.0000	600.0000	0.0000	186.4109	4384.1201
260.0000	1.2180	0.0000	600.0000	0.0000	190.5993	4385.4350
260.0000	1.2180	0.0000	600.0000	0.0000	191.5608	4386.7832
260.0000	1.2180	0.0000	600.0000	0.0000	191.1733	4388.0693
260.0000	1.2180	0.0000	600.0000	0.0000	198.5214	4389.4541
260.0000	1.2180	0.0000	600.0000	0.0000	185.7154	4390.7250
260.0000	1.2180	0.0000	600.0000	0.0000	195.8579	4392.0795
260.0000	1.2180	0.0000	600.0000	0.0000	189.8797	4393.3906
260.0000	1.2180	0.0000	600.0000	0.0000	192.0197	4394.7070
260.0000	1.2180	0.0000	600.0000	0.0000	193.1376	4396.0688
260.0000	1.2180	0.0000	600.0000	0.0000	187.3322	4397.3212
260.0000	1.2180	0.0000	600.0000	0.0000	198.1316	4398.6997
260.0000	1.2180	0.0000	600.0000	0.0000	188.1835	4399.9980
260.0000	1.2180	0.0000	600.0000	0.0000	196.0299	4401.3530
260.0000	1.2180	0.0000	600.0000	0.0000	190.0464	4402.6728
260.0000	1.2180	0.0000	600.0000	0.0000	186.8785	4403.9467
260.0000	1.2180	0.0000	600.0000	0.0000	194.2965	4405.3237
260.0000	1.2180	0.0000	600.0000	0.0000	189.2308	4406.5961
260.0000	1.2180	0.0000	600.0000	0.0000	199.2844	4407.9960
260.0000	1.2180	0.0000	600.0000	0.0000	187.2763	4409.2724
260.0000	1.2180	0.0000	600.0000	0.0000	192.0346	4410.5893
260.0000	1.2180	0.0000	600.0000	0.0000	192.6255	4411.9355
260.0000	1.2180	0.0000	600.0000	0.0000	188.9346	4413.2211
260.0000	1.2180	0.0000	600.0000	0.0000	196.0086	4414.6064
260.0000	1.2180	0.0000	600.0000	0.0000	186.4331	4415.8588
260.0000	1.2180	0.0000	600.0000	0.0000	197.0382	4417.2133
260.0000	1.2180	0.0000	600.0000	0.0000	190.8630	4418.5415
260.0000	1.2180	0.0000	600.0000	0.0000	193.1635	4419.8603
260.0000	1.2180	0.0000	600.0000	0.0000	193.6189	4421.2197
260.0000	1.2180	0.0000	600.0000	0.0000	184.9574	4422.4736
260.0000	1.2180	0.0000	600.0000	0.0000	195.3919	4423.8505
260.0000	1.2180	0.0000	600.0000	0.0000	189.3183	4425.1318
260.0000	1.2180	0.0000	600.0000	0.0000	197.4008	4426.5048
260.0000	1.2180	0.0000	600.0000	0.0000	190.7645	4427.8212
260.0000	1.2180	0.0000	600.0000	0.0000	188.3228	4429.0996
260.0000	1.2180	0.0000	600.0000	0.0000	195.0857	4430.4731
260.0000	1.2180	0.0000	600.0000	0.0000	186.3783	4431.7436
260.0000	1.2180	0.0000	600.0000	0.0000	200.0456	4433.1269
260.0000	1.2180	0.0000	600.0000	0.0000	188.2691	4434.4038
260.0000	1.2180	0.0000	600.0000	0.0000	193.1314	4435.7197
260.0000	1.2180	0.0000	600.0000	0.0000	193.6580	4437.0668
260.0000	1.2180	0.0000	600.0000	0.0000	190.0595	4438.3710
260.0000	1.2180	0.0000	600.0000	0.0000	197.3064	4439.7548
260.0000	1.2180	0.0000	600.0000	0.0000	184.7970	4441.0068
260.0000	1.2180	0.0000	600.0000	0.0000	195.1034	4442.3632
260.0000	1.2180	0.0000	600.0000	0.0000	188.5802	4443.6723
260.0000	1.2180	0.0000	600.0000	0.0000	194.0907	4444.9897
260.0000	1.2180	0.0000	600.0000	0.0000	194.7979	4446.3676
260.0000	1.2180	0.0000	600.0000	0.0000	185.7766	4447.6201
260.0000	1.2180	0.0000	600.0000	0.0000	196.6666	4448.9990
260.0000	1.2180	0.0000	600.0000	0.0000	186.8141	4450.2792
260.0000	1.2180	0.0000	600.0000	0.0000	195.2152	4451.6367
260.0000	1.2180	0.0000	600.0000	0.0000	191.6290	4452.9521
260.0000	1.2180	0.0000	600.0000	0.0000	189.6020	4454.2294
260.0000	1.2180	0.0000	600.0000	0.0000	196.8017	4455.6044
260.0000	1.2180	0.0000	600.0000	0.0000	188.0842	4456.8930
260.0000	1.2180	0.0000	600.0000	0.0000	198.0971	4458.2773
260.0000	1.2180	0.0000	600.0000	0.0000	186.3970	4459.5517
260.0000	1.2180	0.0000	600.0000	0.0000	191.2773	4460.8701
260.0000	1.2180	0.0000	600.0000	0.0000	191.2261	4462.2148
260.0000	1.2180	0.0000	600.0000	0.0000	191.0540	4463.5014
260.0000	1.2180	0.0000	600.0000	0.0000	198.1337	4464.9047
260.0000	1.2180	0.0000	600.0000	0.0000	185.1928	4466.1547
260.0000	1.2180	0.0000	600.0000	0.0000	196.0127	4467.5136
260.0000	1.2180	0.0000	600.0000	0.0000	189.1873	4468.8198
260.0000	1.2180	0.0000	600.0000	0.0000	192.3760	4470.1416
260.0000	1.2180	0.0000	600.0000	0.0000	192.6013	4471.4995
260.0000	1.2180	0.0000	600.0000	0.0000	187.6978	4472.7539
260.0000	1.2180	0.0000	600.0000	0.0000	198.5647	4474.1328
260.0000	1.2180	0.0000	600.0000	0.0000	188.3287	4475.4277
260.0000	1.2180	0.0000	600.0000	0.0000	196.5243	4476.7871
260.0000	1.2180	0.0000	600.0000	0.0000	189.6281	4478.1010
260.0000	1.2180	0.0000	600.0000	0.0000	187.3032	4479.3798
260.0000	1.2180	0.0000	600.0000	0.0000	193.7833	4480.7534
260.0000	1.2180	0.0000	600.0000	0.0000	189.1907	4482.0258
260.0000	1.2180	0.0000	600.0000	0.0000	199.1468	4483.4277
260.0000	1.2180	0.0000	600.0000	0.0000	187.1333	4484.7016
260.0000	1.2180	0.0000	600.0000	0.0000	192.4937	4486.0209
260.0000	1.2180	0.0000	600.0000	0.0000	192.4880	4487.3652
260.0000	1.2180	0.0000	600.0000	0.0000	188.9002	4488.6513
260.0000	1.2180	0.0000	600.0000	0.0000	196.2510	4490.0371
260.0000	1.2180	0.0000	600.0000	0.0000	187.0352	4491.2885
260.0000	1.2180	0.0000	600.0000	0.0000	197.6829	4492.6469
260.0000	1.2180	0.0000	600.0000	0.0000	190.7774	4493.9550
260.0000	1.2180	0.0000	600.0000	0.0000	193.8358	4495.2934
260.0000	1.2180	0.0000	600.0000	0.0000	194.3194	4496.6494
260.0000	1.2180	0.0000	600.0000	0.0000	185.8716	4497.9038
260.0000	1.2180	0.0000	600.0000	0.0000	196.7171	4499.2822
260.0000	1.2180	0.0000	600.0000	0.0000	186.9081	4500.5629
260.0000	1.2180	0.0000	600.0000	0.0000	195.1561	4501.9208
260.0000	1.2180	0.0000	600.0000	0.0000	191.8292	4503.2348
260.0000	1.2180	0.0000	600.0000	0.0000	190.1122	4504.5151
260.0000	1.2180	0.0000	600.0000	0.0000	196.2649	4505.9047
260.0000	1.2180	0.0000	600.0000	0.0000	188.5634	4507.1787
260.0000	1.2180	0.0000	600.0000	0.0000	198.0416	4508.5615
260.0000	1.2180	0.0000	600.0000	0.0000	185.5236	4509.8344
260.0000	1.2180	0.0000	600.0000	0.0000	194.5096	4511.1552
260.0000	1.2180	0.0000	600.0000	0.0000	193.6658	4512.4975
260.0000	1.2180	0.0000	600.0000	0.0000	190.6172	4513.8051
260.0000	1.2180	0.0000	600.0000	0.0000	197.2086	4515.1884
260.0000	1.2180	0.0000	600.0000	0.0000	184.9110	4516.4389
260.0000	1.2180	0.0000	600.0000	0.0000	195.4812	4517.7993
260.0000	1.2180	0.0000	600.0000	0.0000	188.2973	4519.1044
260.0000	1.2180	0.0000	600.0000	0.0000	195.0103	4520.4267
260.0000	1.2180	0.0000	600.0000	0.0000	194.4849	4521.7998
260.0000	1.2180	0.0000	600.0000	0.0000	186.2113	4523.0556
260.0000	1.2180	0.0000	600.0000	0.0000	196.7806	4524.4345
260.0000	1.2180	0.0000	600.0000	0.0000	186.4417	4525.7124
260.0000	1.2180	0.0000	600.0000	0.0000	198.7988	4527.0732
260.0000	1.2180	0.0000	600.0000	0.0000	190.9423	4528.3852
260.0000	1.2180	0.0000	600.0000	0.0000	189.3049	4529.6845
260.0000	1.2180	0.0000	600.0000	0.0000	195.3531	4531.0551
260.0000	1.2180	0.0000	600.0000	0.0000	187.4979	4532.3276
260.0000	1.2180	0.0000	600.0000	0.0000	197.2462	4533.7133
260.0000	1.2180	0.0000	600.0000	0.0000	188.3366	4534.9843
260.0000	1.2180	0.0000	600.0000	0.0000	194.5785	4536.3076
260.0000	1.2180	0.0000	600.0000	0.0000	193.4107	4537.6479
260.0000	1.2180	0.0000	600.0000	0.0000	190.5510	4538.9570
260.0000	1.2180	0.0000	600.0000	0.0000	197.0714	4540.3388
260.0000	1.2180	0.0000	600.0000	0.0000	185.0744	4541.5893
260.0000	1.2180	0.0000	600.0000	0.0000	195.6234	4542.9506
260.0000	1.2180	0.0000	600.0000	0.0000	188.3107	4544.2543
260.0000	1.2180	0.0000	600.0000	0.0000	194.6454	4545.5781
260.0000	1.2180	0.0000	600.0000	0.0000	194.3409	4546.9501
260.0000	1.2180	0.0000	600.0000	0.0000	186.3631	4548.2060
260.0000	1.2180	0.0000	600.0000	0.0000	196.8209	4549.5859
260.0000	1.2180	0.0000	600.0000	0.0000	186.8737	4550.8632
260.0000	1.2180	0.0000	600.0000	0.0000	195.6804	4552.2265
260.0000	1.2180	0.0000	600.0000	0.0000	191.3402	4553.5356
260.0000	1.2180	0.0000	600.0000	0.0000	190.1905	4554.8183
260.0000	1.2180	0.0000	600.0000	0.0000	196.2752	4556.2070
260.0000	1.2180	0.0000	600.0000	0.0000	188.4639	4557.4809
260.0000	1.2180	0.0000	600.0000	0.0000	197.9971	4558.8657
260.0000	1.2180	0.0000	600.0000	0.0000	185.8787	4560.1352
260.0000	1.2180	0.0000	600.0000	0.0000	191.6907	4561.4619
260.0000	1.2180	0.0000	600.0000	0.0000	193.4294	4562.7993
260.0000	1.2180	0.0000	600.0000	0.0000	191.1886	4564.0913
260.0000	1.2180	0.0000	600.0000	0.0000	197.8042	4565.4921
260.0000	1.2180	0.0000	600.0000	0.0000	185.8394	4566.7421
260.0000	1.2180	0.0000	600.0000	0.0000	196.3113	4568.1049
260.0000	1.2180	0.0000	600.0000	0.0000	188.7737	4569.4057
260.0000	1.2180	0.0000	600.0000	0.0000	192.7065	4570.7338
260.0000	1.2180	0.0000	600.0000	0.0000	191.8910	4572.0859
260.0000	1.2180	0.0000	600.0000	0.0000	187.5568	4573.3413
260.0000	1.2180	0.0000	600.0000	0.0000	197.9871	4574.7221
260.0000	1.2180	0.0000	600.0000	0.0000	187.8748	4576.0156
260.0000	1.2180	0.0000	600.0000	0.0000	196.9254	4577.3798
260.0000	1.2180	0.0000	600.0000	0.0000	188.7780	4578.6865
260.0000	1.2180	0.0000	600.0000	0.0000	187.7141	4579.9726
260.0000	1.2180	0.0000	600.0000	0.0000	196.7619	4581.3422
260.0000	1.2180	0.0000	600.0000	0.0000	189.0200	4582.6147
260.0000	1.2180	0.0000	600.0000	0.0000	199.0930	4584.0200
260.0000	1.2180	0.0000	600.0000	0.0000	186.0674	4585.2875
260.0000	1.2180	0.0000	600.0000	0.0000	192.7589	4586.6147
260.0000	1.2180	0.0000	600.0000	0.0000	191.1054	4587.9516
260.0000	1.2180	0.0000	600.0000	0.0000	188.6051	4589.2460
260.0000	1.2180	0.0000	600.0000	0.0000	198.2342	4590.6269
260.0000	1.2180	0.0000	600.0000	0.0000	186.0551	4591.8759
260.0000	1.2180	0.0000	600.0000	0.0000	197.0460	4593.2597
260.0000	1.2180	0.0000	600.0000	0.0000	189.0321	4594.5585
260.0000	1.2180	0.0000	600.0000	0.0000	193.2827	4595.8881
260.0000	1.2180	0.0000	600.0000	0.0000	192.3470	4597.2377
260.0000	1.2180	0.0000	600.0000	0.0000	188.3129	4598.4951
260.0000	1.2180	0.0000	600.0000	0.0000	198.0952	4599.8745
260.0000	1.2180	0.0000	600.0000	0.0000	188.0260	4601.1669
260.0000	1.2180	0.0000	600.0000	0.0000	197.1298	4602.5351
260.0000	1.2180	0.0000	600.0000	0.0000	188.6996	4603.8383
260.0000	1.2180	0.0000	600.0000	0.0000	188.4795	4605.1264
260.0000	1.2180	0.0000	600.0000	0.0000	193.2641	4606.4941
260.0000	1.2180	0.0000	600.0000	0.0000	189.6245	4607.7685
260.0000	1.2180	0.0000	600.0000	0.0000	199.1906	4609.1542
260.0000	1.2180	0.0000	600.0000	0.0000	186.5407	4610.4394
260.0000	1.2180	0.0000	600.0000	0.0000	193.7350	4611.7709
260.0000	1.2180	0.0000	600.0000	0.0000	191.6661	4613.1035
260.0000	1.2180	0.0000	600.0000	0.0000	189.6031	4614.3999
260.0000	1.2180	0.0000	600.0000	0.0000	195.1019	4615.7792
260.0000	1.2180	0.0000	600.0000	0.0000	186.6093	4617.0297
260.0000	1.2180	0.0000	600.0000	0.0000	197.6090	4618.3945
260.0000	1.2180	0.0000	600.0000	0.0000	189.5358	4619.7114
260.0000	1.2180	0.0000	600.0000	0.0000	193.8025	4621.0424
260.0000	1.2180	0.0000	600.0000	0.0000	192.3627	4622.3886
260.0000	1.2180	0.0000	600.0000	0.0000	185.2381	4623.6484
260.0000	1.2180	0.0000	600.0000	0.0000	198.3872	4625.0283
260.0000	1.2180	0.0000	600.0000	0.0000	188.1303	4626.3203
260.0000	1.2180	0.0000	600.0000	0.0000	197.4469	4627.6894
260.0000	1.2180	0.0000	600.0000	0.0000	188.6031	4628.9892
260.0000	1.2180	0.0000	600.0000	0.0000	188.6245	4630.2807
260.0000	1.2180	0.0000	600.0000	0.0000	193.1765	4631.6479
260.0000	1.2180	0.0000	600.0000	0.0000	189.6405	4632.9228
260.0000	1.2180	0.0000	600.0000	0.0000	199.0058	4634.3261
260.0000	1.2180	0.0000	600.0000	0.0000	186.3332	4635.5913
260.0000	1.2180	0.0000	600.0000	0.0000	193.9402	4636.9243
260.0000	1.2180	0.0000	600.0000	0.0000	191.2764	4638.2568
260.0000	1.2180	0.0000	600.0000	0.0000	189.5168	4639.5537
260.0000	1.2180	0.0000	600.0000	0.0000	194.9698	4640.9331
260.0000	1.2180	0.0000	600.0000	0.0000	186.8188	4642.1821
260.0000	1.2180	0.0000	600.0000	0.0000	198.1514	4643.5498
260.0000	1.2180	0.0000	600.0000	0.0000	189.9746	4644.8471
260.0000	1.2180	0.0000	600.0000	0.0000	194.6190	4646.1977
260.0000	1.2180	0.0000	600.0000	0.0000	192.6502	4647.5424
260.0000	1.2180	0.0000	600.0000	0.0000	186.0117	4648.8032
260.0000	1.2180	0.0000	600.0000	0.0000	195.7631	4650.1835
260.0000	1.2180	0.0000	600.0000	0.0000	189.1585	4651.4575
260.0000	1.2180	0.0000	600.0000	0.0000	198.6476	4652.8261
260.0000	1.2180	0.0000	600.0000	0.0000	189.2097	4654.1440
260.0000	1.2180	0.0000	600.0000	0.0000	189.9105	4655.4370
260.0000	1.2180	0.0000	600.0000	0.0000	194.2623	4656.8022
260.0000	1.2180	0.0000	600.0000	0.0000	187.2525	4658.0756
260.0000	1.2180	0.0000	600.0000	0.0000	200.3395	4659.4658
260.0000	1.2180	0.0000	600.0000	0.0000	186.9634	4660.7275
260.0000	1.2180	0.0000	600.0000	0.0000	194.8341	4662.0815
260.0000	1.2180	0.0000	600.0000	0.0000	191.6074	4663.4116
260.0000	1.2180	0.0000	600.0000	0.0000	190.2880	4664.7099
260.0000	1.2180	0.0000	600.0000	0.0000	194.9555	4666.0869
260.0000	1.2180	0.0000	600.0000	0.0000	186.7355	4667.3359
260.0000	1.2180	0.0000	600.0000	0.0000	198.0851	4668.7055
260.0000	1.2180	0.0000	600.0000	0.0000	189.3699	4670.0180
260.0000	1.2180	0.0000	600.0000	0.0000	194.4940	4671.3549
260.0000	1.2180	0.0000	600.0000	0.0000	192.0410	4672.6958
260.0000	1.2180	0.0000	600.0000	0.0000	185.8755	4673.9584
260.0000	1.2180	0.0000	600.0000	0.0000	198.2538	4675.3374
260.0000	1.2180	0.0000	600.0000	0.0000	188.9323	4676.6123
260.0000	1.2180	0.0000	600.0000	0.0000	198.6186	4678.0019
260.0000	1.2180	0.0000	600.0000	0.0000	188.7203	4679.2973
260.0000	1.2180	0.0000	600.0000	0.0000	189.6365	4680.5927
260.0000	1.2180	0.0000	600.0000	0.0000	193.4110	4681.9550
260.0000	1.2180	0.0000	600.0000	0.0000	190.1886	4683.2314
260.0000	1.2180	0.0000	600.0000	0.0000	199.3606	4684.6367
260.0000	1.2180	0.0000	600.0000	0.0000	185.9817	4685.8979
260.0000	1.2180	0.0000	600.0000	0.0000	194.5836	4687.2377
260.0000	1.2180	0.0000	600.0000	0.0000	190.9458	4688.5639
260.0000	1.2180	0.0000	600.0000	0.0000	189.6609	4689.8642
260.0000	1.2180	0.0000	600.0000	0.0000	197.5169	4691.2407
260.0000	1.2180	0.0000	600.0000	0.0000	186.4588	4692.5078
260.0000	1.2180	0.0000	600.0000	0.0000	197.4066	4693.8784
260.0000	1.2180	0.0000	600.0000	0.0000	188.4960	4695.1704
260.0000	1.2180	0.0000	600.0000	0.0000	193.8233	4696.5087
260.0000	1.2180	0.0000	600.0000	0.0000	194.0735	4697.8481
260.0000	1.2180	0.0000	600.0000	0.0000	188.1195	4699.1303
260.0000	1.2180	0.0000	600.0000	0.0000	196.7646	4700.5092
260.0000	1.2180	0.0000	600.0000	0.0000	186.7740	4701.7822
260.0000	1.2180	0.0000	600.0000	0.0000	196.3290	4703.1557
260.0000	1.2180	0.0000	600.0000	0.0000	189.6368	4704.4477
260.0000	1.2180	0.0000	600.0000	0.0000	191.8431	4705.7475
260.0000	1.2180	0.0000	600.0000	0.0000	194.8240	4707.1254
260.0000	1.2180	0.0000	600.0000	0.0000	188.5645	4708.4023
260.0000	1.2180	0.0000	600.0000	0.0000	197.9448	4709.7905
260.0000	1.2180	0.0000	600.0000	0.0000	184.6311	4711.0498
260.0000	1.2180	0.0000	600.0000	0.0000	193.0464	4712.3916
260.0000	1.2180	0.0000	600.0000	0.0000	191.9600	4713.7158
260.0000	1.2180	0.0000	600.0000	0.0000	191.9730	4715.0385
260.0000	1.2180	0.0000	600.0000	0.0000	195.6325	4716.4101
260.0000	1.2180	0.0000	600.0000	0.0000	185.0238	4717.6596
260.0000	1.2180	0.0000	600.0000	0.0000	195.8446	4719.0317
260.0000	1.2180	0.0000	600.0000	0.0000	189.9622	4720.3222
260.0000	1.2180	0.0000	600.0000	0.0000	196.4479	4721.6640
260.0000	1.2180	0.0000	600.0000	0.0000	192.3247	4723.0161
260.0000	1.2180	0.0000	600.0000	0.0000	187.0521	4724.2822
260.0000	1.2180	0.0000	600.0000	0.0000	195.8238	4725.6611
260.0000	1.2180	0.0000	600.0000	0.0000	189.3711	4726.9331
260.0000	1.2180	0.0000	600.0000	0.0000	199.0007	4728.3261
260.0000	1.2180	0.0000	600.0000	0.0000	188.3151	4729.6152
260.0000	1.2180	0.0000	600.0000	0.0000	190.7403	4730.9194
260.0000	1.2180	0.0000	600.0000	0.0000	193.4131	4732.2763
260.0000	1.2180	0.0000	600.0000	0.0000	186.9273	4733.5541
260.0000	1.2180	0.0000	600.0000	0.0000	199.3527	4734.9423
260.0000	1.2180	0.0000	600.0000	0.0000	186.2273	4736.2158
260.0000	1.2180	0.0000	600.0000	0.0000	195.1248	4737.5615
260.0000	1.2180	0.0000	600.0000	0.0000	190.3832	4738.8828
260.0000	1.2180	0.0000	600.0000	0.0000	190.3983	4740.1879
260.0000	1.2180	0.0000	600.0000	0.0000	196.7605	4741.5590
260.0000	1.2180	0.0000	600.0000	0.0000	186.3327	4742.8095
260.0000	1.2180	0.0000	600.0000	0.0000	197.3772	4744.2021
260.0000	1.2180	0.0000	600.0000	0.0000	188.2120	4745.4887
260.0000	1.2180	0.0000	600.0000	0.0000	194.7303	4746.8349
260.0000	1.2180	0.0000	600.0000	0.0000	190.3351	4748.1645
260.0000	1.2180	0.0000	600.0000	0.0000	188.9629	4749.4321
260.0000	1.2180	0.0000	600.0000	0.0000	197.6125	4750.8105
260.0000	1.2180	0.0000	600.0000	0.0000	188.0301	4752.1005
260.0000	1.2180	0.0000	600.0000	0.0000	197.8751	4753.4775
260.0000	1.2180	0.0000	600.0000	0.0000	186.9176	4754.7631
260.0000	1.2180	0.0000	600.0000	0.0000	189.7160	4756.0698
260.0000	1.2180	0.0000	600.0000	0.0000	195.1619	4757.4252
260.0000	1.2180	0.0000	600.0000	0.0000	189.7760	4758.7221
260.0000	1.2180	0.0000	600.0000	0.0000	198.2238	4760.1098
260.0000	1.2180	0.0000	600.0000	0.0000	185.2594	4761.3652
260.0000	1.2180	0.0000	600.0000	0.0000	194.8777	4762.7138
260.0000	1.2180	0.0000	600.0000	0.0000	189.3010	4764.0317
260.0000	1.2180	0.0000	600.0000	0.0000	193.6145	4765.3398
260.0000	1.2180	0.0000	600.0000	0.0000	195.9641	4766.7260
260.0000	1.2180	0.0000	600.0000	0.0000	186.2359	4767.9780
260.0000	1.2180	0.0000	600.0000	0.0000	197.1094	4769.3520
260.0000	1.2180	0.0000	600.0000	0.0000	187.6118	4770.6381
260.0000	1.2180	0.0000	600.0000	0.0000	193.9233	4771.9843
260.0000	1.2180	0.0000	600.0000	0.0000	192.4313	4773.3134
260.0000	1.2180	0.0000	600.0000	0.0000	188.5707	4774.6010
260.0000	1.2180	0.0000	600.0000	0.0000	196.6913	4775.9785
260.0000	1.2180	0.0000	600.0000	0.0000	187.3974	4777.2509
260.0000	1.2180	0.0000	600.0000	0.0000	197.4396	4778.6303
260.0000	1.2180	0.0000	600.0000	0.0000	186.5657	4779.9125
260.0000	1.2180	0.0000	600.0000	0.0000	189.7187	4781.2216
260.0000	1.2180	0.0000	600.0000	0.0000	191.7107	4782.5751
260.0000	1.2180	0.0000	600.0000	0.0000	190.3039	4783.8559
260.0000	1.2180	0.0000	600.0000	0.0000	198.6556	4785.2602
260.0000	1.2180	0.0000	600.0000	0.0000	185.5774	4786.5151
260.0000	1.2180	0.0000	600.0000	0.0000	195.1453	4787.8647
260.0000	1.2180	0.0000	600.0000	0.0000	189.7857	4789.1816
260.0000	1.2180	0.0000	600.0000	0.0000	190.9535	4790.4926
260.0000	1.2180	0.0000	600.0000	0.0000	196.6815	4791.8588
260.0000	1.2180	0.0000	600.0000	0.0000	186.5802	4793.1093
260.0000	1.2180	0.0000	600.0000	0.0000	197.4890	4794.5043
260.0000	1.2180	0.0000	600.0000	0.0000	188.0838	4795.7890
260.0000	1.2180	0.0000	600.0000	0.0000	194.8340	4797.1372
260.0000	1.2180	0.0000	600.0000	0.0000	189.7070	4798.4628
260.0000	1.2180	0.0000	600.0000	0.0000	189.4198	4799.7348
260.0000	1.2180	0.0000	600.0000	0.0000	196.8701	4801.1289
260.0000	1.2180	0.0000	600.0000	0.0000	187.8565	4802.4008
260.0000	1.2180	0.0000	600.0000	0.0000	197.7481	4803.7807
260.0000	1.2180	0.0000	600.0000	0.0000	186.5597	4805.0634
260.0000	1.2180	0.0000	600.0000	0.0000	190.1500	4806.3735
260.0000	1.2180	0.0000	600.0000	0.0000	194.6718	4807.7241
260.0000	1.2180	0.0000	600.0000	0.0000	189.9086	4809.0063
260.0000	1.2180	0.0000	600.0000	0.0000	198.2247	4810.4111
260.0000	1.2180	0.0000	600.0000	0.0000	185.5312	4811.6660
260.0000	1.2180	0.0000	600.0000	0.0000	195.3946	4813.0170
260.0000	1.2180	0.0000	600.0000	0.0000	189.3826	4814.3310
260.0000	1.2180	0.0000	600.0000	0.0000	190.6591	4815.6440
260.0000	1.2180	0.0000	600.0000	0.0000	196.2662	4817.0092
260.0000	1.2180	0.0000	600.0000	0.0000	186.9270	4818.2612
260.0000	1.2180	0.0000	600.0000	0.0000	198.0368	4819.6372
260.0000	1.2180	0.0000	600.0000	0.0000	188.5359	4820.9389
260.0000	1.2180	0.0000	600.0000	0.0000	195.3854	4822.2900
260.0000	1.2180	0.0000	600.0000	0.0000	190.0164	4823.6132
260.0000	1.2180	0.0000	600.0000	0.0000	186.4418	4824.8867
260.0000	1.2180	0.0000	600.0000	0.0000	197.5771	4826.2631
260.0000	1.2180	0.0000	600.0000	0.0000	188.6822	4827.5346
260.0000	1.2180	0.0000	600.0000	0.0000	198.6505	4828.9331
260.0000	1.2180	0.0000	600.0000	0.0000	187.2307	4830.2128
260.0000	1.2180	0.0000	600.0000	0.0000	191.0739	4831.5258
260.0000	1.2180	0.0000	600.0000	0.0000	192.3724	4832.8754
260.0000	1.2180	0.0000	600.0000	0.0000	191.3939	4834.1601
260.0000	1.2180	0.0000	600.0000	0.0000	198.8600	4835.5463
260.0000	1.2180	0.0000	600.0000	0.0000	185.8133	4836.8173
260.0000	1.2180	0.0000	600.0000	0.0000	195.3447	4838.1684
260.0000	1.2180	0.0000	600.0000	0.0000	189.4848	4839.4819
260.0000	1.2180	0.0000	600.0000	0.0000	191.3269	4840.7973
260.0000	1.2180	0.0000	600.0000	0.0000	196.3665	4842.1606
260.0000	1.2180	0.0000	600.0000	0.0000	186.7761	4843.4111
260.0000	1.2180	0.0000	600.0000	0.0000	197.8796	4844.8066
260.0000	1.2180	0.0000	600.0000	0.0000	188.0163	4846.0898
260.0000	1.2180	0.0000	600.0000	0.0000	195.1856	4847.4423
260.0000	1.2180	0.0000	600.0000	0.0000	192.0610	4848.7636
260.0000	1.2180	0.0000	600.0000	0.0000	189.2854	4850.0571
260.0000	1.2180	0.0000	600.0000	0.0000	196.1024	4851.4301
260.0000	1.2180	0.0000	600.0000	0.0000	187.2302	4852.7041
260.0000	1.2180	0.0000	600.0000	0.0000	197.2925	4854.0839
260.0000	1.2180	0.0000	600.0000	0.0000	188.7642	4855.3627
260.0000	1.2180	0.0000	600.0000	0.0000	193.4063	4856.6772
260.0000	1.2180	0.0000	600.0000	0.0000	193.6662	4858.0429
260.0000	1.2180	0.0000	600.0000	0.0000	189.3053	4859.3276
260.0000	1.2180	0.0000	600.0000	0.0000	196.7754	4860.7138
260.0000	1.2180	0.0000	600.0000	0.0000	186.9249	4861.9653
260.0000	1.2180	0.0000	600.0000	0.0000	197.1843	4863.3217
260.0000	1.2180	0.0000	600.0000	0.0000	190.2866	4864.6484
260.0000	1.2180	0.0000	600.0000	0.0000	192.7276	4865.9672
260.0000	1.2180	0.0000	600.0000	0.0000	193.5589	4867.3271
260.0000	1.2180	0.0000	600.0000	0.0000	187.9024	4868.5805
260.0000	1.2180	0.0000	600.0000	0.0000	198.3522	4869.9584
260.0000	1.2180	0.0000	600.0000	0.0000	188.4261	4871.2568
260.0000	1.2180	0.0000	600.0000	0.0000	196.5680	4872.6137
260.0000	1.2180	0.0000	600.0000	0.0000	189.3654	4873.9287
260.0000	1.2180	0.0000	600.0000	0.0000	187.1316	4875.2075
260.0000	1.2180	0.0000	600.0000	0.0000	197.0800	4876.5820
260.0000	1.2180	0.0000	600.0000	0.0000	188.6082	4877.8535
260.0000	1.2180	0.0000	600.0000	0.0000	198.5210	4879.2553
260.0000	1.2180	0.0000	600.0000	0.0000	186.6019	4880.5288
260.0000	1.2180	0.0000	600.0000	0.0000	191.5979	4881.8491
260.0000	1.2180	0.0000	600.0000	0.0000	191.0122	4883.1928
260.0000	1.2180	0.0000	600.0000	0.0000	190.9383	4884.4814
260.0000	1.2180	0.0000	600.0000	0.0000	197.6411	4885.8828
260.0000	1.2180	0.0000	600.0000	0.0000	185.0022	4887.1337
260.0000	1.2180	0.0000	600.0000	0.0000	195.2285	4888.4921
260.0000	1.2180	0.0000	600.0000	0.0000	188.5098	4889.7988
260.0000	1.2180	0.0000	600.0000	0.0000	194.6620	4891.1191
260.0000	1.2180	0.0000	600.0000	0.0000	195.0858	4892.4951
260.0000	1.2180	0.0000	600.0000	0.0000	186.2798	4893.7490
260.0000	1.2180	0.0000	600.0000	0.0000	196.9496	4895.1303
260.0000	1.2180	0.0000	600.0000	0.0000	186.9515	4896.4072
260.0000	1.2180	0.0000	600.0000	0.0000	195.2492	4897.7670
260.0000	1.2180	0.0000	600.0000	0.0000	191.0449	4899.0786
260.0000	1.2180	0.0000	600.0000	0.0000	189.8379	4900.3793
260.0000	1.2180	0.0000	600.0000	0.0000	195.9020	4901.7500
260.0000	1.2180	0.0000	600.0000	0.0000	187.5309	4903.0229
260.0000	1.2180	0.0000	600.0000	0.0000	197.2541	4904.4072
260.0000	1.2180	0.0000	600.0000	0.0000	188.2529	4905.6796
260.0000	1.2180	0.0000	600.0000	0.0000	194.2434	4907.0014
260.0000	1.2180	0.0000	600.0000	0.0000	193.3988	4908.3603
260.0000	1.2180	0.0000	600.0000	0.0000	190.0518	4909.6503
260.0000	1.2180	0.0000	600.0000	0.0000	196.7810	4911.0336
260.0000	1.2180	0.0000	600.0000	0.0000	184.6330	4912.2846
260.0000	1.2180	0.0000	600.0000	0.0000	194.5426	4913.6464
260.0000	1.2180	0.0000	600.0000	0.0000	190.8946	4914.9497
260.0000	1.2180	0.0000	600.0000	0.0000	194.3552	4916.2924
260.0000	1.2180	0.0000	600.0000	0.0000	193.9774	4917.6450
260.0000	1.2180	0.0000	600.0000	0.0000	186.1248	4918.9003
260.0000	1.2180	0.0000	600.0000	0.0000	196.4826	4920.2812
260.0000	1.2180	0.0000	600.0000	0.0000	186.4955	4921.5581
260.0000	1.2180	0.0000	600.0000	0.0000	198.5653	4922.9204
260.0000	1.2180	0.0000	600.0000	0.0000	190.5325	4924.2460
260.0000	1.2180	0.0000	600.0000	0.0000	189.7901	4925.5317
260.0000	1.2180	0.0000	600.0000	0.0000	195.7535	4926.9038
260.0000	1.2180	0.0000	600.0000	0.0000	187.7039	4928.1748
260.0000	1.2180	0.0000	600.0000	0.0000	197.8185	4929.5605
260.0000	1.2180	0.0000	600.0000	0.0000	185.1324	4930.8310
260.0000	1.2180	0.0000	600.0000	0.0000	194.7232	4932.1542
260.0000	1.2180	0.0000	600.0000	0.0000	193.6252	4933.4960
260.0000	1.2180	0.0000	600.0000	0.0000	190.8199	4934.8046
260.0000	1.2180	0.0000	600.0000	0.0000	196.9614	4936.1870
260.0000	1.2180	0.0000	600.0000	0.0000	185.0118	4937.4365
260.0000	1.2180	0.0000	600.0000	0.0000	195.7104	4938.8002
260.0000	1.2180	0.0000	600.0000	0.0000	188.5879	4940.1030
260.0000	1.2180	0.0000	600.0000	0.0000	191.9065	4941.4277
260.0000	1.2180	0.0000	600.0000	0.0000	195.0802	4942.7812
260.0000	1.2180	0.0000	600.0000	0.0000	187.4441	4944.0375
260.0000	1.2180	0.0000	600.0000	0.0000	197.4246	4945.4345
260.0000	1.2180	0.0000	600.0000	0.0000	187.5694	4946.7119
260.0000	1.2180	0.0000	600.0000	0.0000	196.5561	4948.0747
260.0000	1.2180	0.0000	600.0000	0.0000	188.5232	4949.3833
260.0000	1.2180	0.0000	600.0000	0.0000	191.1339	4950.6689
260.0000	1.2180	0.0000	600.0000	0.0000	196.4648	4952.0380
260.0000	1.2180	0.0000	600.0000	0.0000	188.8776	4953.3110
260.0000	1.2180	0.0000	600.0000	0.0000	198.7191	4954.7153
260.0000	1.2180	0.0000	600.0000	0.0000	186.2769	4955.9843
260.0000	1.2180	0.0000	600.0000	0.0000	192.4741	4957.3110
260.0000	1.2180	0.0000	600.0000	0.0000	191.3255	4958.6484
260.0000	1.2180	0.0000	600.0000	0.0000	188.5944	4959.9409
260.0000	1.2180	0.0000	600.0000	0.0000	198.3671	4961.3217
260.0000	1.2180	0.0000	600.0000	0.0000	186.3031	4962.5717
260.0000	1.2180	0.0000	600.0000	0.0000	197.3551	4963.9355
260.0000	1.2180	0.0000	600.0000	0.0000	189.6570	4965.2548
260.0000	1.2180	0.0000	600.0000	0.0000	193.5772	4966.5830
260.0000	1.2180	0.0000	600.0000	0.0000	192.8135	4967.9331
260.0000	1.2180	0.0000	600.0000	0.0000	185.0615	4969.1899
260.0000	1.2180	0.0000	600.0000	0.0000	195.3938	4970.5708
260.0000	1.2180	0.0000	600.0000	0.0000	188.7082	4971.8471
260.0000	1.2180	0.0000	600.0000	0.0000	197.8059	4973.2304
260.0000	1.2180	0.0000	600.0000	0.0000	189.3742	4974.5351
260.0000	1.2180	0.0000	600.0000	0.0000	189.0582	4975.8232
260.0000	1.2180	0.0000	600.0000	0.0000	194.3632	4977.1909
260.0000	1.2180	0.0000	600.0000	0.0000	186.2925	4978.4633
260.0000	1.2180	0.0000	600.0000	0.0000	200.1066	4979.8515
260.0000	1.2180	0.0000	600.0000	0.0000	187.2384	4981.1181
260.0000	1.2180	0.0000	600.0000	0.0000	193.9411	4982.4638
260.0000	1.2180	0.0000	600.0000	0.0000	192.1115	4983.8012
260.0000	1.2180	0.0000	600.0000	0.0000	189.7679	4985.0937
260.0000	1.2180	0.0000	600.0000	0.0000	195.9826	4986.4755
260.0000	1.2180	0.0000	600.0000	0.0000	184.0522	4987.7250
260.0000	1.2180	0.0000	600.0000	0.0000	194.5056	4989.0903
260.0000	1.2180	0.0000	600.0000	0.0000	190.5989	4990.3911
260.0000	1.2180	0.0000	600.0000	0.0000	194.4906	4991.7373
260.0000	1.2180	0.0000	600.0000	0.0000	193.0999	4993.0844
260.0000	1.2180	0.0000	600.0000	0.0000	185.7656	4994.3427
260.0000	1.2180	0.0000	600.0000	0.0000	196.2161	4995.7241
260.0000	1.2180	0.0000	600.0000	0.0000	186.6051	4997.0000
Target: 280.000
280.0000	1.2180	0.0000	600.0000	0.0000	196.2486	4998.5346
280.0000	1.2180	0.0000	600.0000	0.0000	188.8633	4999.8183
280.0000	1.2180	0.0000	600.0000	0.0000	192.6985	5001.1254
280.0000	1.2180	0.0000	600.0000	0.0000	194.1470	5002.4941
280.0000	1.2180	0.0000	600.0000	0.0000	188.7749	5003.7739
280.0000	1.2180	0.0000	600.0000	0.0000	197.3796	5005.1606
280.0000	1.2180	0.0000	600.0000	0.0000	184.7034	5006.4145
280.0000	1.2180	0.0000	600.0000	0.0000	193.7845	5007.7622
280.0000	1.2180	0.0000	600.0000	0.0000	191.5960	5009.0781
280.0000	1.2180	0.0000	600.0000	0.0000	192.8296	5010.3857
280.0000	1.2180	0.0000	600.0000	0.0000	195.2683	5011.7709
280.0000	1.2180	0.0000	600.0000	0.0000	185.2171	5013.0209
280.0000	1.2180	0.0000	600.0000	0.0000	196.0400	5014.3964
280.0000	1.2180	0.0000	600.0000	0.0000	186.5843	5015.6801
280.0000	1.2180	0.0000	600.0000	0.0000	197.1300	5017.0273
00	1.2180	0280.00.0000	600.0000	0.0000	191.7078	5018.3701
	1.2180	0.0000	600.0000	0.0000	187.5311	5019.64280.000011
280.0000	1.2180	0.0000	600.0000	0.0000	196.0781	5021.0175
280.0000	1.2180	0.0000	600.0000	0.0000	186.8436	5022.2880
280.0000	1.2180	0.0000	600.0000	0.0000	196.8104	5023.6669
280.0000	1.2180	0.0000	600.0000	0.0000	186.2683	5024.9506
280.0000	1.2180	0.0000	600.0000	0.0000	192.6847	5026.2573
280.0000	1.2180	0.0000	600.0000	0.0000	194.5422	5027.6103
280.0000	1.2180	0.0000	600.0000	0.0000	189.1577	5028.9072
280.0000	1.2180	0.0000	600.0000	0.0000	197.9239	5030.2954
280.0000	1.2180	0.0000	600.0000	0.0000	184.8970	5031.5493
280.0000	1.2180	0.0000	600.0000	0.0000	194.0820	5032.8979
280.0000	1.2180	0.0000	600.0000	0.0000	192.1171	5034.2153
280.0000	1.2180	0.0000	600.0000	0.0000	193.5434	5035.5249
280.0000	1.2180	0.0000	600.0000	0.0000	195.4275	5036.9082
280.0000	1.2180	0.0000	600.0000	0.0000	185.2378	5038.1577
280.0000	1.2180	0.0000	600.0000	0.0000	196.4505	5039.5336
280.0000	1.2180	0.0000	600.0000	0.0000	187.2119	5040.8183
280.0000	1.2180	0.0000	600.0000	0.0000	197.7807	5042.1660
280.0000	1.2180	0.0000	600.0000	0.0000	191.9308	5043.4921
280.0000	1.2180	0.0000	600.0000	0.0000	188.4008	5044.7812
280.0000	1.2180	0.0000	600.0000	0.0000	196.3221	5046.1562
280.0000	1.2180	0.0000	600.0000	0.0000	187.0532	5047.4272
280.0000	1.2180	0.0000	600.0000	0.0000	196.9419	5048.8066
280.0000	1.2180	0.0000	600.0000	0.0000	186.4198	5050.0903
280.0000	1.2180	0.0000	600.0000	0.0000	193.3074	5051.3979
280.0000	1.2180	0.0000	600.0000	0.0000	194.7547	5052.7509
280.0000	1.2180	0.0000	600.0000	0.0000	189.8551	5054.0317
280.0000	1.2180	0.0000	600.0000	0.0000	198.1913	5055.4365
280.0000	1.2180	0.0000	600.0000	0.0000	185.1563	5056.6909
280.0000	1.2180	0.0000	600.0000	0.0000	194.9068	5058.0400
280.0000	1.2180	0.0000	600.0000	0.0000	189.6145	5059.3554
280.0000	1.2180	0.0000	600.0000	0.0000	190.5053	5060.6665
280.0000	1.2180	0.0000	600.0000	0.0000	195.8550	5062.0312
280.0000	1.2180	0.0000	600.0000	0.0000	186.0215	5063.3012
280.0000	1.2180	0.0000	600.0000	0.0000	197.3808	5064.6762
280.0000	1.2180	0.0000	600.0000	0.0000	187.8604	5065.9599
280.0000	1.2180	0.0000	600.0000	0.0000	194.9730	5067.3090
280.0000	1.2180	0.0000	600.0000	0.0000	189.6796	5068.6357
280.0000	1.2180	0.0000	600.0000	0.0000	188.9631	5069.9057
280.0000	1.2180	0.0000	600.0000	0.0000	197.1872	5071.2827
280.0000	1.2180	0.0000	600.0000	0.0000	187.7395	5072.5722
280.0000	1.2180	0.0000	600.0000	0.0000	197.9652	5073.9511
280.0000	1.2180	0.0000	600.0000	0.0000	186.4822	5075.2329
280.0000	1.2180	0.0000	600.0000	0.0000	189.9600	5076.5429
280.0000	1.2180	0.0000	600.0000	0.0000	194.8325	5077.8940
280.0000	1.2180	0.0000	600.0000	0.0000	190.3145	5079.1767
280.0000	1.2180	0.0000	600.0000	0.0000	198.2590	5080.5800
280.0000	1.2180	0.0000	600.0000	0.0000	185.4256	5081.8354
280.0000	1.2180	0.0000	600.0000	0.0000	195.2128	5083.1855
280.0000	1.2180	0.0000	600.0000	0.0000	189.9352	5084.5009
280.0000	1.2180	0.0000	600.0000	0.0000	190.4006	5085.8115
280.0000	1.2180	0.0000	600.0000	0.0000	196.2442	5087.1787
280.0000	1.2180	0.0000	600.0000	0.0000	186.2201	5088.4467
280.0000	1.2180	0.0000	600.0000	0.0000	197.4754	5089.8227
280.0000	1.2180	0.0000	600.0000	0.0000	188.2213	5091.1069
280.0000	1.2180	0.0000	600.0000	0.0000	195.4037	5092.4560
280.0000	1.2180	0.0000	600.0000	0.0000	190.2031	5093.7817
280.0000	1.2180	0.0000	600.0000	0.0000	186.1508	5095.0527
280.0000	1.2180	0.0000	600.0000	0.0000	197.7312	5096.4301
280.0000	1.2180	0.0000	600.0000	0.0000	188.7628	5097.7016
280.0000	1.2180	0.0000	600.0000	0.0000	198.5186	5099.0996
280.0000	1.2180	0.0000	600.0000	0.0000	187.8562	5100.3798
280.0000	1.2180	0.0000	600.0000	0.0000	191.5570	5101.6914
280.0000	1.2180	0.0000	600.0000	0.0000	193.0295	5103.0419
280.0000	1.2180	0.0000	600.0000	0.0000	188.5218	5104.3237
280.0000	1.2180	0.0000	600.0000	0.0000	196.7269	5105.7114
280.0000	1.2180	0.0000	600.0000	0.0000	186.8704	5106.9648
280.0000	1.2180	0.0000	600.0000	0.0000	197.0908	5108.3164
280.0000	1.2180	0.0000	600.0000	0.0000	191.4268	5109.6328
280.0000	1.2180	0.0000	600.0000	0.0000	192.8079	5110.9624
280.0000	1.2180	0.0000	600.0000	0.0000	194.6484	5112.3271
280.0000	1.2180	0.0000	600.0000	0.0000	184.9915	5113.5766
280.0000	1.2180	0.0000	600.0000	0.0000	195.6254	5114.9550
280.0000	1.2180	0.0000	600.0000	0.0000	189.3777	5116.2377
280.0000	1.2180	0.0000	600.0000	0.0000	197.1029	5117.5888
280.0000	1.2180	0.0000	600.0000	0.0000	191.6631	5118.9306
280.0000	1.2180	0.0000	600.0000	0.0000	188.1780	5120.2041
280.0000	1.2180	0.0000	600.0000	0.0000	195.8910	5121.5805
280.0000	1.2180	0.0000	600.0000	0.0000	187.1234	5122.8520
280.0000	1.2180	0.0000	600.0000	0.0000	197.0317	5124.2329
280.0000	1.2180	0.0000	600.0000	0.0000	188.9676	5125.5136
280.0000	1.2180	0.0000	600.0000	0.0000	193.3023	5126.8247
280.0000	1.2180	0.0000	600.0000	0.0000	194.0865	5128.1752
280.0000	1.2180	0.0000	600.0000	0.0000	189.8225	5129.4775
280.0000	1.2180	0.0000	600.0000	0.0000	197.6785	5130.8642
280.0000	1.2180	0.0000	600.0000	0.0000	184.6017	5132.1162
280.0000	1.2180	0.0000	600.0000	0.0000	194.6627	5133.4697
280.0000	1.2180	0.0000	600.0000	0.0000	189.0097	5134.7832
280.0000	1.2180	0.0000	600.0000	0.0000	194.2183	5136.0986
280.0000	1.2180	0.0000	600.0000	0.0000	195.7915	5137.4619
280.0000	1.2180	0.0000	600.0000	0.0000	186.3704	5138.7314
280.0000	1.2180	0.0000	600.0000	0.0000	197.0621	5140.1083
280.0000	1.2180	0.0000	600.0000	0.0000	187.4367	5141.3896
280.0000	1.2180	0.0000	600.0000	0.0000	195.0341	5142.7436
280.0000	1.2180	0.0000	600.0000	0.0000	188.8935	5144.0654
280.0000	1.2180	0.0000	600.0000	0.0000	189.3059	5145.3393
280.0000	1.2180	0.0000	600.0000	0.0000	196.9449	5146.7153
280.0000	1.2180	0.0000	600.0000	0.0000	188.1234	5148.0048
280.0000	1.2180	0.0000	600.0000	0.0000	198.3597	5149.3867
280.0000	1.2180	0.0000	600.0000	0.0000	186.9765	5150.6660
280.0000	1.2180	0.0000	600.0000	0.0000	191.0606	5151.9794
280.0000	1.2180	0.0000	600.0000	0.0000	191.7056	5153.3286
280.0000	1.2180	0.0000	600.0000	0.0000	191.0070	5154.6137
280.0000	1.2180	0.0000	600.0000	0.0000	198.4713	5156.0166
280.0000	1.2180	0.0000	600.0000	0.0000	185.4559	5157.2700
280.0000	1.2180	0.0000	600.0000	0.0000	195.6800	5158.6235
280.0000	1.2180	0.0000	600.0000	0.0000	189.1402	5159.9360
280.0000	1.2180	0.0000	600.0000	0.0000	191.0948	5161.2514
280.0000	1.2180	0.0000	600.0000	0.0000	192.9785	5162.6142
280.0000	1.2180	0.0000	600.0000	0.0000	187.0114	5163.8666
280.0000	1.2180	0.0000	600.0000	0.0000	198.0017	5165.2441
280.0000	1.2180	0.0000	600.0000	0.0000	188.3682	5166.5439
280.0000	1.2180	0.0000	600.0000	0.0000	196.0256	5167.8994
280.0000	1.2180	0.0000	600.0000	0.0000	189.4545	5169.2192
280.0000	1.2180	0.0000	600.0000	0.0000	189.9694	5170.4946
280.0000	1.2180	0.0000	600.0000	0.0000	197.3084	5171.8706
280.0000	1.2180	0.0000	600.0000	0.0000	188.3822	5173.1606
280.0000	1.2180	0.0000	600.0000	0.0000	198.3753	5174.5424
280.0000	1.2180	0.0000	600.0000	0.0000	186.6532	5175.8203
280.0000	1.2180	0.0000	600.0000	0.0000	191.0773	5177.1372
280.0000	1.2180	0.0000	600.0000	0.0000	194.1960	5178.4829
280.0000	1.2180	0.0000	600.0000	0.0000	190.6427	5179.7880
280.0000	1.2180	0.0000	600.0000	0.0000	197.8807	5181.1728
280.0000	1.2180	0.0000	600.0000	0.0000	185.2064	5182.4248
280.0000	1.2180	0.0000	600.0000	0.0000	195.4079	5183.7822
280.0000	1.2180	0.0000	600.0000	0.0000	188.9112	5185.0903
280.0000	1.2180	0.0000	600.0000	0.0000	191.1888	5186.4096
280.0000	1.2180	0.0000	600.0000	0.0000	195.6031	5187.7695
280.0000	1.2180	0.0000	600.0000	0.0000	186.3804	5189.0400
280.0000	1.2180	0.0000	600.0000	0.0000	197.1640	5190.4189
280.0000	1.2180	0.0000	600.0000	0.0000	187.6980	5191.6992
280.0000	1.2180	0.0000	600.0000	0.0000	195.4428	5193.0566
280.0000	1.2180	0.0000	600.0000	0.0000	188.9002	5194.3730
280.0000	1.2180	0.0000	600.0000	0.0000	190.1064	5195.6528
280.0000	1.2180	0.0000	600.0000	0.0000	196.7313	5197.0263
280.0000	1.2180	0.0000	600.0000	0.0000	188.2342	5198.3159
280.0000	1.2180	0.0000	600.0000	0.0000	198.2537	5199.6997
280.0000	1.2180	0.0000	600.0000	0.0000	186.3550	5200.9731
280.0000	1.2180	0.0000	600.0000	0.0000	191.5747	5202.2929
280.0000	1.2180	0.0000	600.0000	0.0000	190.9926	5203.6381
280.0000	1.2180	0.0000	600.0000	0.0000	190.9297	5204.9257
280.0000	1.2180	0.0000	600.0000	0.0000	198.0919	5206.3291
280.0000	1.2180	0.0000	600.0000	0.0000	185.7632	5207.5795
280.0000	1.2180	0.0000	600.0000	0.0000	196.2816	5208.9399
280.0000	1.2180	0.0000	600.0000	0.0000	189.3939	5210.2456
280.0000	1.2180	0.0000	600.0000	0.0000	191.8576	5211.5668
280.0000	1.2180	0.0000	600.0000	0.0000	192.5563	5212.9238
280.0000	1.2180	0.0000	600.0000	0.0000	187.6255	5214.1796
280.0000	1.2180	0.0000	600.0000	0.0000	198.3699	5215.5581
280.0000	1.2180	0.0000	600.0000	0.0000	188.4846	5216.8544
280.0000	1.2180	0.0000	600.0000	0.0000	196.7403	5218.2148
280.0000	1.2180	0.0000	600.0000	0.0000	189.8384	5219.5283
280.0000	1.2180	0.0000	600.0000	0.0000	187.9523	5220.8095
280.0000	1.2180	0.0000	600.0000	0.0000	194.1893	5222.1816
280.0000	1.2180	0.0000	600.0000	0.0000	186.4524	5223.4550
280.0000	1.2180	0.0000	600.0000	0.0000	199.6978	5224.8378
280.0000	1.2180	0.0000	600.0000	0.0000	187.3807	5226.1289
280.0000	1.2180	0.0000	600.0000	0.0000	192.8478	5227.4526
280.0000	1.2180	0.0000	600.0000	0.0000	192.2639	5228.7934
280.0000	1.2180	0.0000	600.0000	0.0000	188.8213	5230.0830
280.0000	1.2180	0.0000	600.0000	0.0000	195.2965	5231.4663
280.0000	1.2180	0.0000	600.0000	0.0000	186.2913	5232.7172
280.0000	1.2180	0.0000	600.0000	0.0000	197.2671	5234.0776
280.0000	1.2180	0.0000	600.0000	0.0000	189.8993	5235.4003
280.0000	1.2180	0.0000	600.0000	0.0000	193.1352	5236.7246
280.0000	1.2180	0.0000	600.0000	0.0000	192.9816	5238.0795
280.0000	1.2180	0.0000	600.0000	0.0000	184.9028	5239.3339
280.0000	1.2180	0.0000	600.0000	0.0000	195.7793	5240.7143
280.0000	1.2180	0.0000	600.0000	0.0000	189.1232	5241.9921
280.0000	1.2180	0.0000	600.0000	0.0000	198.3259	5243.3544
280.0000	1.2180	0.0000	600.0000	0.0000	190.3174	5244.6821
280.0000	1.2180	0.0000	600.0000	0.0000	189.0052	5245.9653
280.0000	1.2180	0.0000	600.0000	0.0000	195.0485	5247.3364
280.0000	1.2180	0.0000	600.0000	0.0000	187.0913	5248.6098
280.0000	1.2180	0.0000	600.0000	0.0000	196.7730	5249.9956
280.0000	1.2180	0.0000	600.0000	0.0000	188.2950	5251.2661
280.0000	1.2180	0.0000	600.0000	0.0000	194.6608	5252.5898
280.0000	1.2180	0.0000	600.0000	0.0000	193.4847	5253.9306
280.0000	1.2180	0.0000	600.0000	0.0000	190.7802	5255.2397
280.0000	1.2180	0.0000	600.0000	0.0000	197.2549	5256.6215
280.0000	1.2180	0.0000	600.0000	0.0000	184.8624	5257.8720
280.0000	1.2180	0.0000	600.0000	0.0000	195.4375	5259.2333
280.0000	1.2180	0.0000	600.0000	0.0000	188.2766	5260.5366
280.0000	1.2180	0.0000	600.0000	0.0000	194.9332	5261.8623
280.0000	1.2180	0.0000	600.0000	0.0000	194.3455	5263.2338
280.0000	1.2180	0.0000	600.0000	0.0000	186.3433	5264.4897
280.0000	1.2180	0.0000	600.0000	0.0000	196.8909	5265.8696
280.0000	1.2180	0.0000	600.0000	0.0000	186.8351	5267.1464
280.0000	1.2180	0.0000	600.0000	0.0000	195.4974	5268.5092
280.0000	1.2180	0.0000	600.0000	0.0000	191.0721	5269.8183
280.0000	1.2180	0.0000	600.0000	0.0000	190.1932	5271.1025
280.0000	1.2180	0.0000	600.0000	0.0000	195.8056	5272.4902
280.0000	1.2180	0.0000	600.0000	0.0000	188.1860	5273.7641
280.0000	1.2180	0.0000	600.0000	0.0000	198.1536	5275.1508
280.0000	1.2180	0.0000	600.0000	0.0000	185.4386	5276.4194
280.0000	1.2180	0.0000	600.0000	0.0000	191.6439	5277.7470
280.0000	1.2180	0.0000	600.0000	0.0000	193.4881	5279.0849
280.0000	1.2180	0.0000	600.0000	0.0000	190.8721	5280.3754
280.0000	1.2180	0.0000	600.0000	0.0000	197.0605	5281.7768
280.0000	1.2180	0.0000	600.0000	0.0000	185.1690	5283.0263
280.0000	1.2180	0.0000	600.0000	0.0000	195.7374	5284.3916
280.0000	1.2180	0.0000	600.0000	0.0000	188.0190	5285.6923
280.0000	1.2180	0.0000	600.0000	0.0000	195.6797	5287.0200
280.0000	1.2180	0.0000	600.0000	0.0000	194.5956	5288.3706
280.0000	1.2180	0.0000	600.0000	0.0000	187.1773	5289.6274
280.0000	1.2180	0.0000	600.0000	0.0000	197.5767	5291.0263
280.0000	1.2180	0.0000	600.0000	0.0000	187.7907	5292.3017
280.0000	1.2180	0.0000	600.0000	0.0000	196.9609	5293.6674
280.0000	1.2180	0.0000	600.0000	0.0000	188.8734	5294.9741
280.0000	1.2180	0.0000	600.0000	0.0000	188.1378	5296.2607
280.0000	1.2180	0.0000	600.0000	0.0000	193.4055	5297.6293
280.0000	1.2180	0.0000	600.0000	0.0000	189.3666	5298.9023
280.0000	1.2180	0.0000	600.0000	0.0000	199.4423	5300.2890
280.0000	1.2180	0.0000	600.0000	0.0000	186.8195	5301.5747
280.0000	1.2180	0.0000	600.0000	0.0000	193.5199	5302.9047
280.0000	1.2180	0.0000	600.0000	0.0000	191.6980	5304.2402
280.0000	1.2180	0.0000	600.0000	0.0000	189.5816	5305.5336
280.0000	1.2180	0.0000	600.0000	0.0000	195.3368	5306.9150
280.0000	1.2180	0.0000	600.0000	0.0000	186.8775	5308.1640
280.0000	1.2180	0.0000	600.0000	0.0000	197.8300	5309.5283
280.0000	1.2180	0.0000	600.0000	0.0000	190.4089	5310.8315
280.0000	1.2180	0.0000	600.0000	0.0000	194.3650	5312.1767
280.0000	1.2180	0.0000	600.0000	0.0000	193.2513	5313.5253
280.0000	1.2180	0.0000	600.0000	0.0000	186.1021	5314.7836
280.0000	1.2180	0.0000	600.0000	0.0000	196.5385	5316.1655
280.0000	1.2180	0.0000	600.0000	0.0000	186.2201	5317.4409
280.0000	1.2180	0.0000	600.0000	0.0000	198.8322	5318.8056
280.0000	1.2180	0.0000	600.0000	0.0000	190.3905	5320.1118
280.0000	1.2180	0.0000	600.0000	0.0000	190.3529	5321.4189
280.0000	1.2180	0.0000	600.0000	0.0000	195.1548	5322.7851
280.0000	1.2180	0.0000	600.0000	0.0000	188.0971	5324.0605
280.0000	1.2180	0.0000	600.0000	0.0000	197.8221	5325.4462
280.0000	1.2180	0.0000	600.0000	0.0000	185.2722	5326.7133
280.0000	1.2180	0.0000	600.0000	0.0000	191.7860	5328.0429
280.0000	1.2180	0.0000	600.0000	0.0000	193.3506	5329.3789
280.0000	1.2180	0.0000	600.0000	0.0000	191.5301	5330.6733
280.0000	1.2180	0.0000	600.0000	0.0000	197.1825	5332.0708
280.0000	1.2180	0.0000	600.0000	0.0000	185.5351	5333.3222
280.0000	1.2180	0.0000	600.0000	0.0000	196.6906	5334.6875
280.0000	1.2180	0.0000	600.0000	0.0000	188.5675	5335.9863
280.0000	1.2180	0.0000	600.0000	0.0000	193.1752	5337.3173
280.0000	1.2180	0.0000	600.0000	0.0000	191.8114	5338.6645
280.0000	1.2180	0.0000	600.0000	0.0000	184.8929	5339.9243
280.0000	1.2180	0.0000	600.0000	0.0000	198.2493	5341.3037
280.0000	1.2180	0.0000	600.0000	0.0000	188.3517	5342.5971
280.0000	1.2180	0.0000	600.0000	0.0000	197.7591	5343.9653
280.0000	1.2180	0.0000	600.0000	0.0000	188.6542	5345.2666
280.0000	1.2180	0.0000	600.0000	0.0000	188.5618	5346.5581
280.0000	1.2180	0.0000	600.0000	0.0000	193.0910	5347.9243
280.0000	1.2180	0.0000	600.0000	0.0000	189.5832	5349.1992
280.0000	1.2180	0.0000	600.0000	0.0000	199.4471	5350.5864
280.0000	1.2180	0.0000	600.0000	0.0000	186.6071	5351.8691
280.0000	1.2180	0.0000	600.0000	0.0000	193.9032	5353.2021
280.0000	1.2180	0.0000	600.0000	0.0000	191.7545	5354.5332
280.0000	1.2180	0.0000	600.0000	0.0000	189.9762	5355.8305
280.0000	1.2180	0.0000	600.0000	0.0000	195.9366	5357.2109
280.0000	1.2180	0.0000	600.0000	0.0000	184.3548	5358.4604
280.0000	1.2180	0.0000	600.0000	0.0000	195.1940	5359.8276
280.0000	1.2180	0.0000	600.0000	0.0000	190.3615	5361.1250
280.0000	1.2180	0.0000	600.0000	0.0000	195.1068	5362.4765
280.0000	1.2180	0.0000	600.0000	0.0000	192.9007	5363.8198
280.0000	1.2180	0.0000	600.0000	0.0000	186.5186	5365.0800
280.0000	1.2180	0.0000	600.0000	0.0000	196.3813	5366.4599
280.0000	1.2180	0.0000	600.0000	0.0000	186.2858	5367.7358
280.0000	1.2180	0.0000	600.0000	0.0000	199.0150	5369.1030
280.0000	1.2180	0.0000	600.0000	0.0000	190.0740	5370.4047
280.0000	1.2180	0.0000	600.0000	0.0000	190.8124	5371.7148
280.0000	1.2180	0.0000	600.0000	0.0000	195.0706	5373.0791
280.0000	1.2180	0.0000	600.0000	0.0000	188.3172	5374.3544
280.0000	1.2180	0.0000	600.0000	0.0000	197.5685	5375.7416
280.0000	1.2180	0.0000	600.0000	0.0000	185.1131	5377.0058
280.0000	1.2180	0.0000	600.0000	0.0000	192.0764	5378.3398
280.0000	1.2180	0.0000	600.0000	0.0000	192.8709	5379.6713
280.0000	1.2180	0.0000	600.0000	0.0000	191.6284	5380.9863
280.0000	1.2180	0.0000	600.0000	0.0000	196.6946	5382.3642
280.0000	1.2180	0.0000	600.0000	0.0000	185.1743	5383.6147
280.0000	1.2180	0.0000	600.0000	0.0000	196.3310	5384.9824
280.0000	1.2180	0.0000	600.0000	0.0000	187.5431	5386.2778
280.0000	1.2180	0.0000	600.0000	0.0000	196.2248	5387.6123
280.0000	1.2180	0.0000	600.0000	0.0000	193.8884	5388.9565
280.0000	1.2180	0.0000	600.0000	0.0000	187.4271	5390.2343
280.0000	1.2180	0.0000	600.0000	0.0000	197.1397	5391.6157
280.0000	1.2180	0.0000	600.0000	0.0000	187.4405	5392.8896
280.0000	1.2180	0.0000	600.0000	0.0000	196.8581	5394.2602
280.0000	1.2180	0.0000	600.0000	0.0000	187.2451	5395.5581
280.0000	1.2180	0.0000	600.0000	0.0000	192.0308	5396.8530
280.0000	1.2180	0.0000	600.0000	0.0000	195.6300	5398.2163
280.0000	1.2180	0.0000	600.0000	0.0000	188.9653	5399.5087
280.0000	1.2180	0.0000	600.0000	0.0000	198.1932	5400.8979
280.0000	1.2180	0.0000	600.0000	0.0000	185.5841	5402.1606
280.0000	1.2180	0.0000	600.0000	0.0000	193.2360	5403.4956
280.0000	1.2180	0.0000	600.0000	0.0000	189.8454	5404.8266
280.0000	1.2180	0.0000	600.0000	0.0000	192.5479	5406.1259
280.0000	1.2180	0.0000	600.0000	0.0000	197.1034	5407.5205
280.0000	1.2180	0.0000	600.0000	0.0000	185.4396	5408.7700
280.0000	1.2180	0.0000	600.0000	0.0000	196.7573	5410.1396
280.0000	1.2180	0.0000	600.0000	0.0000	187.8770	5411.4326
280.0000	1.2180	0.0000	600.0000	0.0000	193.2257	5412.7709
280.0000	1.2180	0.0000	600.0000	0.0000	193.4161	5414.1113
280.0000	1.2180	0.0000	600.0000	0.0000	187.1247	5415.3911
280.0000	1.2180	0.0000	600.0000	0.0000	196.5438	5416.7709
280.0000	1.2180	0.0000	600.0000	0.0000	186.8693	5418.0458
280.0000	1.2180	0.0000	600.0000	0.0000	199.6934	5419.4179
280.0000	1.2180	0.0000	600.0000	0.0000	189.6889	5420.7133
280.0000	1.2180	0.0000	600.0000	0.0000	191.3510	5422.0283
280.0000	1.2180	0.0000	600.0000	0.0000	194.7818	5423.3891
280.0000	1.2180	0.0000	600.0000	0.0000	188.3611	5424.6655
280.0000	1.2180	0.0000	600.0000	0.0000	197.4585	5426.0532
280.0000	1.2180	0.0000	600.0000	0.0000	184.6611	5427.3139
280.0000	1.2180	0.0000	600.0000	0.0000	193.0401	5428.6547
280.0000	1.2180	0.0000	600.0000	0.0000	192.2748	5429.9794
280.0000	1.2180	0.0000	600.0000	0.0000	192.3322	5431.2827
280.0000	1.2180	0.0000	600.0000	0.0000	196.6031	5432.6752
280.0000	1.2180	0.0000	600.0000	0.0000	185.5438	5433.9248
280.0000	1.2180	0.0000	600.0000	0.0000	196.6154	5435.2963
280.0000	1.2180	0.0000	600.0000	0.0000	187.9469	5436.5874
280.0000	1.2180	0.0000	600.0000	0.0000	193.8045	5437.9277
280.0000	1.2180	0.0000	600.0000	0.0000	193.7418	5439.2661
280.0000	1.2180	0.0000	600.0000	0.0000	188.2374	5440.5292
280.0000	1.2180	0.0000	600.0000	0.0000	197.5804	5441.9277
280.0000	1.2180	0.0000	600.0000	0.0000	187.8558	5443.2001
280.0000	1.2180	0.0000	600.0000	0.0000	197.6282	5444.5737
280.0000	1.2180	0.0000	600.0000	0.0000	187.9124	5445.8666
280.0000	1.2180	0.0000	600.0000	0.0000	188.8167	5447.1660
280.0000	1.2180	0.0000	600.0000	0.0000	195.5817	5448.5263
280.0000	1.2180	0.0000	600.0000	0.0000	189.7236	5449.8056
280.0000	1.2180	0.0000	600.0000	0.0000	198.3633	5451.2104
280.0000	1.2180	0.0000	600.0000	0.0000	185.5648	5452.4687
280.0000	1.2180	0.0000	600.0000	0.0000	194.4523	5453.8110
280.0000	1.2180	0.0000	600.0000	0.0000	190.1528	5455.1352
280.0000	1.2180	0.0000	600.0000	0.0000	193.5001	5456.4404
280.0000	1.2180	0.0000	600.0000	0.0000	196.7199	5457.8120
280.0000	1.2180	0.0000	600.0000	0.0000	186.1160	5459.0805
280.0000	1.2180	0.0000	600.0000	0.0000	197.3895	5460.4531
280.0000	1.2180	0.0000	600.0000	0.0000	188.4692	5461.7426
280.0000	1.2180	0.0000	600.0000	0.0000	194.4813	5463.0854
280.0000	1.2180	0.0000	600.0000	0.0000	190.8125	5464.4199
280.0000	1.2180	0.0000	600.0000	0.0000	189.1193	5465.6870
280.0000	1.2180	0.0000	600.0000	0.0000	197.5901	5467.0649
280.0000	1.2180	0.0000	600.0000	0.0000	188.2644	5468.3554
280.0000	1.2180	0.0000	600.0000	0.0000	198.0173	5469.7314
280.0000	1.2180	0.0000	600.0000	0.0000	187.9302	5471.0209
280.0000	1.2180	0.0000	600.0000	0.0000	190.0372	5472.3242
280.0000	1.2180	0.0000	600.0000	0.0000	193.2095	5473.6821
280.0000	1.2180	0.0000	600.0000	0.0000	187.6036	5474.9609
280.0000	1.2180	0.0000	600.0000	0.0000	199.9801	5476.3505
280.0000	1.2180	0.0000	600.0000	0.0000	186.8400	5477.6083
280.0000	1.2180	0.0000	600.0000	0.0000	196.0494	5478.9506
280.0000	1.2180	0.0000	600.0000	0.0000	191.2615	5480.2905
280.0000	1.2180	0.0000	600.0000	0.0000	191.4135	5481.5976
280.0000	1.2180	0.0000	600.0000	0.0000	195.0113	5482.9692
280.0000	1.2180	0.0000	600.0000	0.0000	184.6656	5484.2187
280.0000	1.2180	0.0000	600.0000	0.0000	195.6365	5485.5927
280.0000	1.2180	0.0000	600.0000	0.0000	189.6788	5486.8813
280.0000	1.2180	0.0000	600.0000	0.0000	196.3132	5488.2246
280.0000	1.2180	0.0000	600.0000	0.0000	192.2551	5489.5756
280.0000	1.2180	0.0000	600.0000	0.0000	187.4660	5490.8437
280.0000	1.2180	0.0000	600.0000	0.0000	196.2558	5492.2221
280.0000	1.2180	0.0000	600.0000	0.0000	186.7539	5493.4941
280.0000	1.2180	0.0000	600.0000	0.0000	196.5651	5494.8715
280.0000	1.2180	0.0000	600.0000	0.0000	189.7006	5496.1606
280.0000	1.2180	0.0000	600.0000	0.0000	192.5740	5497.4628
280.0000	1.2180	0.0000	600.0000	0.0000	195.0224	5498.8203
280.0000	1.2180	0.0000	600.0000	0.0000	189.3928	5500.1171
280.0000	1.2180	0.0000	600.0000	0.0000	198.4944	5501.5063
280.0000	1.2180	0.0000	600.0000	0.0000	185.4494	5502.7631
280.0000	1.2180	0.0000	600.0000	0.0000	194.8139	5504.1088
280.0000	1.2180	0.0000	600.0000	0.0000	190.0495	5505.4287
280.0000	1.2180	0.0000	600.0000	0.0000	190.5414	5506.7363
280.0000	1.2180	0.0000	600.0000	0.0000	196.8883	5508.1069
280.0000	1.2180	0.0000	600.0000	0.0000	186.7702	5509.3579
280.0000	1.2180	0.0000	600.0000	0.0000	198.4027	5510.7324
280.0000	1.2180	0.0000	600.0000	0.0000	188.9047	5512.0375
280.0000	1.2180	0.0000	600.0000	0.0000	195.5104	5513.3828
280.0000	1.2180	0.0000	600.0000	0.0000	191.2776	5514.7138
280.0000	1.2180	0.0000	600.0000	0.0000	186.3262	5515.9829
280.0000	1.2180	0.0000	600.0000	0.0000	197.8294	5517.3603
280.0000	1.2180	0.0000	600.0000	0.0000	188.4065	5518.6323
280.0000	1.2180	0.0000	600.0000	0.0000	198.3423	5520.0283
280.0000	1.2180	0.0000	600.0000	0.0000	187.5690	5521.3134
280.0000	1.2180	0.0000	600.0000	0.0000	190.2659	5522.6196
280.0000	1.2180	0.0000	600.0000	0.0000	192.8867	5523.9765
280.0000	1.2180	0.0000	600.0000	0.0000	187.0214	5525.2558
280.0000	1.2180	0.0000	600.0000	0.0000	199.4341	5526.6440
280.0000	1.2180	0.0000	600.0000	0.0000	186.4900	5527.9179
280.0000	1.2180	0.0000	600.0000	0.0000	195.9546	5529.2656
280.0000	1.2180	0.0000	600.0000	0.0000	190.4515	5530.5839
280.0000	1.2180	0.0000	600.0000	0.0000	191.0326	5531.8920
280.0000	1.2180	0.0000	600.0000	0.0000	193.7050	5533.2622
280.0000	1.2180	0.0000	600.0000	0.0000	187.0476	5534.5126
280.0000	1.2180	0.0000	600.0000	0.0000	197.9746	5535.8872
280.0000	1.2180	0.0000	600.0000	0.0000	188.8220	5537.1918
280.0000	1.2180	0.0000	600.0000	0.0000	195.7714	5538.5410
280.0000	1.2180	0.0000	600.0000	0.0000	190.8708	5539.8681
280.0000	1.2180	0.0000	600.0000	0.0000	186.8786	5541.1376
280.0000	1.2180	0.0000	600.0000	0.0000	195.2148	5542.5161
280.0000	1.2180	0.0000	600.0000	0.0000	188.9112	5543.7871
280.0000	1.2180	0.0000	600.0000	0.0000	198.8976	5545.1655
280.0000	1.2180	0.0000	600.0000	0.0000	188.1184	5546.4682
280.0000	1.2180	0.0000	600.0000	0.0000	191.6527	5547.7783
280.0000	1.2180	0.0000	600.0000	0.0000	193.5856	5549.1313
280.0000	1.2180	0.0000	600.0000	0.0000	188.3571	5550.4125
280.0000	1.2180	0.0000	600.0000	0.0000	196.4005	5551.7998
280.0000	1.2180	0.0000	600.0000	0.0000	187.1524	5553.0556
280.0000	1.2180	0.0000	600.0000	0.0000	193.2194	5554.4038
280.0000	1.2180	0.0000	600.0000	0.0000	191.4406	5555.7392
280.0000	1.2180	0.0000	600.0000	0.0000	192.0999	5557.0522
280.0000	1.2180	0.0000	600.0000	0.0000	194.8014	5558.4179
280.0000	1.2180	0.0000	600.0000	0.0000	185.0475	5559.6689
280.0000	1.2180	0.0000	600.0000	0.0000	196.2282	5561.0454
280.0000	1.2180	0.0000	600.0000	0.0000	189.9253	5562.3310
280.0000	1.2180	0.0000	600.0000	0.0000	196.7676	5563.6992
280.0000	1.2180	0.0000	600.0000	0.0000	191.3235	5565.0229
280.0000	1.2180	0.0000	600.0000	0.0000	187.8303	5566.2963
280.0000	1.2180	0.0000	600.0000	0.0000	195.4112	5567.6718
280.0000	1.2180	0.0000	600.0000	0.0000	186.0693	5568.9443
280.0000	1.2180	0.0000	600.0000	0.0000	199.8131	5570.3247
280.0000	1.2180	0.0000	600.0000	0.0000	188.2004	5571.6245
280.0000	1.2180	0.0000	600.0000	0.0000	192.2584	5572.9370
280.0000	1.2180	0.0000	600.0000	0.0000	193.2053	5574.2871
280.0000	1.2180	0.0000	600.0000	0.0000	188.5879	5575.5703
280.0000	1.2180	0.0000	600.0000	0.0000	196.2567	5576.9575
280.0000	1.2180	0.0000	600.0000	0.0000	186.6143	5578.2109
280.0000	1.2180	0.0000	600.0000	0.0000	196.8840	5579.5634
280.0000	1.2180	0.0000	600.0000	0.0000	190.5621	5580.8950
280.0000	1.2180	0.0000	600.0000	0.0000	192.6302	5582.2099
280.0000	1.2180	0.0000	600.0000	0.0000	194.1096	5583.5727
280.0000	1.2180	0.0000	600.0000	0.0000	184.2579	5584.8237
280.0000	1.2180	0.0000	600.0000	0.0000	195.2412	5586.2031
280.0000	1.2180	0.0000	600.0000	0.0000	189.2232	5587.4858
280.0000	1.2180	0.0000	600.0000	0.0000	196.7870	5588.8569
280.0000	1.2180	0.0000	600.0000	0.0000	190.7873	5590.1782
280.0000	1.2180	0.0000	600.0000	0.0000	187.7864	5591.4526
280.0000	1.2180	0.0000	600.0000	0.0000	195.2853	5592.8286
280.0000	1.2180	0.0000	600.0000	0.0000	186.4233	5594.1015
280.0000	1.2180	0.0000	600.0000	0.0000	200.0317	5595.4829
280.0000	1.2180	0.0000	600.0000	0.0000	188.2349	5596.7792
280.0000	1.2180	0.0000	600.0000	0.0000	192.5606	5598.0942
280.0000	1.2180	0.0000	600.0000	0.0000	193.1425	5599.4423
280.0000	1.2180	0.0000	600.0000	0.0000	188.7279	5600.7270
280.0000	1.2180	0.0000	600.0000	0.0000	196.7927	5602.1142
280.0000	1.2180	0.0000	600.0000	0.0000	187.0229	5603.3657
280.0000	1.2180	0.0000	600.0000	0.0000	197.0520	5604.7202
280.0000	1.2180	0.0000	600.0000	0.0000	190.9828	5606.0502
280.0000	1.2180	0.0000	600.0000	0.0000	192.7216	5607.3671
280.0000	1.2180	0.0000	600.0000	0.0000	194.1940	5608.7290
280.0000	1.2180	0.0000	600.0000	0.0000	184.3285	5609.9804
280.0000	1.2180	0.0000	600.0000	0.0000	195.5696	5611.3603
280.0000	1.2180	0.0000	600.0000	0.0000	189.3625	5612.6416
280.0000	1.2180	0.0000	600.0000	0.0000	197.2579	5613.9956
280.0000	1.2180	0.0000	600.0000	0.0000	190.9297	5615.3330
280.0000	1.2180	0.0000	600.0000	0.0000	188.2467	5616.6093
280.0000	1.2180	0.0000	600.0000	0.0000	195.2557	5617.9848
280.0000	1.2180	0.0000	600.0000	0.0000	186.8768	5619.2583
280.0000	1.2180	0.0000	600.0000	0.0000	196.6090	5620.6391
280.0000	1.2180	0.0000	600.0000	0.0000	188.4689	5621.9169
280.0000	1.2180	0.0000	600.0000	0.0000	193.5693	5623.2329
280.0000	1.2180	0.0000	600.0000	0.0000	193.8009	5624.5791
280.0000	1.2180	0.0000	600.0000	0.0000	190.2473	5625.8647
280.0000	1.2180	0.0000	600.0000	0.0000	197.6493	5627.2685
280.0000	1.2180	0.0000	600.0000	0.0000	185.2292	5628.5209
280.0000	1.2180	0.0000	600.0000	0.0000	195.5571	5629.8774
280.0000	1.2180	0.0000	600.0000	0.0000	189.4924	5631.1875
280.0000	1.2180	0.0000	600.0000	0.0000	191.4574	5632.5043
280.0000	1.2180	0.0000	600.0000	0.0000	196.2343	5633.8662
280.0000	1.2180	0.0000	600.0000	0.0000	186.8248	5635.1171
280.0000	1.2180	0.0000	600.0000	0.0000	197.8009	5636.5141
280.0000	1.2180	0.0000	600.0000	0.0000	188.0171	5637.7954
280.0000	1.2180	0.0000	600.0000	0.0000	196.0509	5639.1523
280.0000	1.2180	0.0000	600.0000	0.0000	189.4445	5640.4697
280.0000	1.2180	0.0000	600.0000	0.0000	186.6730	5641.7460
280.0000	1.2180	0.0000	600.0000	0.0000	197.1914	5643.1210
280.0000	1.2180	0.0000	600.0000	0.0000	188.6048	5644.4101
280.0000	1.2180	0.0000	600.0000	0.0000	198.7144	5645.7944
280.0000	1.2180	0.0000	600.0000	0.0000	186.5845	5647.0698
280.0000	1.2180	0.0000	600.0000	0.0000	191.0014	5648.3872
280.0000	1.2180	0.0000	600.0000	0.0000	191.0740	5649.7333
280.0000	1.2180	0.0000	600.0000	0.0000	191.1809	5651.0200
280.0000	1.2180	0.0000	600.0000	0.0000	198.1461	5652.4047
280.0000	1.2180	0.0000	600.0000	0.0000	185.8898	5653.6748
280.0000	1.2180	0.0000	600.0000	0.0000	196.5877	5655.0336
280.0000	1.2180	0.0000	600.0000	0.0000	189.7545	5656.3408
280.0000	1.2180	0.0000	600.0000	0.0000	192.7532	5657.6616
280.0000	1.2180	0.0000	600.0000	0.0000	193.0367	5659.0195
280.0000	1.2180	0.0000	600.0000	0.0000	184.3196	5660.2724
280.0000	1.2180	0.0000	600.0000	0.0000	198.3146	5661.6523
280.0000	1.2180	0.0000	600.0000	0.0000	188.2415	5662.9497
280.0000	1.2180	0.0000	600.0000	0.0000	196.8080	5664.3090
280.0000	1.2180	0.0000	600.0000	0.0000	189.4826	5665.6230
280.0000	1.2180	0.0000	600.0000	0.0000	187.6881	5666.9042
280.0000	1.2180	0.0000	600.0000	0.0000	197.1002	5668.2763
280.0000	1.2180	0.0000	600.0000	0.0000	188.8215	5669.5488
280.0000	1.2180	0.0000	600.0000	0.0000	198.5867	5670.9516
280.0000	1.2180	0.0000	600.0000	0.0000	186.4262	5672.2241
280.0000	1.2180	0.0000	600.0000	0.0000	191.7464	5673.5463
280.0000	1.2180	0.0000	600.0000	0.0000	191.2909	5674.8891
280.0000	1.2180	0.0000	600.0000	0.0000	191.3663	5676.1777
280.0000	1.2180	0.0000	600.0000	0.0000	198.1962	5677.5795
280.0000	1.2180	0.0000	600.0000	0.0000	185.1406	5678.8305
280.0000	1.2180	0.0000	600.0000	0.0000	195.7474	5680.1904
280.0000	1.2180	0.0000	600.0000	0.0000	188.1813	5681.4956
280.0000	1.2180	0.0000	600.0000	0.0000	195.0089	5682.8183
280.0000	1.2180	0.0000	600.0000	0.0000	194.7220	5684.1738
280.0000	1.2180	0.0000	600.0000	0.0000	186.3965	5685.4462
280.0000	1.2180	0.0000	600.0000	0.0000	197.1960	5686.8276
280.0000	1.2180	0.0000	600.0000	0.0000	187.1054	5688.1035
280.0000	1.2180	0.0000	600.0000	0.0000	195.2810	5689.4648
280.0000	1.2180	0.0000	600.0000	0.0000	190.9763	5690.7773
280.0000	1.2180	0.0000	600.0000	0.0000	189.8557	5692.0786
280.0000	1.2180	0.0000	600.0000	0.0000	195.9099	5693.4487
280.0000	1.2180	0.0000	600.0000	0.0000	187.8235	5694.7216
280.0000	1.2180	0.0000	600.0000	0.0000	197.3037	5696.1074
280.0000	1.2180	0.0000	600.0000	0.0000	188.1464	5697.3774
280.0000	1.2180	0.0000	600.0000	0.0000	194.2373	5698.7006
280.0000	1.2180	0.0000	600.0000	0.0000	193.0505	5700.0590
280.0000	1.2180	0.0000	600.0000	0.0000	189.9331	5701.3510
280.0000	1.2180	0.0000	600.0000	0.0000	196.4671	5702.7333
280.0000	1.2180	0.0000	600.0000	0.0000	184.2178	5703.9833
280.0000	1.2180	0.0000	600.0000	0.0000	194.9331	5705.3461
280.0000	1.2180	0.0000	600.0000	0.0000	190.7187	5706.6489
280.0000	1.2180	0.0000	600.0000	0.0000	194.3559	5707.9946
280.0000	1.2180	0.0000	600.0000	0.0000	193.1982	5709.3437
280.0000	1.2180	0.0000	600.0000	0.0000	185.7570	5710.6010
280.0000	1.2180	0.0000	600.0000	0.0000	196.1665	5711.9819
280.0000	1.2180	0.0000	600.0000	0.0000	189.1581	5713.2578
280.0000	1.2180	0.0000	600.0000	0.0000	198.1200	5714.6210
280.0000	1.2180	0.0000	600.0000	0.0000	189.7662	5715.9458
280.0000	1.2180	0.0000	600.0000	0.0000	189.1027	5717.2343
280.0000	1.2180	0.0000	600.0000	0.0000	194.8854	5718.6020
280.0000	1.2180	0.0000	600.0000	0.0000	187.2230	5719.8764
280.0000	1.2180	0.0000	600.0000	0.0000	196.9551	5721.2631
280.0000	1.2180	0.0000	600.0000	0.0000	187.6994	5722.5302
280.0000	1.2180	0.0000	600.0000	0.0000	194.5616	5723.8579
280.0000	1.2180	0.0000	600.0000	0.0000	192.7260	5725.2133
280.0000	1.2180	0.0000	600.0000	0.0000	190.6872	5726.5073
280.0000	1.2180	0.0000	600.0000	0.0000	196.6629	5727.8876
280.0000	1.2180	0.0000	600.0000	0.0000	184.8576	5729.1367
280.0000	1.2180	0.0000	600.0000	0.0000	195.2947	5730.5019
280.0000	1.2180	0.0000	600.0000